call_id,timestamp,region,call_type,call_duration,priority_level,agent_available,weather_flag,is_holiday,call_volume_next_interval,hour,day_of_week,is_weekend,lag_1,rolling_call_count,moving_avg_3
0,2025-01-01 00:00:00,South,Medical,630,3,15,Severe,0,44,0,2,0,0.0,0.0,0.0
1,2025-01-01 00:05:00,South,Police,613,2,10,Normal,0,23,0,2,0,44.0,0.0,0.0
2,2025-01-01 00:10:00,Central,Fire,960,4,14,Severe,0,42,0,2,0,23.0,109.0,36.333333333333336
3,2025-01-01 00:15:00,East,Medical,543,3,29,Severe,0,35,0,2,0,42.0,100.0,33.333333333333336
4,2025-01-01 00:20:00,West,Other,113,1,22,Normal,0,15,0,2,0,35.0,92.0,30.666666666666668
5,2025-01-01 00:25:00,West,Medical,808,3,12,Normal,0,16,0,2,0,15.0,66.0,22.0
6,2025-01-01 00:30:00,South,Fire,965,4,14,Severe,0,35,0,2,0,16.0,66.0,22.0
7,2025-01-01 00:35:00,South,Other,369,1,20,Normal,0,25,0,2,0,35.0,76.0,25.333333333333332
8,2025-01-01 00:40:00,Central,Police,416,2,17,Normal,0,25,0,2,0,25.0,85.0,28.333333333333332
9,2025-01-01 00:45:00,East,Medical,691,3,7,Normal,0,24,0,2,0,25.0,74.0,24.666666666666668
10,2025-01-01 00:50:00,West,Other,367,1,6,Normal,0,28,0,2,0,24.0,77.0,25.666666666666668
11,2025-01-01 00:55:00,West,Police,746,2,5,Normal,0,22,0,2,0,28.0,74.0,24.666666666666668
12,2025-01-01 01:00:00,East,Police,214,2,14,Severe,0,48,1,2,0,22.0,98.0,32.666666666666664
13,2025-01-01 01:05:00,Central,Police,684,2,27,Normal,0,27,1,2,0,48.0,97.0,32.333333333333336
14,2025-01-01 01:10:00,West,Other,144,1,29,Normal,0,21,1,2,0,27.0,96.0,32.0
15,2025-01-01 01:15:00,East,Medical,647,3,29,Normal,0,16,1,2,0,21.0,64.0,21.333333333333332
16,2025-01-01 01:20:00,West,Medical,558,3,11,Normal,0,16,1,2,0,16.0,53.0,17.666666666666668
17,2025-01-01 01:25:00,South,Medical,673,3,28,Normal,0,20,1,2,0,16.0,52.0,17.333333333333332
18,2025-01-01 01:30:00,North,Medical,380,3,21,Normal,0,16,1,2,0,20.0,52.0,17.333333333333332
19,2025-01-01 01:35:00,Central,Fire,1071,4,10,Normal,1,36,1,2,0,16.0,72.0,24.0
20,2025-01-01 01:40:00,Central,Police,397,2,26,Normal,0,24,1,2,0,36.0,76.0,25.333333333333332
21,2025-01-01 01:45:00,Central,Other,351,1,8,Normal,0,25,1,2,0,24.0,85.0,28.333333333333332
22,2025-01-01 01:50:00,West,Other,227,1,11,Normal,0,16,1,2,0,25.0,65.0,21.666666666666668
23,2025-01-01 01:55:00,South,Medical,443,3,20,Normal,0,18,1,2,0,16.0,59.0,19.666666666666668
24,2025-01-01 02:00:00,West,Police,359,2,27,Normal,0,16,2,2,0,18.0,50.0,16.666666666666668
25,2025-01-01 02:05:00,West,Medical,719,3,10,Normal,0,26,2,2,0,16.0,60.0,20.0
26,2025-01-01 02:10:00,North,Medical,637,3,6,Normal,0,18,2,2,0,26.0,60.0,20.0
27,2025-01-01 02:15:00,North,Fire,903,4,12,Normal,0,16,2,2,0,18.0,60.0,20.0
28,2025-01-01 02:20:00,East,Police,221,2,18,Normal,0,21,2,2,0,16.0,55.0,18.333333333333332
29,2025-01-01 02:25:00,East,Police,483,2,19,Severe,0,40,2,2,0,21.0,77.0,25.666666666666668
30,2025-01-01 02:30:00,East,Police,711,2,21,Normal,0,23,2,2,0,40.0,84.0,28.0
31,2025-01-01 02:35:00,West,Medical,579,3,21,Normal,1,30,2,2,0,23.0,93.0,31.0
32,2025-01-01 02:40:00,North,Medical,427,3,22,Normal,0,17,2,2,0,30.0,70.0,23.333333333333332
33,2025-01-01 02:45:00,South,Police,354,2,14,Severe,0,44,2,2,0,17.0,91.0,30.333333333333332
34,2025-01-01 02:50:00,Central,Medical,837,3,7,Normal,0,23,2,2,0,44.0,84.0,28.0
35,2025-01-01 02:55:00,West,Police,520,2,12,Normal,0,12,2,2,0,23.0,79.0,26.333333333333332
36,2025-01-01 03:00:00,West,Police,250,2,29,Normal,0,26,3,2,0,12.0,61.0,20.333333333333332
37,2025-01-01 03:05:00,East,Medical,563,3,25,Severe,0,35,3,2,0,26.0,73.0,24.333333333333332
38,2025-01-01 03:10:00,West,Fire,1055,4,17,Severe,0,39,3,2,0,35.0,100.0,33.333333333333336
39,2025-01-01 03:15:00,South,Medical,416,3,27,Normal,1,33,3,2,0,39.0,107.0,35.666666666666664
40,2025-01-01 03:20:00,North,Police,471,2,11,Normal,0,19,3,2,0,33.0,91.0,30.333333333333332
41,2025-01-01 03:25:00,South,Medical,385,3,29,Normal,0,23,3,2,0,19.0,75.0,25.0
42,2025-01-01 03:30:00,West,Medical,517,3,20,Normal,0,13,3,2,0,23.0,55.0,18.333333333333332
43,2025-01-01 03:35:00,South,Police,299,2,6,Normal,0,19,3,2,0,13.0,55.0,18.333333333333332
44,2025-01-01 03:40:00,Central,Police,215,2,28,Normal,0,28,3,2,0,19.0,60.0,20.0
45,2025-01-01 03:45:00,West,Police,579,2,5,Severe,0,48,3,2,0,28.0,95.0,31.666666666666668
46,2025-01-01 03:50:00,North,Police,242,2,16,Normal,0,29,3,2,0,48.0,105.0,35.0
47,2025-01-01 03:55:00,South,Police,289,2,12,Normal,0,18,3,2,0,29.0,95.0,31.666666666666668
48,2025-01-01 04:00:00,West,Police,692,2,15,Normal,0,18,4,2,0,18.0,65.0,21.666666666666668
49,2025-01-01 04:05:00,South,Fire,591,4,7,Normal,0,24,4,2,0,18.0,60.0,20.0
50,2025-01-01 04:10:00,Central,Medical,824,3,27,Normal,1,32,4,2,0,24.0,74.0,24.666666666666668
51,2025-01-01 04:15:00,North,Medical,318,3,21,Normal,0,27,4,2,0,32.0,83.0,27.666666666666668
52,2025-01-01 04:20:00,West,Other,151,1,23,Severe,0,47,4,2,0,27.0,106.0,35.333333333333336
53,2025-01-01 04:25:00,West,Police,683,2,25,Normal,0,13,4,2,0,47.0,87.0,29.0
54,2025-01-01 04:30:00,South,Fire,614,4,15,Normal,0,13,4,2,0,13.0,73.0,24.333333333333332
55,2025-01-01 04:35:00,North,Medical,818,3,18,Severe,0,44,4,2,0,13.0,70.0,23.333333333333332
56,2025-01-01 04:40:00,Central,Police,621,2,23,Normal,0,25,4,2,0,44.0,82.0,27.333333333333332
57,2025-01-01 04:45:00,North,Police,269,2,23,Normal,0,26,4,2,0,25.0,95.0,31.666666666666668
58,2025-01-01 04:50:00,East,Medical,519,3,24,Normal,0,19,4,2,0,26.0,70.0,23.333333333333332
59,2025-01-01 04:55:00,Central,Medical,804,3,21,Normal,0,22,4,2,0,19.0,67.0,22.333333333333332
60,2025-01-01 05:00:00,Central,Other,248,1,20,Normal,0,19,5,2,0,22.0,60.0,20.0
61,2025-01-01 05:05:00,West,Medical,346,3,13,Severe,0,29,5,2,0,19.0,70.0,23.333333333333332
62,2025-01-01 05:10:00,East,Medical,657,3,16,Normal,0,18,5,2,0,29.0,66.0,22.0
63,2025-01-01 05:15:00,South,Medical,839,3,9,Normal,0,15,5,2,0,18.0,62.0,20.666666666666668
64,2025-01-01 05:20:00,North,Fire,860,4,20,Severe,1,58,5,2,0,15.0,91.0,30.333333333333332
65,2025-01-01 05:25:00,South,Medical,541,3,17,Severe,0,44,5,2,0,58.0,117.0,39.0
66,2025-01-01 05:30:00,North,Medical,581,3,29,Normal,0,24,5,2,0,44.0,126.0,42.0
67,2025-01-01 05:35:00,East,Medical,704,3,20,Normal,1,41,5,2,0,24.0,109.0,36.333333333333336
68,2025-01-01 05:40:00,East,Police,764,2,9,Normal,0,20,5,2,0,41.0,85.0,28.333333333333332
69,2025-01-01 05:45:00,North,Other,304,1,8,Normal,0,16,5,2,0,20.0,77.0,25.666666666666668
70,2025-01-01 05:50:00,South,Fire,837,4,26,Normal,0,22,5,2,0,16.0,58.0,19.333333333333332
71,2025-01-01 05:55:00,North,Medical,602,3,27,Normal,0,13,5,2,0,22.0,51.0,17.0
72,2025-01-01 06:00:00,West,Other,197,1,22,Normal,0,23,6,2,0,13.0,58.0,19.333333333333332
73,2025-01-01 06:05:00,North,Police,741,2,27,Normal,0,27,6,2,0,23.0,63.0,21.0
74,2025-01-01 06:10:00,North,Fire,907,4,24,Normal,0,24,6,2,0,27.0,74.0,24.666666666666668
75,2025-01-01 06:15:00,East,Police,310,2,29,Severe,0,40,6,2,0,24.0,91.0,30.333333333333332
76,2025-01-01 06:20:00,West,Medical,580,3,7,Normal,0,19,6,2,0,40.0,83.0,27.666666666666668
77,2025-01-01 06:25:00,South,Medical,833,3,25,Normal,0,16,6,2,0,19.0,75.0,25.0
78,2025-01-01 06:30:00,North,Police,272,2,29,Normal,0,18,6,2,0,16.0,53.0,17.666666666666668
79,2025-01-01 06:35:00,Central,Medical,556,3,12,Normal,0,20,6,2,0,18.0,54.0,18.0
80,2025-01-01 06:40:00,South,Police,277,2,28,Normal,0,16,6,2,0,20.0,54.0,18.0
81,2025-01-01 06:45:00,East,Other,337,1,15,Normal,0,14,6,2,0,16.0,50.0,16.666666666666668
82,2025-01-01 06:50:00,North,Police,227,2,14,Normal,0,19,6,2,0,14.0,49.0,16.333333333333332
83,2025-01-01 06:55:00,North,Other,311,1,29,Normal,0,13,6,2,0,19.0,46.0,15.333333333333334
84,2025-01-01 07:00:00,South,Police,568,2,16,Normal,0,20,7,2,0,13.0,52.0,17.333333333333332
85,2025-01-01 07:05:00,South,Medical,614,3,17,Normal,0,18,7,2,0,20.0,51.0,17.0
86,2025-01-01 07:10:00,East,Medical,649,3,28,Severe,0,37,7,2,0,18.0,75.0,25.0
87,2025-01-01 07:15:00,West,Other,105,1,6,Normal,0,20,7,2,0,37.0,75.0,25.0
88,2025-01-01 07:20:00,North,Police,591,2,23,Severe,0,40,7,2,0,20.0,97.0,32.333333333333336
89,2025-01-01 07:25:00,West,Medical,389,3,18,Normal,0,16,7,2,0,40.0,76.0,25.333333333333332
90,2025-01-01 07:30:00,East,Police,209,2,9,Normal,0,15,7,2,0,16.0,71.0,23.666666666666668
91,2025-01-01 07:35:00,North,Medical,628,3,21,Severe,0,37,7,2,0,15.0,68.0,22.666666666666668
92,2025-01-01 07:40:00,North,Other,335,1,22,Normal,0,21,7,2,0,37.0,73.0,24.333333333333332
93,2025-01-01 07:45:00,East,Other,159,1,12,Normal,0,29,7,2,0,21.0,87.0,29.0
94,2025-01-01 07:50:00,South,Other,188,1,17,Normal,0,15,7,2,0,29.0,65.0,21.666666666666668
95,2025-01-01 07:55:00,East,Police,222,2,19,Normal,0,19,7,2,0,15.0,63.0,21.0
96,2025-01-01 08:00:00,Central,Other,138,1,23,Normal,0,28,8,2,0,19.0,62.0,20.666666666666668
97,2025-01-01 08:05:00,West,Police,488,2,24,Normal,0,34,8,2,0,28.0,81.0,27.0
98,2025-01-01 08:10:00,North,Medical,897,3,6,Normal,0,33,8,2,0,34.0,95.0,31.666666666666668
99,2025-01-01 08:15:00,West,Fire,1095,4,19,Normal,0,27,8,2,0,33.0,94.0,31.333333333333332
100,2025-01-01 08:20:00,South,Medical,591,3,15,Normal,0,25,8,2,0,27.0,85.0,28.333333333333332
101,2025-01-01 08:25:00,South,Other,317,1,17,Normal,0,44,8,2,0,25.0,96.0,32.0
102,2025-01-01 08:30:00,East,Other,232,1,28,Normal,0,26,8,2,0,44.0,95.0,31.666666666666668
103,2025-01-01 08:35:00,North,Fire,428,4,18,Normal,0,35,8,2,0,26.0,105.0,35.0
104,2025-01-01 08:40:00,Central,Medical,719,3,26,Severe,0,49,8,2,0,35.0,110.0,36.666666666666664
105,2025-01-01 08:45:00,Central,Medical,608,3,13,Normal,0,27,8,2,0,49.0,111.0,37.0
106,2025-01-01 08:50:00,West,Police,274,2,10,Normal,0,32,8,2,0,27.0,108.0,36.0
107,2025-01-01 08:55:00,East,Medical,478,3,26,Normal,0,34,8,2,0,32.0,93.0,31.0
108,2025-01-01 09:00:00,North,Police,355,2,22,Normal,0,29,9,2,0,34.0,95.0,31.666666666666668
109,2025-01-01 09:05:00,West,Police,559,2,21,Normal,0,44,9,2,0,29.0,107.0,35.666666666666664
110,2025-01-01 09:10:00,East,Medical,584,3,21,Normal,0,28,9,2,0,44.0,101.0,33.666666666666664
111,2025-01-01 09:15:00,East,Fire,593,4,26,Normal,0,31,9,2,0,28.0,103.0,34.333333333333336
112,2025-01-01 09:20:00,North,Medical,354,3,11,Normal,0,31,9,2,0,31.0,90.0,30.0
113,2025-01-01 09:25:00,North,Medical,775,3,22,Normal,0,38,9,2,0,31.0,100.0,33.333333333333336
114,2025-01-01 09:30:00,East,Police,527,2,26,Normal,0,31,9,2,0,38.0,100.0,33.333333333333336
115,2025-01-01 09:35:00,South,Other,187,1,18,Normal,0,38,9,2,0,31.0,107.0,35.666666666666664
116,2025-01-01 09:40:00,South,Medical,450,3,25,Normal,0,23,9,2,0,38.0,92.0,30.666666666666668
117,2025-01-01 09:45:00,South,Other,296,1,24,Normal,0,31,9,2,0,23.0,92.0,30.666666666666668
118,2025-01-01 09:50:00,West,Police,455,2,13,Normal,0,28,9,2,0,31.0,82.0,27.333333333333332
119,2025-01-01 09:55:00,North,Other,219,1,18,Normal,0,42,9,2,0,28.0,101.0,33.666666666666664
120,2025-01-01 10:00:00,North,Police,436,2,29,Normal,0,20,10,2,0,42.0,90.0,30.0
121,2025-01-01 10:05:00,Central,Medical,445,3,25,Normal,0,20,10,2,0,20.0,82.0,27.333333333333332
122,2025-01-01 10:10:00,South,Police,541,2,25,Normal,0,11,10,2,0,20.0,51.0,17.0
123,2025-01-01 10:15:00,Central,Police,654,2,14,Normal,0,23,10,2,0,11.0,54.0,18.0
124,2025-01-01 10:20:00,South,Medical,662,3,5,Normal,0,18,10,2,0,23.0,52.0,17.333333333333332
125,2025-01-01 10:25:00,East,Medical,412,3,11,Normal,0,16,10,2,0,18.0,57.0,19.0
126,2025-01-01 10:30:00,Central,Fire,1161,4,8,Severe,0,38,10,2,0,16.0,72.0,24.0
127,2025-01-01 10:35:00,North,Police,700,2,13,Normal,0,30,10,2,0,38.0,84.0,28.0
128,2025-01-01 10:40:00,South,Fire,530,4,22,Normal,0,20,10,2,0,30.0,88.0,29.333333333333332
129,2025-01-01 10:45:00,East,Medical,316,3,14,Normal,0,17,10,2,0,20.0,67.0,22.333333333333332
130,2025-01-01 10:50:00,East,Police,280,2,27,Normal,0,13,10,2,0,17.0,50.0,16.666666666666668
131,2025-01-01 10:55:00,North,Other,146,1,14,Normal,0,22,10,2,0,13.0,52.0,17.333333333333332
132,2025-01-01 11:00:00,Central,Police,697,2,27,Severe,0,41,11,2,0,22.0,76.0,25.333333333333332
133,2025-01-01 11:05:00,East,Other,372,1,18,Normal,0,11,11,2,0,41.0,74.0,24.666666666666668
134,2025-01-01 11:10:00,Central,Police,382,2,27,Normal,0,14,11,2,0,11.0,66.0,22.0
135,2025-01-01 11:15:00,North,Police,360,2,20,Normal,0,20,11,2,0,14.0,45.0,15.0
136,2025-01-01 11:20:00,South,Medical,440,3,22,Normal,0,19,11,2,0,20.0,53.0,17.666666666666668
137,2025-01-01 11:25:00,Central,Fire,671,4,28,Normal,0,24,11,2,0,19.0,63.0,21.0
138,2025-01-01 11:30:00,West,Police,202,2,17,Normal,0,13,11,2,0,24.0,56.0,18.666666666666668
139,2025-01-01 11:35:00,North,Medical,884,3,19,Normal,0,17,11,2,0,13.0,54.0,18.0
140,2025-01-01 11:40:00,East,Other,325,1,29,Normal,0,24,11,2,0,17.0,54.0,18.0
141,2025-01-01 11:45:00,Central,Other,206,1,6,Normal,0,19,11,2,0,24.0,60.0,20.0
142,2025-01-01 11:50:00,North,Police,219,2,21,Normal,0,24,11,2,0,19.0,67.0,22.333333333333332
143,2025-01-01 11:55:00,East,Other,368,1,28,Normal,0,24,11,2,0,24.0,67.0,22.333333333333332
144,2025-01-01 12:00:00,East,Medical,494,3,29,Normal,0,19,12,2,0,24.0,67.0,22.333333333333332
145,2025-01-01 12:05:00,East,Medical,423,3,19,Normal,0,18,12,2,0,19.0,61.0,20.333333333333332
146,2025-01-01 12:10:00,Central,Medical,892,3,22,Normal,0,10,12,2,0,18.0,47.0,15.666666666666666
147,2025-01-01 12:15:00,South,Police,488,2,10,Normal,0,21,12,2,0,10.0,49.0,16.333333333333332
148,2025-01-01 12:20:00,North,Medical,856,3,29,Normal,0,16,12,2,0,21.0,47.0,15.666666666666666
149,2025-01-01 12:25:00,Central,Other,348,1,23,Normal,0,23,12,2,0,16.0,60.0,20.0
150,2025-01-01 12:30:00,South,Other,305,1,17,Normal,0,25,12,2,0,23.0,64.0,21.333333333333332
151,2025-01-01 12:35:00,North,Police,559,2,6,Normal,0,17,12,2,0,25.0,65.0,21.666666666666668
152,2025-01-01 12:40:00,South,Fire,811,4,19,Normal,0,24,12,2,0,17.0,66.0,22.0
153,2025-01-01 12:45:00,South,Other,291,1,21,Normal,0,29,12,2,0,24.0,70.0,23.333333333333332
154,2025-01-01 12:50:00,East,Other,369,1,19,Normal,0,20,12,2,0,29.0,73.0,24.333333333333332
155,2025-01-01 12:55:00,Central,Medical,378,3,23,Normal,1,26,12,2,0,20.0,75.0,25.0
156,2025-01-01 13:00:00,West,Fire,796,4,13,Normal,0,15,13,2,0,26.0,61.0,20.333333333333332
157,2025-01-01 13:05:00,South,Police,283,2,26,Normal,0,23,13,2,0,15.0,64.0,21.333333333333332
158,2025-01-01 13:10:00,Central,Other,183,1,10,Normal,0,32,13,2,0,23.0,70.0,23.333333333333332
159,2025-01-01 13:15:00,South,Medical,823,3,22,Normal,0,17,13,2,0,32.0,72.0,24.0
160,2025-01-01 13:20:00,North,Medical,819,3,19,Normal,0,33,13,2,0,17.0,82.0,27.333333333333332
161,2025-01-01 13:25:00,South,Police,757,2,19,Normal,0,17,13,2,0,33.0,67.0,22.333333333333332
162,2025-01-01 13:30:00,West,Police,700,2,25,Normal,0,14,13,2,0,17.0,64.0,21.333333333333332
163,2025-01-01 13:35:00,South,Fire,1006,4,10,Normal,0,19,13,2,0,14.0,50.0,16.666666666666668
164,2025-01-01 13:40:00,North,Police,662,2,20,Normal,0,13,13,2,0,19.0,46.0,15.333333333333334
165,2025-01-01 13:45:00,South,Medical,301,3,5,Normal,0,18,13,2,0,13.0,50.0,16.666666666666668
166,2025-01-01 13:50:00,South,Other,189,1,18,Normal,0,7,13,2,0,18.0,38.0,12.666666666666666
167,2025-01-01 13:55:00,East,Medical,372,3,11,Normal,0,30,13,2,0,7.0,55.0,18.333333333333332
168,2025-01-01 14:00:00,East,Fire,858,4,24,Normal,0,22,14,2,0,30.0,59.0,19.666666666666668
169,2025-01-01 14:05:00,North,Medical,313,3,15,Normal,0,24,14,2,0,22.0,76.0,25.333333333333332
170,2025-01-01 14:10:00,East,Medical,866,3,18,Normal,0,22,14,2,0,24.0,68.0,22.666666666666668
171,2025-01-01 14:15:00,East,Medical,848,3,28,Normal,0,24,14,2,0,22.0,70.0,23.333333333333332
172,2025-01-01 14:20:00,Central,Fire,606,4,5,Normal,1,28,14,2,0,24.0,74.0,24.666666666666668
173,2025-01-01 14:25:00,West,Police,563,2,24,Normal,0,31,14,2,0,28.0,83.0,27.666666666666668
174,2025-01-01 14:30:00,South,Police,711,2,8,Normal,0,20,14,2,0,31.0,79.0,26.333333333333332
175,2025-01-01 14:35:00,East,Medical,567,3,7,Severe,0,38,14,2,0,20.0,89.0,29.666666666666668
176,2025-01-01 14:40:00,West,Other,186,1,14,Normal,0,23,14,2,0,38.0,81.0,27.0
177,2025-01-01 14:45:00,West,Fire,413,4,28,Severe,0,40,14,2,0,23.0,101.0,33.666666666666664
178,2025-01-01 14:50:00,North,Other,165,1,7,Normal,0,13,14,2,0,40.0,76.0,25.333333333333332
179,2025-01-01 14:55:00,Central,Medical,586,3,15,Normal,0,24,14,2,0,13.0,77.0,25.666666666666668
180,2025-01-01 15:00:00,West,Other,356,1,9,Normal,0,18,15,2,0,24.0,55.0,18.333333333333332
181,2025-01-01 15:05:00,West,Medical,406,3,9,Normal,0,23,15,2,0,18.0,65.0,21.666666666666668
182,2025-01-01 15:10:00,West,Other,207,1,24,Normal,0,24,15,2,0,23.0,65.0,21.666666666666668
183,2025-01-01 15:15:00,Central,Police,234,2,10,Normal,0,20,15,2,0,24.0,67.0,22.333333333333332
184,2025-01-01 15:20:00,West,Medical,541,3,28,Normal,0,13,15,2,0,20.0,57.0,19.0
185,2025-01-01 15:25:00,East,Fire,827,4,10,Normal,0,21,15,2,0,13.0,54.0,18.0
186,2025-01-01 15:30:00,South,Police,207,2,22,Normal,0,17,15,2,0,21.0,51.0,17.0
187,2025-01-01 15:35:00,South,Police,318,2,15,Normal,0,15,15,2,0,17.0,53.0,17.666666666666668
188,2025-01-01 15:40:00,North,Police,200,2,23,Normal,0,21,15,2,0,15.0,53.0,17.666666666666668
189,2025-01-01 15:45:00,West,Medical,874,3,13,Normal,0,22,15,2,0,21.0,58.0,19.333333333333332
190,2025-01-01 15:50:00,North,Medical,680,3,10,Severe,0,45,15,2,0,22.0,88.0,29.333333333333332
191,2025-01-01 15:55:00,North,Medical,664,3,15,Normal,0,24,15,2,0,45.0,91.0,30.333333333333332
192,2025-01-01 16:00:00,North,Medical,442,3,25,Normal,0,22,16,2,0,24.0,91.0,30.333333333333332
193,2025-01-01 16:05:00,East,Medical,566,3,7,Normal,0,21,16,2,0,22.0,67.0,22.333333333333332
194,2025-01-01 16:10:00,Central,Other,216,1,29,Normal,0,24,16,2,0,21.0,67.0,22.333333333333332
195,2025-01-01 16:15:00,East,Police,525,2,18,Normal,0,21,16,2,0,24.0,66.0,22.0
196,2025-01-01 16:20:00,East,Medical,623,3,25,Severe,0,49,16,2,0,21.0,94.0,31.333333333333332
197,2025-01-01 16:25:00,Central,Medical,838,3,19,Normal,0,15,16,2,0,49.0,85.0,28.333333333333332
198,2025-01-01 16:30:00,South,Medical,389,3,29,Normal,0,13,16,2,0,15.0,77.0,25.666666666666668
199,2025-01-01 16:35:00,North,Police,497,2,28,Normal,0,15,16,2,0,13.0,43.0,14.333333333333334
200,2025-01-01 16:40:00,Central,Police,340,2,27,Normal,1,40,16,2,0,15.0,68.0,22.666666666666668
201,2025-01-01 16:45:00,South,Medical,883,3,28,Normal,0,21,16,2,0,40.0,76.0,25.333333333333332
202,2025-01-01 16:50:00,East,Other,266,1,14,Normal,0,24,16,2,0,21.0,85.0,28.333333333333332
203,2025-01-01 16:55:00,Central,Medical,782,3,16,Normal,0,14,16,2,0,24.0,59.0,19.666666666666668
204,2025-01-01 17:00:00,East,Police,359,2,15,Normal,0,13,17,2,0,14.0,51.0,17.0
205,2025-01-01 17:05:00,South,Medical,562,3,25,Normal,0,21,17,2,0,13.0,48.0,16.0
206,2025-01-01 17:10:00,East,Other,287,1,18,Normal,0,19,17,2,0,21.0,53.0,17.666666666666668
207,2025-01-01 17:15:00,West,Medical,652,3,8,Normal,0,21,17,2,0,19.0,61.0,20.333333333333332
208,2025-01-01 17:20:00,West,Fire,1041,4,9,Normal,0,16,17,2,0,21.0,56.0,18.666666666666668
209,2025-01-01 17:25:00,East,Police,580,2,7,Normal,0,17,17,2,0,16.0,54.0,18.0
210,2025-01-01 17:30:00,East,Police,315,2,12,Normal,0,18,17,2,0,17.0,51.0,17.0
211,2025-01-01 17:35:00,North,Medical,745,3,29,Normal,0,31,17,2,0,18.0,66.0,22.0
212,2025-01-01 17:40:00,West,Other,217,1,9,Normal,0,20,17,2,0,31.0,69.0,23.0
213,2025-01-01 17:45:00,West,Police,655,2,11,Normal,0,16,17,2,0,20.0,67.0,22.333333333333332
214,2025-01-01 17:50:00,Central,Medical,780,3,27,Normal,0,20,17,2,0,16.0,56.0,18.666666666666668
215,2025-01-01 17:55:00,North,Police,379,2,27,Normal,0,13,17,2,0,20.0,49.0,16.333333333333332
216,2025-01-01 18:00:00,West,Other,111,1,19,Normal,0,24,18,2,0,13.0,57.0,19.0
217,2025-01-01 18:05:00,South,Other,233,1,7,Normal,0,32,18,2,0,24.0,69.0,23.0
218,2025-01-01 18:10:00,South,Medical,765,3,18,Normal,0,21,18,2,0,32.0,77.0,25.666666666666668
219,2025-01-01 18:15:00,North,Other,369,1,5,Normal,1,51,18,2,0,21.0,104.0,34.666666666666664
220,2025-01-01 18:20:00,North,Other,240,1,25,Normal,0,24,18,2,0,51.0,96.0,32.0
221,2025-01-01 18:25:00,Central,Police,327,2,17,Normal,0,30,18,2,0,24.0,105.0,35.0
222,2025-01-01 18:30:00,Central,Medical,429,3,27,Normal,0,26,18,2,0,30.0,80.0,26.666666666666668
223,2025-01-01 18:35:00,South,Fire,1089,4,28,Normal,0,35,18,2,0,26.0,91.0,30.333333333333332
224,2025-01-01 18:40:00,West,Medical,562,3,20,Normal,0,24,18,2,0,35.0,85.0,28.333333333333332
225,2025-01-01 18:45:00,Central,Police,420,2,24,Normal,0,32,18,2,0,24.0,91.0,30.333333333333332
226,2025-01-01 18:50:00,Central,Medical,454,3,26,Normal,0,34,18,2,0,32.0,90.0,30.0
227,2025-01-01 18:55:00,South,Medical,704,3,26,Normal,0,35,18,2,0,34.0,101.0,33.666666666666664
228,2025-01-01 19:00:00,Central,Medical,512,3,22,Normal,0,33,19,2,0,35.0,102.0,34.0
229,2025-01-01 19:05:00,North,Medical,694,3,25,Normal,0,19,19,2,0,33.0,87.0,29.0
230,2025-01-01 19:10:00,West,Medical,893,3,12,Normal,0,30,19,2,0,19.0,82.0,27.333333333333332
231,2025-01-01 19:15:00,South,Other,204,1,21,Normal,0,37,19,2,0,30.0,86.0,28.666666666666668
232,2025-01-01 19:20:00,North,Other,331,1,25,Severe,0,57,19,2,0,37.0,124.0,41.333333333333336
233,2025-01-01 19:25:00,North,Police,372,2,23,Normal,0,28,19,2,0,57.0,122.0,40.666666666666664
234,2025-01-01 19:30:00,North,Police,584,2,17,Severe,0,49,19,2,0,28.0,134.0,44.666666666666664
235,2025-01-01 19:35:00,West,Medical,698,3,23,Normal,0,28,19,2,0,49.0,105.0,35.0
236,2025-01-01 19:40:00,South,Medical,667,3,21,Normal,0,24,19,2,0,28.0,101.0,33.666666666666664
237,2025-01-01 19:45:00,South,Medical,681,3,8,Normal,0,32,19,2,0,24.0,84.0,28.0
238,2025-01-01 19:50:00,South,Medical,787,3,6,Normal,0,30,19,2,0,32.0,86.0,28.666666666666668
239,2025-01-01 19:55:00,West,Medical,821,3,19,Normal,0,34,19,2,0,30.0,96.0,32.0
240,2025-01-01 20:00:00,West,Medical,713,3,24,Normal,0,21,20,2,0,34.0,85.0,28.333333333333332
241,2025-01-01 20:05:00,East,Police,421,2,27,Normal,0,38,20,2,0,21.0,93.0,31.0
242,2025-01-01 20:10:00,Central,Other,337,1,11,Normal,0,31,20,2,0,38.0,90.0,30.0
243,2025-01-01 20:15:00,North,Other,384,1,17,Normal,0,27,20,2,0,31.0,96.0,32.0
244,2025-01-01 20:20:00,West,Police,620,2,5,Normal,0,25,20,2,0,27.0,83.0,27.666666666666668
245,2025-01-01 20:25:00,West,Police,327,2,9,Normal,0,31,20,2,0,25.0,83.0,27.666666666666668
246,2025-01-01 20:30:00,South,Police,672,2,14,Normal,0,22,20,2,0,31.0,78.0,26.0
247,2025-01-01 20:35:00,Central,Police,797,2,14,Normal,0,32,20,2,0,22.0,85.0,28.333333333333332
248,2025-01-01 20:40:00,South,Police,219,2,15,Normal,0,34,20,2,0,32.0,88.0,29.333333333333332
249,2025-01-01 20:45:00,South,Medical,680,3,8,Normal,0,29,20,2,0,34.0,95.0,31.666666666666668
250,2025-01-01 20:50:00,Central,Medical,704,3,14,Normal,0,31,20,2,0,29.0,94.0,31.333333333333332
251,2025-01-01 20:55:00,West,Police,714,2,28,Normal,0,35,20,2,0,31.0,95.0,31.666666666666668
252,2025-01-01 21:00:00,South,Police,358,2,23,Normal,0,23,21,2,0,35.0,89.0,29.666666666666668
253,2025-01-01 21:05:00,South,Police,218,2,20,Normal,0,11,21,2,0,23.0,69.0,23.0
254,2025-01-01 21:10:00,West,Medical,775,3,19,Normal,0,23,21,2,0,11.0,57.0,19.0
255,2025-01-01 21:15:00,West,Fire,446,4,19,Severe,1,57,21,2,0,23.0,91.0,30.333333333333332
256,2025-01-01 21:20:00,Central,Medical,872,3,14,Normal,0,18,21,2,0,57.0,98.0,32.666666666666664
257,2025-01-01 21:25:00,Central,Police,625,2,7,Normal,0,17,21,2,0,18.0,92.0,30.666666666666668
258,2025-01-01 21:30:00,North,Fire,1103,4,9,Normal,0,25,21,2,0,17.0,60.0,20.0
259,2025-01-01 21:35:00,West,Police,381,2,18,Normal,0,27,21,2,0,25.0,69.0,23.0
260,2025-01-01 21:40:00,West,Medical,707,3,16,Normal,0,24,21,2,0,27.0,76.0,25.333333333333332
261,2025-01-01 21:45:00,South,Medical,481,3,14,Normal,0,17,21,2,0,24.0,68.0,22.666666666666668
262,2025-01-01 21:50:00,East,Medical,549,3,15,Normal,0,15,21,2,0,17.0,56.0,18.666666666666668
263,2025-01-01 21:55:00,South,Police,402,2,24,Normal,0,19,21,2,0,15.0,51.0,17.0
264,2025-01-01 22:00:00,North,Fire,420,4,22,Normal,0,18,22,2,0,19.0,52.0,17.333333333333332
265,2025-01-01 22:05:00,East,Other,260,1,22,Normal,0,15,22,2,0,18.0,52.0,17.333333333333332
266,2025-01-01 22:10:00,North,Police,772,2,6,Normal,0,13,22,2,0,15.0,46.0,15.333333333333334
267,2025-01-01 22:15:00,South,Medical,497,3,6,Normal,0,24,22,2,0,13.0,52.0,17.333333333333332
268,2025-01-01 22:20:00,South,Medical,443,3,20,Normal,0,29,22,2,0,24.0,66.0,22.0
269,2025-01-01 22:25:00,West,Medical,542,3,21,Normal,0,17,22,2,0,29.0,70.0,23.333333333333332
270,2025-01-01 22:30:00,West,Police,575,2,12,Normal,0,15,22,2,0,17.0,61.0,20.333333333333332
271,2025-01-01 22:35:00,North,Police,225,2,21,Normal,0,26,22,2,0,15.0,58.0,19.333333333333332
272,2025-01-01 22:40:00,North,Medical,526,3,10,Normal,0,19,22,2,0,26.0,60.0,20.0
273,2025-01-01 22:45:00,Central,Other,367,1,14,Normal,0,19,22,2,0,19.0,64.0,21.333333333333332
274,2025-01-01 22:50:00,North,Medical,537,3,12,Normal,0,24,22,2,0,19.0,62.0,20.666666666666668
275,2025-01-01 22:55:00,East,Medical,582,3,22,Normal,0,21,22,2,0,24.0,64.0,21.333333333333332
276,2025-01-01 23:00:00,Central,Police,459,2,10,Normal,0,21,23,2,0,21.0,66.0,22.0
277,2025-01-01 23:05:00,North,Fire,932,4,17,Normal,1,26,23,2,0,21.0,68.0,22.666666666666668
278,2025-01-01 23:10:00,East,Police,581,2,9,Severe,0,32,23,2,0,26.0,79.0,26.333333333333332
279,2025-01-01 23:15:00,North,Fire,763,4,16,Normal,1,26,23,2,0,32.0,84.0,28.0
280,2025-01-01 23:20:00,West,Other,289,1,5,Normal,0,20,23,2,0,26.0,78.0,26.0
281,2025-01-01 23:25:00,South,Police,478,2,20,Normal,0,18,23,2,0,20.0,64.0,21.333333333333332
282,2025-01-01 23:30:00,Central,Police,265,2,7,Normal,0,16,23,2,0,18.0,54.0,18.0
283,2025-01-01 23:35:00,East,Police,342,2,25,Normal,0,16,23,2,0,16.0,50.0,16.666666666666668
284,2025-01-01 23:40:00,South,Police,450,2,27,Normal,0,24,23,2,0,16.0,56.0,18.666666666666668
285,2025-01-01 23:45:00,Central,Police,746,2,23,Normal,0,18,23,2,0,24.0,58.0,19.333333333333332
286,2025-01-01 23:50:00,South,Other,249,1,20,Normal,1,33,23,2,0,18.0,75.0,25.0
287,2025-01-01 23:55:00,West,Medical,626,3,18,Severe,0,47,23,2,0,33.0,98.0,32.666666666666664
288,2025-01-02 00:00:00,West,Medical,736,3,8,Normal,0,25,0,3,0,47.0,105.0,35.0
289,2025-01-02 00:05:00,East,Medical,633,3,13,Normal,0,17,0,3,0,25.0,89.0,29.666666666666668
290,2025-01-02 00:10:00,North,Other,354,1,27,Severe,0,48,0,3,0,17.0,90.0,30.0
291,2025-01-02 00:15:00,East,Other,149,1,25,Normal,0,17,0,3,0,48.0,82.0,27.333333333333332
292,2025-01-02 00:20:00,North,Police,400,2,13,Normal,0,25,0,3,0,17.0,90.0,30.0
293,2025-01-02 00:25:00,Central,Police,623,2,16,Normal,0,26,0,3,0,25.0,68.0,22.666666666666668
294,2025-01-02 00:30:00,West,Fire,631,4,25,Normal,0,14,0,3,0,26.0,65.0,21.666666666666668
295,2025-01-02 00:35:00,West,Medical,705,3,16,Normal,0,23,0,3,0,14.0,63.0,21.0
296,2025-01-02 00:40:00,North,Police,286,2,10,Normal,0,30,0,3,0,23.0,67.0,22.333333333333332
297,2025-01-02 00:45:00,South,Other,192,1,17,Normal,0,18,0,3,0,30.0,71.0,23.666666666666668
298,2025-01-02 00:50:00,North,Police,248,2,18,Normal,0,21,0,3,0,18.0,69.0,23.0
299,2025-01-02 00:55:00,Central,Fire,1103,4,14,Normal,0,25,0,3,0,21.0,64.0,21.333333333333332
300,2025-01-02 01:00:00,North,Other,376,1,23,Severe,0,38,1,3,0,25.0,84.0,28.0
301,2025-01-02 01:05:00,West,Police,783,2,12,Normal,0,28,1,3,0,38.0,91.0,30.333333333333332
302,2025-01-02 01:10:00,South,Other,349,1,9,Normal,0,22,1,3,0,28.0,88.0,29.333333333333332
303,2025-01-02 01:15:00,North,Police,523,2,5,Normal,0,10,1,3,0,22.0,60.0,20.0
304,2025-01-02 01:20:00,West,Other,342,1,19,Normal,0,14,1,3,0,10.0,46.0,15.333333333333334
305,2025-01-02 01:25:00,East,Police,465,2,18,Normal,0,22,1,3,0,14.0,46.0,15.333333333333334
306,2025-01-02 01:30:00,West,Police,713,2,10,Severe,0,42,1,3,0,22.0,78.0,26.0
307,2025-01-02 01:35:00,West,Medical,610,3,17,Severe,0,47,1,3,0,42.0,111.0,37.0
308,2025-01-02 01:40:00,North,Police,704,2,10,Severe,0,46,1,3,0,47.0,135.0,45.0
309,2025-01-02 01:45:00,North,Medical,329,3,16,Normal,0,19,1,3,0,46.0,112.0,37.333333333333336
310,2025-01-02 01:50:00,South,Medical,417,3,8,Normal,0,19,1,3,0,19.0,84.0,28.0
311,2025-01-02 01:55:00,West,Medical,492,3,19,Normal,0,20,1,3,0,19.0,58.0,19.333333333333332
312,2025-01-02 02:00:00,East,Medical,774,3,15,Normal,0,22,2,3,0,20.0,61.0,20.333333333333332
313,2025-01-02 02:05:00,West,Police,685,2,5,Normal,0,21,2,3,0,22.0,63.0,21.0
314,2025-01-02 02:10:00,East,Police,756,2,8,Normal,0,34,2,3,0,21.0,77.0,25.666666666666668
315,2025-01-02 02:15:00,East,Medical,424,3,19,Normal,0,28,2,3,0,34.0,83.0,27.666666666666668
316,2025-01-02 02:20:00,West,Medical,386,3,10,Normal,0,25,2,3,0,28.0,87.0,29.0
317,2025-01-02 02:25:00,Central,Other,377,1,8,Normal,0,31,2,3,0,25.0,84.0,28.0
318,2025-01-02 02:30:00,Central,Other,141,1,6,Normal,1,34,2,3,0,31.0,90.0,30.0
319,2025-01-02 02:35:00,West,Medical,438,3,11,Normal,0,11,2,3,0,34.0,76.0,25.333333333333332
320,2025-01-02 02:40:00,West,Fire,672,4,7,Normal,0,15,2,3,0,11.0,60.0,20.0
321,2025-01-02 02:45:00,Central,Police,719,2,9,Normal,0,21,2,3,0,15.0,47.0,15.666666666666666
322,2025-01-02 02:50:00,Central,Fire,645,4,25,Normal,0,27,2,3,0,21.0,63.0,21.0
323,2025-01-02 02:55:00,North,Other,111,1,10,Normal,0,11,2,3,0,27.0,59.0,19.666666666666668
324,2025-01-02 03:00:00,South,Fire,986,4,5,Normal,0,26,3,3,0,11.0,64.0,21.333333333333332
325,2025-01-02 03:05:00,East,Police,281,2,23,Normal,0,21,3,3,0,26.0,58.0,19.333333333333332
326,2025-01-02 03:10:00,North,Medical,636,3,21,Normal,0,24,3,3,0,21.0,71.0,23.666666666666668
327,2025-01-02 03:15:00,Central,Police,693,2,27,Normal,0,17,3,3,0,24.0,62.0,20.666666666666668
328,2025-01-02 03:20:00,South,Medical,425,3,25,Normal,0,23,3,3,0,17.0,64.0,21.333333333333332
329,2025-01-02 03:25:00,North,Police,362,2,23,Normal,0,17,3,3,0,23.0,57.0,19.0
330,2025-01-02 03:30:00,East,Police,224,2,9,Severe,0,30,3,3,0,17.0,70.0,23.333333333333332
331,2025-01-02 03:35:00,West,Police,303,2,27,Normal,0,22,3,3,0,30.0,69.0,23.0
332,2025-01-02 03:40:00,East,Medical,487,3,17,Normal,0,19,3,3,0,22.0,71.0,23.666666666666668
333,2025-01-02 03:45:00,South,Medical,674,3,6,Normal,0,30,3,3,0,19.0,71.0,23.666666666666668
334,2025-01-02 03:50:00,Central,Police,707,2,6,Normal,0,10,3,3,0,30.0,59.0,19.666666666666668
335,2025-01-02 03:55:00,East,Medical,530,3,25,Normal,0,28,3,3,0,10.0,68.0,22.666666666666668
336,2025-01-02 04:00:00,East,Medical,612,3,29,Normal,0,16,4,3,0,28.0,54.0,18.0
337,2025-01-02 04:05:00,South,Other,153,1,24,Normal,0,20,4,3,0,16.0,64.0,21.333333333333332
338,2025-01-02 04:10:00,Central,Other,121,1,8,Normal,0,19,4,3,0,20.0,55.0,18.333333333333332
339,2025-01-02 04:15:00,South,Medical,653,3,15,Normal,0,17,4,3,0,19.0,56.0,18.666666666666668
340,2025-01-02 04:20:00,Central,Medical,395,3,26,Normal,0,13,4,3,0,17.0,49.0,16.333333333333332
341,2025-01-02 04:25:00,Central,Other,256,1,15,Normal,0,25,4,3,0,13.0,55.0,18.333333333333332
342,2025-01-02 04:30:00,West,Police,340,2,23,Normal,0,21,4,3,0,25.0,59.0,19.666666666666668
343,2025-01-02 04:35:00,South,Medical,474,3,27,Normal,0,32,4,3,0,21.0,78.0,26.0
344,2025-01-02 04:40:00,East,Other,380,1,13,Normal,0,15,4,3,0,32.0,68.0,22.666666666666668
345,2025-01-02 04:45:00,Central,Fire,939,4,13,Normal,0,22,4,3,0,15.0,69.0,23.0
346,2025-01-02 04:50:00,North,Medical,312,3,22,Normal,0,22,4,3,0,22.0,59.0,19.666666666666668
347,2025-01-02 04:55:00,East,Police,299,2,17,Normal,0,23,4,3,0,22.0,67.0,22.333333333333332
348,2025-01-02 05:00:00,West,Police,227,2,10,Normal,0,19,5,3,0,23.0,64.0,21.333333333333332
349,2025-01-02 05:05:00,West,Medical,534,3,7,Normal,0,23,5,3,0,19.0,65.0,21.666666666666668
350,2025-01-02 05:10:00,Central,Police,724,2,9,Normal,0,24,5,3,0,23.0,66.0,22.0
351,2025-01-02 05:15:00,West,Medical,470,3,29,Normal,0,18,5,3,0,24.0,65.0,21.666666666666668
352,2025-01-02 05:20:00,West,Medical,764,3,12,Normal,1,37,5,3,0,18.0,79.0,26.333333333333332
353,2025-01-02 05:25:00,North,Medical,433,3,11,Normal,0,21,5,3,0,37.0,76.0,25.333333333333332
354,2025-01-02 05:30:00,West,Police,211,2,20,Normal,0,24,5,3,0,21.0,82.0,27.333333333333332
355,2025-01-02 05:35:00,East,Medical,630,3,12,Normal,0,21,5,3,0,24.0,66.0,22.0
356,2025-01-02 05:40:00,West,Other,256,1,6,Normal,0,19,5,3,0,21.0,64.0,21.333333333333332
357,2025-01-02 05:45:00,West,Other,218,1,9,Normal,0,11,5,3,0,19.0,51.0,17.0
358,2025-01-02 05:50:00,North,Medical,389,3,16,Normal,0,22,5,3,0,11.0,52.0,17.333333333333332
359,2025-01-02 05:55:00,East,Medical,755,3,12,Normal,0,25,5,3,0,22.0,58.0,19.333333333333332
360,2025-01-02 06:00:00,West,Medical,737,3,29,Normal,0,22,6,3,0,25.0,69.0,23.0
361,2025-01-02 06:05:00,Central,Fire,760,4,15,Normal,0,11,6,3,0,22.0,58.0,19.333333333333332
362,2025-01-02 06:10:00,Central,Other,145,1,9,Normal,0,17,6,3,0,11.0,50.0,16.666666666666668
363,2025-01-02 06:15:00,Central,Fire,402,4,10,Severe,0,45,6,3,0,17.0,73.0,24.333333333333332
364,2025-01-02 06:20:00,North,Medical,551,3,20,Normal,0,25,6,3,0,45.0,87.0,29.0
365,2025-01-02 06:25:00,Central,Fire,418,4,27,Severe,0,40,6,3,0,25.0,110.0,36.666666666666664
366,2025-01-02 06:30:00,West,Medical,726,3,11,Normal,0,24,6,3,0,40.0,89.0,29.666666666666668
367,2025-01-02 06:35:00,West,Medical,811,3,14,Severe,0,42,6,3,0,24.0,106.0,35.333333333333336
368,2025-01-02 06:40:00,East,Medical,454,3,29,Normal,0,24,6,3,0,42.0,90.0,30.0
369,2025-01-02 06:45:00,North,Police,603,2,25,Normal,0,30,6,3,0,24.0,96.0,32.0
370,2025-01-02 06:50:00,North,Police,315,2,24,Normal,0,19,6,3,0,30.0,73.0,24.333333333333332
371,2025-01-02 06:55:00,North,Medical,653,3,28,Normal,0,24,6,3,0,19.0,73.0,24.333333333333332
372,2025-01-02 07:00:00,East,Fire,987,4,23,Severe,0,41,7,3,0,24.0,84.0,28.0
373,2025-01-02 07:05:00,West,Other,183,1,19,Normal,0,27,7,3,0,41.0,92.0,30.666666666666668
374,2025-01-02 07:10:00,West,Police,674,2,8,Normal,0,16,7,3,0,27.0,84.0,28.0
375,2025-01-02 07:15:00,East,Other,288,1,8,Normal,0,19,7,3,0,16.0,62.0,20.666666666666668
376,2025-01-02 07:20:00,North,Fire,580,4,28,Normal,0,22,7,3,0,19.0,57.0,19.0
377,2025-01-02 07:25:00,North,Medical,865,3,10,Severe,0,38,7,3,0,22.0,79.0,26.333333333333332
378,2025-01-02 07:30:00,Central,Fire,783,4,23,Severe,0,34,7,3,0,38.0,94.0,31.333333333333332
379,2025-01-02 07:35:00,West,Police,542,2,22,Normal,0,17,7,3,0,34.0,89.0,29.666666666666668
380,2025-01-02 07:40:00,North,Medical,678,3,19,Normal,0,16,7,3,0,17.0,67.0,22.333333333333332
381,2025-01-02 07:45:00,Central,Medical,571,3,27,Severe,0,45,7,3,0,16.0,78.0,26.0
382,2025-01-02 07:50:00,North,Medical,779,3,14,Normal,0,15,7,3,0,45.0,76.0,25.333333333333332
383,2025-01-02 07:55:00,East,Police,301,2,21,Normal,0,30,7,3,0,15.0,90.0,30.0
384,2025-01-02 08:00:00,South,Police,295,2,11,Normal,0,28,8,3,0,30.0,73.0,24.333333333333332
385,2025-01-02 08:05:00,North,Medical,776,3,13,Severe,0,54,8,3,0,28.0,112.0,37.333333333333336
386,2025-01-02 08:10:00,Central,Other,164,1,21,Normal,0,33,8,3,0,54.0,115.0,38.333333333333336
387,2025-01-02 08:15:00,South,Medical,342,3,24,Normal,0,35,8,3,0,33.0,122.0,40.666666666666664
388,2025-01-02 08:20:00,West,Police,367,2,23,Normal,0,32,8,3,0,35.0,100.0,33.333333333333336
389,2025-01-02 08:25:00,East,Other,179,1,15,Normal,0,30,8,3,0,32.0,97.0,32.333333333333336
390,2025-01-02 08:30:00,East,Police,718,2,18,Normal,0,27,8,3,0,30.0,89.0,29.666666666666668
391,2025-01-02 08:35:00,Central,Medical,582,3,16,Normal,0,18,8,3,0,27.0,75.0,25.0
392,2025-01-02 08:40:00,East,Medical,349,3,20,Normal,0,34,8,3,0,18.0,79.0,26.333333333333332
393,2025-01-02 08:45:00,West,Other,183,1,26,Normal,0,20,8,3,0,34.0,72.0,24.0
394,2025-01-02 08:50:00,Central,Medical,328,3,28,Normal,0,35,8,3,0,20.0,89.0,29.666666666666668
395,2025-01-02 08:55:00,South,Medical,617,3,13,Normal,0,30,8,3,0,35.0,85.0,28.333333333333332
396,2025-01-02 09:00:00,West,Medical,686,3,14,Normal,0,29,9,3,0,30.0,94.0,31.333333333333332
397,2025-01-02 09:05:00,South,Police,494,2,19,Normal,0,32,9,3,0,29.0,91.0,30.333333333333332
398,2025-01-02 09:10:00,West,Medical,713,3,25,Normal,1,33,9,3,0,32.0,94.0,31.333333333333332
399,2025-01-02 09:15:00,North,Police,525,2,13,Severe,0,44,9,3,0,33.0,109.0,36.333333333333336
400,2025-01-02 09:20:00,Central,Other,249,1,23,Normal,0,22,9,3,0,44.0,99.0,33.0
401,2025-01-02 09:25:00,North,Medical,748,3,21,Normal,0,31,9,3,0,22.0,97.0,32.333333333333336
402,2025-01-02 09:30:00,South,Medical,536,3,18,Severe,0,51,9,3,0,31.0,104.0,34.666666666666664
403,2025-01-02 09:35:00,South,Police,618,2,24,Normal,0,50,9,3,0,51.0,132.0,44.0
404,2025-01-02 09:40:00,Central,Police,447,2,21,Severe,0,49,9,3,0,50.0,150.0,50.0
405,2025-01-02 09:45:00,North,Other,210,1,24,Normal,0,33,9,3,0,49.0,132.0,44.0
406,2025-01-02 09:50:00,South,Medical,360,3,22,Normal,0,25,9,3,0,33.0,107.0,35.666666666666664
407,2025-01-02 09:55:00,South,Other,226,1,23,Normal,0,33,9,3,0,25.0,91.0,30.333333333333332
408,2025-01-02 10:00:00,North,Medical,793,3,14,Normal,0,24,10,3,0,33.0,82.0,27.333333333333332
409,2025-01-02 10:05:00,West,Medical,848,3,13,Normal,0,24,10,3,0,24.0,81.0,27.0
410,2025-01-02 10:10:00,East,Police,619,2,22,Normal,0,19,10,3,0,24.0,67.0,22.333333333333332
411,2025-01-02 10:15:00,East,Police,404,2,8,Severe,0,28,10,3,0,19.0,71.0,23.666666666666668
412,2025-01-02 10:20:00,West,Medical,302,3,18,Normal,0,20,10,3,0,28.0,67.0,22.333333333333332
413,2025-01-02 10:25:00,Central,Medical,320,3,22,Normal,0,28,10,3,0,20.0,76.0,25.333333333333332
414,2025-01-02 10:30:00,Central,Medical,439,3,28,Normal,0,22,10,3,0,28.0,70.0,23.333333333333332
415,2025-01-02 10:35:00,North,Other,131,1,27,Normal,0,23,10,3,0,22.0,73.0,24.333333333333332
416,2025-01-02 10:40:00,North,Medical,436,3,10,Normal,1,31,10,3,0,23.0,76.0,25.333333333333332
417,2025-01-02 10:45:00,East,Fire,1125,4,13,Normal,0,22,10,3,0,31.0,76.0,25.333333333333332
418,2025-01-02 10:50:00,Central,Medical,896,3,6,Normal,0,15,10,3,0,22.0,68.0,22.666666666666668
419,2025-01-02 10:55:00,North,Fire,815,4,14,Normal,0,17,10,3,0,15.0,54.0,18.0
420,2025-01-02 11:00:00,South,Police,739,2,15,Normal,0,22,11,3,0,17.0,54.0,18.0
421,2025-01-02 11:05:00,West,Police,562,2,13,Normal,0,18,11,3,0,22.0,57.0,19.0
422,2025-01-02 11:10:00,South,Medical,653,3,23,Normal,0,20,11,3,0,18.0,60.0,20.0
423,2025-01-02 11:15:00,Central,Medical,581,3,21,Normal,0,23,11,3,0,20.0,61.0,20.333333333333332
424,2025-01-02 11:20:00,North,Other,292,1,21,Normal,0,27,11,3,0,23.0,70.0,23.333333333333332
425,2025-01-02 11:25:00,Central,Police,615,2,20,Normal,0,22,11,3,0,27.0,72.0,24.0
426,2025-01-02 11:30:00,North,Other,217,1,13,Normal,0,20,11,3,0,22.0,69.0,23.0
427,2025-01-02 11:35:00,East,Medical,841,3,29,Normal,0,25,11,3,0,20.0,67.0,22.333333333333332
428,2025-01-02 11:40:00,West,Medical,591,3,19,Severe,0,34,11,3,0,25.0,79.0,26.333333333333332
429,2025-01-02 11:45:00,Central,Other,119,1,14,Normal,0,12,11,3,0,34.0,71.0,23.666666666666668
430,2025-01-02 11:50:00,East,Police,706,2,24,Normal,0,18,11,3,0,12.0,64.0,21.333333333333332
431,2025-01-02 11:55:00,South,Police,760,2,13,Normal,0,28,11,3,0,18.0,58.0,19.333333333333332
432,2025-01-02 12:00:00,North,Police,400,2,9,Normal,0,24,12,3,0,28.0,70.0,23.333333333333332
433,2025-01-02 12:05:00,East,Police,243,2,11,Normal,0,22,12,3,0,24.0,74.0,24.666666666666668
434,2025-01-02 12:10:00,East,Fire,889,4,9,Normal,0,18,12,3,0,22.0,64.0,21.333333333333332
435,2025-01-02 12:15:00,East,Medical,819,3,12,Normal,0,17,12,3,0,18.0,57.0,19.0
436,2025-01-02 12:20:00,West,Police,594,2,19,Normal,0,16,12,3,0,17.0,51.0,17.0
437,2025-01-02 12:25:00,South,Other,161,1,10,Normal,0,14,12,3,0,16.0,47.0,15.666666666666666
438,2025-01-02 12:30:00,Central,Other,209,1,17,Normal,0,23,12,3,0,14.0,53.0,17.666666666666668
439,2025-01-02 12:35:00,West,Police,539,2,16,Normal,0,25,12,3,0,23.0,62.0,20.666666666666668
440,2025-01-02 12:40:00,Central,Other,262,1,19,Normal,0,19,12,3,0,25.0,67.0,22.333333333333332
441,2025-01-02 12:45:00,East,Police,654,2,12,Normal,0,22,12,3,0,19.0,66.0,22.0
442,2025-01-02 12:50:00,Central,Medical,326,3,24,Normal,0,23,12,3,0,22.0,64.0,21.333333333333332
443,2025-01-02 12:55:00,East,Other,262,1,19,Severe,0,46,12,3,0,23.0,91.0,30.333333333333332
444,2025-01-02 13:00:00,West,Police,797,2,10,Normal,0,25,13,3,0,46.0,94.0,31.333333333333332
445,2025-01-02 13:05:00,East,Medical,814,3,20,Severe,0,44,13,3,0,25.0,115.0,38.333333333333336
446,2025-01-02 13:10:00,Central,Police,649,2,14,Normal,0,18,13,3,0,44.0,87.0,29.0
447,2025-01-02 13:15:00,East,Other,282,1,9,Normal,0,21,13,3,0,18.0,83.0,27.666666666666668
448,2025-01-02 13:20:00,North,Fire,1077,4,29,Normal,0,19,13,3,0,21.0,58.0,19.333333333333332
449,2025-01-02 13:25:00,South,Medical,374,3,25,Severe,0,47,13,3,0,19.0,87.0,29.0
450,2025-01-02 13:30:00,North,Police,459,2,5,Normal,0,12,13,3,0,47.0,78.0,26.0
451,2025-01-02 13:35:00,Central,Other,211,1,5,Normal,0,19,13,3,0,12.0,78.0,26.0
452,2025-01-02 13:40:00,South,Fire,1141,4,6,Normal,0,31,13,3,0,19.0,62.0,20.666666666666668
453,2025-01-02 13:45:00,West,Medical,595,3,21,Normal,0,21,13,3,0,31.0,71.0,23.666666666666668
454,2025-01-02 13:50:00,Central,Other,254,1,25,Normal,0,26,13,3,0,21.0,78.0,26.0
455,2025-01-02 13:55:00,Central,Other,338,1,27,Normal,0,14,13,3,0,26.0,61.0,20.333333333333332
456,2025-01-02 14:00:00,West,Medical,567,3,21,Severe,0,45,14,3,0,14.0,85.0,28.333333333333332
457,2025-01-02 14:05:00,South,Medical,663,3,6,Normal,0,17,14,3,0,45.0,76.0,25.333333333333332
458,2025-01-02 14:10:00,Central,Police,783,2,12,Normal,0,29,14,3,0,17.0,91.0,30.333333333333332
459,2025-01-02 14:15:00,Central,Medical,359,3,14,Normal,0,16,14,3,0,29.0,62.0,20.666666666666668
460,2025-01-02 14:20:00,Central,Medical,815,3,22,Normal,0,22,14,3,0,16.0,67.0,22.333333333333332
461,2025-01-02 14:25:00,South,Other,110,1,18,Normal,0,15,14,3,0,22.0,53.0,17.666666666666668
462,2025-01-02 14:30:00,East,Medical,745,3,27,Normal,0,21,14,3,0,15.0,58.0,19.333333333333332
463,2025-01-02 14:35:00,South,Medical,525,3,13,Normal,0,17,14,3,0,21.0,53.0,17.666666666666668
464,2025-01-02 14:40:00,Central,Other,139,1,24,Normal,0,22,14,3,0,17.0,60.0,20.0
465,2025-01-02 14:45:00,West,Fire,610,4,11,Normal,0,20,14,3,0,22.0,59.0,19.666666666666668
466,2025-01-02 14:50:00,East,Police,687,2,17,Normal,0,14,14,3,0,20.0,56.0,18.666666666666668
467,2025-01-02 14:55:00,West,Fire,1006,4,26,Normal,0,20,14,3,0,14.0,54.0,18.0
468,2025-01-02 15:00:00,West,Medical,750,3,7,Normal,0,18,15,3,0,20.0,52.0,17.333333333333332
469,2025-01-02 15:05:00,East,Other,355,1,16,Normal,0,14,15,3,0,18.0,52.0,17.333333333333332
470,2025-01-02 15:10:00,North,Medical,586,3,25,Normal,0,24,15,3,0,14.0,56.0,18.666666666666668
471,2025-01-02 15:15:00,South,Police,475,2,24,Normal,0,17,15,3,0,24.0,55.0,18.333333333333332
472,2025-01-02 15:20:00,North,Medical,627,3,22,Normal,0,19,15,3,0,17.0,60.0,20.0
473,2025-01-02 15:25:00,East,Police,428,2,21,Severe,0,42,15,3,0,19.0,78.0,26.0
474,2025-01-02 15:30:00,North,Police,212,2,22,Normal,0,21,15,3,0,42.0,82.0,27.333333333333332
475,2025-01-02 15:35:00,Central,Medical,766,3,24,Normal,0,15,15,3,0,21.0,78.0,26.0
476,2025-01-02 15:40:00,West,Medical,607,3,13,Normal,0,24,15,3,0,15.0,60.0,20.0
477,2025-01-02 15:45:00,North,Police,271,2,16,Normal,0,16,15,3,0,24.0,55.0,18.333333333333332
478,2025-01-02 15:50:00,East,Police,680,2,25,Normal,0,18,15,3,0,16.0,58.0,19.333333333333332
479,2025-01-02 15:55:00,Central,Police,698,2,26,Severe,0,38,15,3,0,18.0,72.0,24.0
480,2025-01-02 16:00:00,Central,Other,162,1,12,Normal,0,19,16,3,0,38.0,75.0,25.0
481,2025-01-02 16:05:00,West,Other,218,1,9,Normal,0,21,16,3,0,19.0,78.0,26.0
482,2025-01-02 16:10:00,South,Fire,969,4,21,Normal,0,17,16,3,0,21.0,57.0,19.0
483,2025-01-02 16:15:00,East,Other,309,1,20,Normal,0,18,16,3,0,17.0,56.0,18.666666666666668
484,2025-01-02 16:20:00,West,Medical,436,3,19,Severe,0,33,16,3,0,18.0,68.0,22.666666666666668
485,2025-01-02 16:25:00,South,Medical,372,3,24,Normal,0,19,16,3,0,33.0,70.0,23.333333333333332
486,2025-01-02 16:30:00,East,Medical,855,3,19,Normal,0,24,16,3,0,19.0,76.0,25.333333333333332
487,2025-01-02 16:35:00,North,Fire,977,4,7,Normal,0,17,16,3,0,24.0,60.0,20.0
488,2025-01-02 16:40:00,Central,Police,493,2,19,Normal,0,25,16,3,0,17.0,66.0,22.0
489,2025-01-02 16:45:00,North,Medical,369,3,21,Normal,0,23,16,3,0,25.0,65.0,21.666666666666668
490,2025-01-02 16:50:00,South,Police,379,2,21,Normal,0,20,16,3,0,23.0,68.0,22.666666666666668
491,2025-01-02 16:55:00,Central,Fire,455,4,17,Normal,0,24,16,3,0,20.0,67.0,22.333333333333332
492,2025-01-02 17:00:00,East,Police,644,2,26,Normal,0,23,17,3,0,24.0,67.0,22.333333333333332
493,2025-01-02 17:05:00,West,Medical,738,3,26,Normal,0,16,17,3,0,23.0,63.0,21.0
494,2025-01-02 17:10:00,South,Other,308,1,26,Normal,0,16,17,3,0,16.0,55.0,18.333333333333332
495,2025-01-02 17:15:00,North,Police,365,2,21,Normal,0,18,17,3,0,16.0,50.0,16.666666666666668
496,2025-01-02 17:20:00,Central,Police,708,2,17,Severe,0,41,17,3,0,18.0,75.0,25.0
497,2025-01-02 17:25:00,South,Police,416,2,6,Normal,0,28,17,3,0,41.0,87.0,29.0
498,2025-01-02 17:30:00,South,Other,372,1,29,Normal,0,19,17,3,0,28.0,88.0,29.333333333333332
499,2025-01-02 17:35:00,East,Police,618,2,21,Normal,0,19,17,3,0,19.0,66.0,22.0
500,2025-01-02 17:40:00,Central,Medical,662,3,22,Normal,0,10,17,3,0,19.0,48.0,16.0
501,2025-01-02 17:45:00,Central,Medical,486,3,20,Normal,0,19,17,3,0,10.0,48.0,16.0
502,2025-01-02 17:50:00,Central,Police,335,2,28,Normal,0,19,17,3,0,19.0,48.0,16.0
503,2025-01-02 17:55:00,West,Other,224,1,29,Normal,1,31,17,3,0,19.0,69.0,23.0
504,2025-01-02 18:00:00,Central,Fire,971,4,6,Normal,0,27,18,3,0,31.0,77.0,25.666666666666668
505,2025-01-02 18:05:00,South,Medical,303,3,27,Normal,0,36,18,3,0,27.0,94.0,31.333333333333332
506,2025-01-02 18:10:00,North,Medical,511,3,10,Normal,0,26,18,3,0,36.0,89.0,29.666666666666668
507,2025-01-02 18:15:00,North,Police,651,2,21,Normal,0,26,18,3,0,26.0,88.0,29.333333333333332
508,2025-01-02 18:20:00,North,Fire,1158,4,15,Normal,0,33,18,3,0,26.0,85.0,28.333333333333332
509,2025-01-02 18:25:00,East,Other,378,1,14,Normal,0,29,18,3,0,33.0,88.0,29.333333333333332
510,2025-01-02 18:30:00,North,Medical,536,3,28,Normal,0,27,18,3,0,29.0,89.0,29.666666666666668
511,2025-01-02 18:35:00,South,Medical,324,3,18,Normal,0,38,18,3,0,27.0,94.0,31.333333333333332
512,2025-01-02 18:40:00,Central,Other,272,1,11,Normal,0,20,18,3,0,38.0,85.0,28.333333333333332
513,2025-01-02 18:45:00,East,Fire,1154,4,22,Normal,0,29,18,3,0,20.0,87.0,29.0
514,2025-01-02 18:50:00,South,Police,532,2,8,Normal,0,27,18,3,0,29.0,76.0,25.333333333333332
515,2025-01-02 18:55:00,West,Fire,1165,4,15,Normal,1,39,18,3,0,27.0,95.0,31.666666666666668
516,2025-01-02 19:00:00,Central,Medical,474,3,16,Normal,0,25,19,3,0,39.0,91.0,30.333333333333332
517,2025-01-02 19:05:00,West,Fire,692,4,7,Normal,0,27,19,3,0,25.0,91.0,30.333333333333332
518,2025-01-02 19:10:00,Central,Other,126,1,27,Normal,0,31,19,3,0,27.0,83.0,27.666666666666668
519,2025-01-02 19:15:00,South,Medical,329,3,17,Normal,0,26,19,3,0,31.0,84.0,28.0
520,2025-01-02 19:20:00,West,Medical,849,3,10,Normal,0,27,19,3,0,26.0,84.0,28.0
521,2025-01-02 19:25:00,South,Medical,886,3,9,Normal,0,23,19,3,0,27.0,76.0,25.333333333333332
522,2025-01-02 19:30:00,West,Other,258,1,7,Normal,0,29,19,3,0,23.0,79.0,26.333333333333332
523,2025-01-02 19:35:00,South,Fire,537,4,6,Normal,0,26,19,3,0,29.0,78.0,26.0
524,2025-01-02 19:40:00,Central,Fire,487,4,5,Normal,0,30,19,3,0,26.0,85.0,28.333333333333332
525,2025-01-02 19:45:00,West,Medical,524,3,15,Normal,0,32,19,3,0,30.0,88.0,29.333333333333332
526,2025-01-02 19:50:00,South,Police,307,2,23,Normal,1,38,19,3,0,32.0,100.0,33.333333333333336
527,2025-01-02 19:55:00,West,Medical,481,3,6,Severe,0,54,19,3,0,38.0,124.0,41.333333333333336
528,2025-01-02 20:00:00,South,Police,560,2,26,Normal,0,23,20,3,0,54.0,115.0,38.333333333333336
529,2025-01-02 20:05:00,West,Police,482,2,13,Normal,0,23,20,3,0,23.0,100.0,33.333333333333336
530,2025-01-02 20:10:00,North,Fire,600,4,14,Normal,1,46,20,3,0,23.0,92.0,30.666666666666668
531,2025-01-02 20:15:00,East,Police,768,2,18,Normal,0,29,20,3,0,46.0,98.0,32.666666666666664
532,2025-01-02 20:20:00,Central,Medical,427,3,16,Normal,0,31,20,3,0,29.0,106.0,35.333333333333336
533,2025-01-02 20:25:00,Central,Police,729,2,10,Normal,0,32,20,3,0,31.0,92.0,30.666666666666668
534,2025-01-02 20:30:00,West,Medical,761,3,11,Normal,0,26,20,3,0,32.0,89.0,29.666666666666668
535,2025-01-02 20:35:00,Central,Medical,826,3,16,Normal,0,27,20,3,0,26.0,85.0,28.333333333333332
536,2025-01-02 20:40:00,East,Fire,1015,4,18,Normal,0,30,20,3,0,27.0,83.0,27.666666666666668
537,2025-01-02 20:45:00,East,Medical,489,3,27,Normal,0,34,20,3,0,30.0,91.0,30.333333333333332
538,2025-01-02 20:50:00,South,Police,707,2,29,Normal,0,31,20,3,0,34.0,95.0,31.666666666666668
539,2025-01-02 20:55:00,East,Police,727,2,7,Normal,0,23,20,3,0,31.0,88.0,29.333333333333332
540,2025-01-02 21:00:00,North,Fire,725,4,12,Normal,0,17,21,3,0,23.0,71.0,23.666666666666668
541,2025-01-02 21:05:00,East,Medical,511,3,17,Normal,0,22,21,3,0,17.0,62.0,20.666666666666668
542,2025-01-02 21:10:00,Central,Medical,385,3,24,Normal,0,13,21,3,0,22.0,52.0,17.333333333333332
543,2025-01-02 21:15:00,South,Police,225,2,27,Normal,0,16,21,3,0,13.0,51.0,17.0
544,2025-01-02 21:20:00,East,Police,638,2,18,Normal,0,13,21,3,0,16.0,42.0,14.0
545,2025-01-02 21:25:00,East,Police,568,2,14,Normal,0,28,21,3,0,13.0,57.0,19.0
546,2025-01-02 21:30:00,East,Other,253,1,10,Severe,0,41,21,3,0,28.0,82.0,27.333333333333332
547,2025-01-02 21:35:00,North,Other,217,1,26,Normal,0,27,21,3,0,41.0,96.0,32.0
548,2025-01-02 21:40:00,South,Fire,837,4,13,Normal,0,19,21,3,0,27.0,87.0,29.0
549,2025-01-02 21:45:00,East,Medical,633,3,7,Normal,0,18,21,3,0,19.0,64.0,21.333333333333332
550,2025-01-02 21:50:00,Central,Other,209,1,28,Severe,0,39,21,3,0,18.0,76.0,25.333333333333332
551,2025-01-02 21:55:00,West,Medical,619,3,27,Normal,1,36,21,3,0,39.0,93.0,31.0
552,2025-01-02 22:00:00,South,Fire,790,4,20,Normal,0,14,22,3,0,36.0,89.0,29.666666666666668
553,2025-01-02 22:05:00,Central,Police,715,2,21,Normal,0,18,22,3,0,14.0,68.0,22.666666666666668
554,2025-01-02 22:10:00,South,Other,390,1,12,Normal,0,16,22,3,0,18.0,48.0,16.0
555,2025-01-02 22:15:00,East,Police,576,2,22,Normal,0,20,22,3,0,16.0,54.0,18.0
556,2025-01-02 22:20:00,West,Police,750,2,20,Normal,0,21,22,3,0,20.0,57.0,19.0
557,2025-01-02 22:25:00,East,Police,467,2,8,Normal,0,20,22,3,0,21.0,61.0,20.333333333333332
558,2025-01-02 22:30:00,South,Other,189,1,17,Normal,0,29,22,3,0,20.0,70.0,23.333333333333332
559,2025-01-02 22:35:00,South,Police,556,2,29,Normal,0,24,22,3,0,29.0,73.0,24.333333333333332
560,2025-01-02 22:40:00,North,Other,346,1,5,Normal,0,24,22,3,0,24.0,77.0,25.666666666666668
561,2025-01-02 22:45:00,West,Medical,558,3,11,Normal,0,21,22,3,0,24.0,69.0,23.0
562,2025-01-02 22:50:00,East,Medical,822,3,8,Normal,0,16,22,3,0,21.0,61.0,20.333333333333332
563,2025-01-02 22:55:00,South,Other,233,1,14,Normal,0,20,22,3,0,16.0,57.0,19.0
564,2025-01-02 23:00:00,West,Fire,578,4,27,Normal,0,19,23,3,0,20.0,55.0,18.333333333333332
565,2025-01-02 23:05:00,East,Medical,422,3,19,Normal,0,24,23,3,0,19.0,63.0,21.0
566,2025-01-02 23:10:00,West,Medical,888,3,23,Normal,0,16,23,3,0,24.0,59.0,19.666666666666668
567,2025-01-02 23:15:00,East,Medical,856,3,12,Normal,0,15,23,3,0,16.0,55.0,18.333333333333332
568,2025-01-02 23:20:00,Central,Medical,626,3,19,Normal,0,26,23,3,0,15.0,57.0,19.0
569,2025-01-02 23:25:00,West,Medical,790,3,20,Normal,0,27,23,3,0,26.0,68.0,22.666666666666668
570,2025-01-02 23:30:00,North,Police,693,2,20,Normal,0,12,23,3,0,27.0,65.0,21.666666666666668
571,2025-01-02 23:35:00,Central,Other,117,1,17,Normal,0,11,23,3,0,12.0,50.0,16.666666666666668
572,2025-01-02 23:40:00,West,Police,354,2,19,Normal,0,22,23,3,0,11.0,45.0,15.0
573,2025-01-02 23:45:00,North,Medical,622,3,12,Normal,0,21,23,3,0,22.0,54.0,18.0
574,2025-01-02 23:50:00,Central,Medical,417,3,22,Severe,0,31,23,3,0,21.0,74.0,24.666666666666668
575,2025-01-02 23:55:00,West,Medical,413,3,19,Normal,0,21,23,3,0,31.0,73.0,24.333333333333332
576,2025-01-03 00:00:00,East,Police,639,2,26,Normal,0,16,0,4,0,21.0,68.0,22.666666666666668
577,2025-01-03 00:05:00,North,Other,279,1,21,Normal,0,17,0,4,0,16.0,54.0,18.0
578,2025-01-03 00:10:00,Central,Police,509,2,26,Normal,1,37,0,4,0,17.0,70.0,23.333333333333332
579,2025-01-03 00:15:00,West,Police,413,2,25,Normal,0,19,0,4,0,37.0,73.0,24.333333333333332
580,2025-01-03 00:20:00,East,Police,551,2,17,Normal,0,19,0,4,0,19.0,75.0,25.0
581,2025-01-03 00:25:00,East,Police,665,2,28,Normal,0,15,0,4,0,19.0,53.0,17.666666666666668
582,2025-01-03 00:30:00,West,Police,546,2,13,Normal,0,18,0,4,0,15.0,52.0,17.333333333333332
583,2025-01-03 00:35:00,Central,Fire,742,4,24,Normal,0,15,0,4,0,18.0,48.0,16.0
584,2025-01-03 00:40:00,North,Medical,596,3,10,Normal,0,21,0,4,0,15.0,54.0,18.0
585,2025-01-03 00:45:00,South,Other,324,1,28,Normal,0,13,0,4,0,21.0,49.0,16.333333333333332
586,2025-01-03 00:50:00,East,Other,252,1,17,Normal,0,18,0,4,0,13.0,52.0,17.333333333333332
587,2025-01-03 00:55:00,Central,Other,310,1,29,Normal,0,21,0,4,0,18.0,52.0,17.333333333333332
588,2025-01-03 01:00:00,South,Medical,738,3,22,Severe,0,41,1,4,0,21.0,80.0,26.666666666666668
589,2025-01-03 01:05:00,North,Medical,850,3,14,Normal,0,21,1,4,0,41.0,83.0,27.666666666666668
590,2025-01-03 01:10:00,Central,Other,114,1,8,Normal,0,21,1,4,0,21.0,83.0,27.666666666666668
591,2025-01-03 01:15:00,West,Other,210,1,6,Normal,0,26,1,4,0,21.0,68.0,22.666666666666668
592,2025-01-03 01:20:00,North,Other,290,1,18,Normal,0,23,1,4,0,26.0,70.0,23.333333333333332
593,2025-01-03 01:25:00,West,Police,507,2,11,Normal,0,19,1,4,0,23.0,68.0,22.666666666666668
594,2025-01-03 01:30:00,North,Medical,482,3,21,Normal,0,17,1,4,0,19.0,59.0,19.666666666666668
595,2025-01-03 01:35:00,East,Medical,893,3,15,Severe,0,39,1,4,0,17.0,75.0,25.0
596,2025-01-03 01:40:00,East,Police,517,2,20,Normal,0,16,1,4,0,39.0,72.0,24.0
597,2025-01-03 01:45:00,East,Other,199,1,11,Normal,0,24,1,4,0,16.0,79.0,26.333333333333332
598,2025-01-03 01:50:00,East,Medical,891,3,24,Normal,0,27,1,4,0,24.0,67.0,22.333333333333332
599,2025-01-03 01:55:00,South,Other,384,1,29,Normal,0,24,1,4,0,27.0,75.0,25.0
600,2025-01-03 02:00:00,South,Medical,374,3,10,Normal,0,16,2,4,0,24.0,67.0,22.333333333333332
601,2025-01-03 02:05:00,East,Other,208,1,5,Normal,0,26,2,4,0,16.0,66.0,22.0
602,2025-01-03 02:10:00,East,Medical,818,3,5,Normal,0,22,2,4,0,26.0,64.0,21.333333333333332
603,2025-01-03 02:15:00,East,Police,774,2,8,Normal,0,18,2,4,0,22.0,66.0,22.0
604,2025-01-03 02:20:00,East,Police,645,2,7,Normal,0,20,2,4,0,18.0,60.0,20.0
605,2025-01-03 02:25:00,North,Medical,349,3,26,Normal,0,23,2,4,0,20.0,61.0,20.333333333333332
606,2025-01-03 02:30:00,West,Medical,890,3,7,Normal,0,31,2,4,0,23.0,74.0,24.666666666666668
607,2025-01-03 02:35:00,South,Medical,535,3,18,Normal,0,27,2,4,0,31.0,81.0,27.0
608,2025-01-03 02:40:00,Central,Fire,413,4,12,Normal,0,19,2,4,0,27.0,77.0,25.666666666666668
609,2025-01-03 02:45:00,Central,Fire,844,4,25,Normal,0,19,2,4,0,19.0,65.0,21.666666666666668
610,2025-01-03 02:50:00,East,Fire,841,4,27,Normal,0,25,2,4,0,19.0,63.0,21.0
611,2025-01-03 02:55:00,North,Fire,1059,4,20,Normal,0,17,2,4,0,25.0,61.0,20.333333333333332
612,2025-01-03 03:00:00,South,Medical,641,3,26,Normal,0,20,3,4,0,17.0,62.0,20.666666666666668
613,2025-01-03 03:05:00,South,Police,296,2,5,Normal,0,14,3,4,0,20.0,51.0,17.0
614,2025-01-03 03:10:00,North,Police,304,2,27,Normal,0,18,3,4,0,14.0,52.0,17.333333333333332
615,2025-01-03 03:15:00,South,Medical,312,3,28,Severe,0,35,3,4,0,18.0,67.0,22.333333333333332
616,2025-01-03 03:20:00,South,Other,245,1,27,Normal,0,19,3,4,0,35.0,72.0,24.0
617,2025-01-03 03:25:00,South,Other,395,1,10,Normal,0,20,3,4,0,19.0,74.0,24.666666666666668
618,2025-01-03 03:30:00,North,Medical,597,3,23,Normal,0,13,3,4,0,20.0,52.0,17.333333333333332
619,2025-01-03 03:35:00,North,Other,123,1,19,Normal,0,27,3,4,0,13.0,60.0,20.0
620,2025-01-03 03:40:00,Central,Other,311,1,23,Normal,0,11,3,4,0,27.0,51.0,17.0
621,2025-01-03 03:45:00,South,Medical,697,3,27,Normal,0,30,3,4,0,11.0,68.0,22.666666666666668
622,2025-01-03 03:50:00,East,Medical,781,3,7,Normal,0,14,3,4,0,30.0,55.0,18.333333333333332
623,2025-01-03 03:55:00,North,Other,318,1,25,Normal,0,26,3,4,0,14.0,70.0,23.333333333333332
624,2025-01-03 04:00:00,West,Police,785,2,15,Normal,0,25,4,4,0,26.0,65.0,21.666666666666668
625,2025-01-03 04:05:00,Central,Medical,889,3,20,Normal,0,20,4,4,0,25.0,71.0,23.666666666666668
626,2025-01-03 04:10:00,Central,Other,249,1,13,Normal,0,15,4,4,0,20.0,60.0,20.0
627,2025-01-03 04:15:00,South,Medical,396,3,27,Normal,0,21,4,4,0,15.0,56.0,18.666666666666668
628,2025-01-03 04:20:00,East,Other,229,1,27,Normal,1,38,4,4,0,21.0,74.0,24.666666666666668
629,2025-01-03 04:25:00,Central,Medical,378,3,7,Normal,0,22,4,4,0,38.0,81.0,27.0
630,2025-01-03 04:30:00,South,Other,204,1,5,Normal,0,26,4,4,0,22.0,86.0,28.666666666666668
631,2025-01-03 04:35:00,South,Police,325,2,21,Normal,0,28,4,4,0,26.0,76.0,25.333333333333332
632,2025-01-03 04:40:00,West,Police,752,2,19,Severe,0,43,4,4,0,28.0,97.0,32.333333333333336
633,2025-01-03 04:45:00,South,Medical,591,3,22,Normal,0,15,4,4,0,43.0,86.0,28.666666666666668
634,2025-01-03 04:50:00,South,Medical,373,3,29,Normal,0,22,4,4,0,15.0,80.0,26.666666666666668
635,2025-01-03 04:55:00,North,Medical,528,3,29,Normal,0,18,4,4,0,22.0,55.0,18.333333333333332
636,2025-01-03 05:00:00,North,Medical,667,3,12,Normal,0,14,5,4,0,18.0,54.0,18.0
637,2025-01-03 05:05:00,South,Police,473,2,14,Normal,0,19,5,4,0,14.0,51.0,17.0
638,2025-01-03 05:10:00,North,Medical,431,3,22,Severe,0,37,5,4,0,19.0,70.0,23.333333333333332
639,2025-01-03 05:15:00,Central,Medical,546,3,23,Normal,0,21,5,4,0,37.0,77.0,25.666666666666668
640,2025-01-03 05:20:00,North,Fire,1092,4,7,Normal,0,23,5,4,0,21.0,81.0,27.0
641,2025-01-03 05:25:00,North,Medical,348,3,27,Severe,0,41,5,4,0,23.0,85.0,28.333333333333332
642,2025-01-03 05:30:00,West,Other,288,1,26,Severe,0,46,5,4,0,41.0,110.0,36.666666666666664
643,2025-01-03 05:35:00,South,Police,686,2,10,Normal,0,19,5,4,0,46.0,106.0,35.333333333333336
644,2025-01-03 05:40:00,South,Police,360,2,29,Normal,0,23,5,4,0,19.0,88.0,29.333333333333332
645,2025-01-03 05:45:00,North,Other,143,1,5,Normal,0,31,5,4,0,23.0,73.0,24.333333333333332
646,2025-01-03 05:50:00,West,Fire,977,4,14,Normal,0,19,5,4,0,31.0,73.0,24.333333333333332
647,2025-01-03 05:55:00,West,Police,475,2,18,Normal,1,37,5,4,0,19.0,87.0,29.0
648,2025-01-03 06:00:00,Central,Police,391,2,8,Normal,0,21,6,4,0,37.0,77.0,25.666666666666668
649,2025-01-03 06:05:00,East,Medical,779,3,20,Normal,0,25,6,4,0,21.0,83.0,27.666666666666668
650,2025-01-03 06:10:00,East,Police,342,2,7,Normal,0,25,6,4,0,25.0,71.0,23.666666666666668
651,2025-01-03 06:15:00,Central,Medical,453,3,25,Normal,0,20,6,4,0,25.0,70.0,23.333333333333332
652,2025-01-03 06:20:00,South,Other,218,1,18,Normal,0,23,6,4,0,20.0,68.0,22.666666666666668
653,2025-01-03 06:25:00,West,Medical,405,3,25,Normal,0,25,6,4,0,23.0,68.0,22.666666666666668
654,2025-01-03 06:30:00,Central,Police,646,2,29,Severe,0,45,6,4,0,25.0,93.0,31.0
655,2025-01-03 06:35:00,Central,Police,668,2,24,Normal,0,20,6,4,0,45.0,90.0,30.0
656,2025-01-03 06:40:00,South,Medical,535,3,22,Normal,0,18,6,4,0,20.0,83.0,27.666666666666668
657,2025-01-03 06:45:00,South,Police,445,2,16,Normal,0,18,6,4,0,18.0,56.0,18.666666666666668
658,2025-01-03 06:50:00,East,Police,762,2,14,Normal,0,9,6,4,0,18.0,45.0,15.0
659,2025-01-03 06:55:00,North,Fire,1131,4,29,Normal,0,15,6,4,0,9.0,42.0,14.0
660,2025-01-03 07:00:00,North,Police,743,2,14,Normal,0,14,7,4,0,15.0,38.0,12.666666666666666
661,2025-01-03 07:05:00,Central,Police,654,2,12,Normal,0,8,7,4,0,14.0,37.0,12.333333333333334
662,2025-01-03 07:10:00,West,Fire,1157,4,22,Normal,0,13,7,4,0,8.0,35.0,11.666666666666666
663,2025-01-03 07:15:00,South,Fire,576,4,15,Normal,0,13,7,4,0,13.0,34.0,11.333333333333334
664,2025-01-03 07:20:00,North,Medical,509,3,9,Normal,0,20,7,4,0,13.0,46.0,15.333333333333334
665,2025-01-03 07:25:00,West,Other,117,1,29,Normal,0,17,7,4,0,20.0,50.0,16.666666666666668
666,2025-01-03 07:30:00,East,Other,285,1,16,Normal,0,11,7,4,0,17.0,48.0,16.0
667,2025-01-03 07:35:00,West,Medical,581,3,28,Normal,0,20,7,4,0,11.0,48.0,16.0
668,2025-01-03 07:40:00,Central,Police,658,2,14,Normal,0,23,7,4,0,20.0,54.0,18.0
669,2025-01-03 07:45:00,West,Police,454,2,19,Normal,0,17,7,4,0,23.0,60.0,20.0
670,2025-01-03 07:50:00,South,Other,250,1,25,Normal,0,20,7,4,0,17.0,60.0,20.0
671,2025-01-03 07:55:00,Central,Other,203,1,20,Normal,0,14,7,4,0,20.0,51.0,17.0
672,2025-01-03 08:00:00,North,Police,483,2,28,Normal,0,27,8,4,0,14.0,61.0,20.333333333333332
673,2025-01-03 08:05:00,Central,Police,789,2,15,Severe,0,43,8,4,0,27.0,84.0,28.0
674,2025-01-03 08:10:00,Central,Other,173,1,15,Normal,0,27,8,4,0,43.0,97.0,32.333333333333336
675,2025-01-03 08:15:00,East,Medical,303,3,22,Normal,0,19,8,4,0,27.0,89.0,29.666666666666668
676,2025-01-03 08:20:00,Central,Fire,972,4,25,Normal,0,28,8,4,0,19.0,74.0,24.666666666666668
677,2025-01-03 08:25:00,North,Police,624,2,17,Severe,0,44,8,4,0,28.0,91.0,30.333333333333332
678,2025-01-03 08:30:00,South,Fire,566,4,21,Normal,0,40,8,4,0,44.0,112.0,37.333333333333336
679,2025-01-03 08:35:00,South,Police,493,2,27,Normal,0,31,8,4,0,40.0,115.0,38.333333333333336
680,2025-01-03 08:40:00,South,Other,331,1,27,Normal,0,28,8,4,0,31.0,99.0,33.0
681,2025-01-03 08:45:00,East,Police,579,2,20,Normal,0,34,8,4,0,28.0,93.0,31.0
682,2025-01-03 08:50:00,West,Fire,1106,4,26,Normal,0,29,8,4,0,34.0,91.0,30.333333333333332
683,2025-01-03 08:55:00,West,Other,285,1,27,Normal,0,22,8,4,0,29.0,85.0,28.333333333333332
684,2025-01-03 09:00:00,Central,Medical,336,3,17,Normal,0,36,9,4,0,22.0,87.0,29.0
685,2025-01-03 09:05:00,West,Police,564,2,16,Normal,0,24,9,4,0,36.0,82.0,27.333333333333332
686,2025-01-03 09:10:00,Central,Medical,341,3,13,Normal,0,27,9,4,0,24.0,87.0,29.0
687,2025-01-03 09:15:00,West,Police,604,2,12,Normal,0,29,9,4,0,27.0,80.0,26.666666666666668
688,2025-01-03 09:20:00,North,Medical,368,3,29,Severe,0,53,9,4,0,29.0,109.0,36.333333333333336
689,2025-01-03 09:25:00,East,Police,645,2,15,Normal,0,41,9,4,0,53.0,123.0,41.0
690,2025-01-03 09:30:00,North,Police,418,2,25,Normal,0,28,9,4,0,41.0,122.0,40.666666666666664
691,2025-01-03 09:35:00,North,Other,219,1,25,Normal,0,40,9,4,0,28.0,109.0,36.333333333333336
692,2025-01-03 09:40:00,North,Police,625,2,25,Normal,0,26,9,4,0,40.0,94.0,31.333333333333332
693,2025-01-03 09:45:00,Central,Medical,735,3,16,Normal,0,34,9,4,0,26.0,100.0,33.333333333333336
694,2025-01-03 09:50:00,North,Medical,621,3,23,Normal,0,27,9,4,0,34.0,87.0,29.0
695,2025-01-03 09:55:00,South,Fire,1011,4,23,Normal,0,31,9,4,0,27.0,92.0,30.666666666666668
696,2025-01-03 10:00:00,North,Other,296,1,16,Severe,0,36,10,4,0,31.0,94.0,31.333333333333332
697,2025-01-03 10:05:00,Central,Police,256,2,23,Normal,0,17,10,4,0,36.0,84.0,28.0
698,2025-01-03 10:10:00,North,Other,387,1,13,Normal,0,24,10,4,0,17.0,77.0,25.666666666666668
699,2025-01-03 10:15:00,East,Medical,620,3,25,Normal,0,24,10,4,0,24.0,65.0,21.666666666666668
700,2025-01-03 10:20:00,West,Police,226,2,22,Normal,0,17,10,4,0,24.0,65.0,21.666666666666668
701,2025-01-03 10:25:00,South,Medical,701,3,10,Normal,0,16,10,4,0,17.0,57.0,19.0
702,2025-01-03 10:30:00,East,Other,319,1,8,Normal,0,23,10,4,0,16.0,56.0,18.666666666666668
703,2025-01-03 10:35:00,West,Medical,610,3,8,Normal,0,26,10,4,0,23.0,65.0,21.666666666666668
704,2025-01-03 10:40:00,South,Medical,477,3,14,Normal,0,23,10,4,0,26.0,72.0,24.0
705,2025-01-03 10:45:00,West,Other,295,1,11,Severe,0,38,10,4,0,23.0,87.0,29.0
706,2025-01-03 10:50:00,South,Medical,785,3,17,Normal,0,21,10,4,0,38.0,82.0,27.333333333333332
707,2025-01-03 10:55:00,South,Fire,815,4,7,Normal,0,25,10,4,0,21.0,84.0,28.0
708,2025-01-03 11:00:00,Central,Medical,818,3,17,Normal,0,14,11,4,0,25.0,60.0,20.0
709,2025-01-03 11:05:00,East,Fire,1130,4,17,Normal,0,17,11,4,0,14.0,56.0,18.666666666666668
710,2025-01-03 11:10:00,East,Medical,772,3,12,Normal,0,24,11,4,0,17.0,55.0,18.333333333333332
711,2025-01-03 11:15:00,North,Police,788,2,24,Normal,0,15,11,4,0,24.0,56.0,18.666666666666668
712,2025-01-03 11:20:00,East,Other,326,1,16,Normal,0,26,11,4,0,15.0,65.0,21.666666666666668
713,2025-01-03 11:25:00,South,Medical,339,3,26,Normal,0,22,11,4,0,26.0,63.0,21.0
714,2025-01-03 11:30:00,East,Police,316,2,28,Normal,0,20,11,4,0,22.0,68.0,22.666666666666668
715,2025-01-03 11:35:00,Central,Fire,465,4,10,Normal,0,19,11,4,0,20.0,61.0,20.333333333333332
716,2025-01-03 11:40:00,North,Police,750,2,21,Normal,0,17,11,4,0,19.0,56.0,18.666666666666668
717,2025-01-03 11:45:00,South,Other,188,1,19,Normal,0,17,11,4,0,17.0,53.0,17.666666666666668
718,2025-01-03 11:50:00,South,Police,365,2,26,Normal,0,21,11,4,0,17.0,55.0,18.333333333333332
719,2025-01-03 11:55:00,South,Fire,699,4,22,Normal,0,17,11,4,0,21.0,55.0,18.333333333333332
720,2025-01-03 12:00:00,South,Police,663,2,9,Normal,0,21,12,4,0,17.0,59.0,19.666666666666668
721,2025-01-03 12:05:00,East,Medical,792,3,11,Normal,0,25,12,4,0,21.0,63.0,21.0
722,2025-01-03 12:10:00,South,Police,346,2,13,Normal,0,21,12,4,0,25.0,67.0,22.333333333333332
723,2025-01-03 12:15:00,East,Police,228,2,24,Normal,0,15,12,4,0,21.0,61.0,20.333333333333332
724,2025-01-03 12:20:00,South,Medical,410,3,22,Severe,0,29,12,4,0,15.0,65.0,21.666666666666668
725,2025-01-03 12:25:00,North,Other,183,1,7,Normal,0,20,12,4,0,29.0,64.0,21.333333333333332
726,2025-01-03 12:30:00,South,Medical,557,3,6,Normal,0,11,12,4,0,20.0,60.0,20.0
727,2025-01-03 12:35:00,Central,Medical,686,3,14,Severe,0,43,12,4,0,11.0,74.0,24.666666666666668
728,2025-01-03 12:40:00,West,Medical,560,3,19,Normal,0,23,12,4,0,43.0,77.0,25.666666666666668
729,2025-01-03 12:45:00,Central,Fire,710,4,15,Normal,0,21,12,4,0,23.0,87.0,29.0
730,2025-01-03 12:50:00,East,Medical,516,3,15,Normal,0,25,12,4,0,21.0,69.0,23.0
731,2025-01-03 12:55:00,East,Police,647,2,28,Normal,0,22,12,4,0,25.0,68.0,22.666666666666668
732,2025-01-03 13:00:00,North,Medical,693,3,26,Normal,0,19,13,4,0,22.0,66.0,22.0
733,2025-01-03 13:05:00,North,Other,201,1,20,Normal,0,15,13,4,0,19.0,56.0,18.666666666666668
734,2025-01-03 13:10:00,East,Medical,840,3,23,Normal,0,18,13,4,0,15.0,52.0,17.333333333333332
735,2025-01-03 13:15:00,South,Medical,582,3,18,Normal,0,23,13,4,0,18.0,56.0,18.666666666666668
736,2025-01-03 13:20:00,South,Medical,424,3,7,Normal,0,22,13,4,0,23.0,63.0,21.0
737,2025-01-03 13:25:00,South,Other,303,1,26,Normal,0,24,13,4,0,22.0,69.0,23.0
738,2025-01-03 13:30:00,North,Fire,516,4,24,Normal,0,17,13,4,0,24.0,63.0,21.0
739,2025-01-03 13:35:00,West,Medical,748,3,28,Normal,1,39,13,4,0,17.0,80.0,26.666666666666668
740,2025-01-03 13:40:00,East,Police,406,2,20,Normal,0,20,13,4,0,39.0,76.0,25.333333333333332
741,2025-01-03 13:45:00,West,Fire,882,4,17,Normal,0,25,13,4,0,20.0,84.0,28.0
742,2025-01-03 13:50:00,East,Fire,1115,4,11,Normal,1,30,13,4,0,25.0,75.0,25.0
743,2025-01-03 13:55:00,West,Police,227,2,17,Normal,0,30,13,4,0,30.0,85.0,28.333333333333332
744,2025-01-03 14:00:00,North,Police,791,2,23,Normal,0,17,14,4,0,30.0,77.0,25.666666666666668
745,2025-01-03 14:05:00,West,Other,263,1,8,Normal,0,14,14,4,0,17.0,61.0,20.333333333333332
746,2025-01-03 14:10:00,South,Police,583,2,16,Normal,0,18,14,4,0,14.0,49.0,16.333333333333332
747,2025-01-03 14:15:00,North,Fire,960,4,9,Normal,0,26,14,4,0,18.0,58.0,19.333333333333332
748,2025-01-03 14:20:00,South,Police,694,2,23,Normal,0,19,14,4,0,26.0,63.0,21.0
749,2025-01-03 14:25:00,West,Medical,636,3,14,Normal,0,18,14,4,0,19.0,63.0,21.0
750,2025-01-03 14:30:00,North,Medical,399,3,22,Severe,0,55,14,4,0,18.0,92.0,30.666666666666668
751,2025-01-03 14:35:00,South,Medical,559,3,22,Severe,0,42,14,4,0,55.0,115.0,38.333333333333336
752,2025-01-03 14:40:00,South,Other,354,1,24,Normal,0,15,14,4,0,42.0,112.0,37.333333333333336
753,2025-01-03 14:45:00,North,Other,392,1,12,Severe,0,34,14,4,0,15.0,91.0,30.333333333333332
754,2025-01-03 14:50:00,East,Medical,503,3,7,Normal,0,32,14,4,0,34.0,81.0,27.0
755,2025-01-03 14:55:00,East,Police,736,2,23,Normal,0,13,14,4,0,32.0,79.0,26.333333333333332
756,2025-01-03 15:00:00,Central,Medical,471,3,16,Severe,0,47,15,4,0,13.0,92.0,30.666666666666668
757,2025-01-03 15:05:00,South,Police,582,2,29,Normal,0,17,15,4,0,47.0,77.0,25.666666666666668
758,2025-01-03 15:10:00,East,Other,125,1,29,Normal,0,14,15,4,0,17.0,78.0,26.0
759,2025-01-03 15:15:00,South,Other,110,1,11,Normal,0,24,15,4,0,14.0,55.0,18.333333333333332
760,2025-01-03 15:20:00,West,Other,286,1,22,Normal,0,22,15,4,0,24.0,60.0,20.0
761,2025-01-03 15:25:00,North,Police,527,2,23,Normal,0,31,15,4,0,22.0,77.0,25.666666666666668
762,2025-01-03 15:30:00,South,Medical,466,3,13,Normal,0,21,15,4,0,31.0,74.0,24.666666666666668
763,2025-01-03 15:35:00,Central,Fire,1088,4,9,Normal,0,18,15,4,0,21.0,70.0,23.333333333333332
764,2025-01-03 15:40:00,East,Police,316,2,20,Normal,0,22,15,4,0,18.0,61.0,20.333333333333332
765,2025-01-03 15:45:00,South,Other,145,1,22,Normal,0,19,15,4,0,22.0,59.0,19.666666666666668
766,2025-01-03 15:50:00,South,Medical,745,3,10,Normal,0,21,15,4,0,19.0,62.0,20.666666666666668
767,2025-01-03 15:55:00,East,Medical,754,3,12,Normal,0,20,15,4,0,21.0,60.0,20.0
768,2025-01-03 16:00:00,East,Medical,351,3,6,Normal,0,19,16,4,0,20.0,60.0,20.0
769,2025-01-03 16:05:00,East,Medical,742,3,10,Severe,0,52,16,4,0,19.0,91.0,30.333333333333332
770,2025-01-03 16:10:00,North,Medical,432,3,7,Normal,0,23,16,4,0,52.0,94.0,31.333333333333332
771,2025-01-03 16:15:00,Central,Other,396,1,6,Normal,0,24,16,4,0,23.0,99.0,33.0
772,2025-01-03 16:20:00,East,Police,373,2,7,Normal,0,16,16,4,0,24.0,63.0,21.0
773,2025-01-03 16:25:00,South,Medical,363,3,23,Normal,0,16,16,4,0,16.0,56.0,18.666666666666668
774,2025-01-03 16:30:00,South,Other,355,1,29,Normal,0,22,16,4,0,16.0,54.0,18.0
775,2025-01-03 16:35:00,North,Fire,761,4,10,Normal,0,22,16,4,0,22.0,60.0,20.0
776,2025-01-03 16:40:00,East,Medical,375,3,11,Normal,0,12,16,4,0,22.0,56.0,18.666666666666668
777,2025-01-03 16:45:00,North,Medical,473,3,9,Normal,0,10,16,4,0,12.0,44.0,14.666666666666666
778,2025-01-03 16:50:00,North,Medical,301,3,11,Normal,1,34,16,4,0,10.0,56.0,18.666666666666668
779,2025-01-03 16:55:00,North,Police,653,2,13,Normal,0,22,16,4,0,34.0,66.0,22.0
780,2025-01-03 17:00:00,East,Police,460,2,6,Normal,0,21,17,4,0,22.0,77.0,25.666666666666668
781,2025-01-03 17:05:00,Central,Other,168,1,28,Normal,0,24,17,4,0,21.0,67.0,22.333333333333332
782,2025-01-03 17:10:00,South,Medical,850,3,29,Normal,0,20,17,4,0,24.0,65.0,21.666666666666668
783,2025-01-03 17:15:00,North,Medical,770,3,22,Normal,0,17,17,4,0,20.0,61.0,20.333333333333332
784,2025-01-03 17:20:00,Central,Medical,468,3,14,Normal,0,24,17,4,0,17.0,61.0,20.333333333333332
785,2025-01-03 17:25:00,West,Medical,526,3,22,Normal,0,26,17,4,0,24.0,67.0,22.333333333333332
786,2025-01-03 17:30:00,Central,Other,156,1,15,Normal,0,21,17,4,0,26.0,71.0,23.666666666666668
787,2025-01-03 17:35:00,Central,Other,337,1,5,Normal,1,32,17,4,0,21.0,79.0,26.333333333333332
788,2025-01-03 17:40:00,North,Other,219,1,9,Normal,0,18,17,4,0,32.0,71.0,23.666666666666668
789,2025-01-03 17:45:00,North,Medical,571,3,7,Normal,0,15,17,4,0,18.0,65.0,21.666666666666668
790,2025-01-03 17:50:00,South,Medical,587,3,13,Normal,0,18,17,4,0,15.0,51.0,17.0
791,2025-01-03 17:55:00,Central,Medical,558,3,24,Normal,0,23,17,4,0,18.0,56.0,18.666666666666668
792,2025-01-03 18:00:00,South,Police,436,2,29,Normal,0,31,18,4,0,23.0,72.0,24.0
793,2025-01-03 18:05:00,East,Other,205,1,21,Normal,0,27,18,4,0,31.0,81.0,27.0
794,2025-01-03 18:10:00,East,Medical,587,3,24,Normal,0,22,18,4,0,27.0,80.0,26.666666666666668
795,2025-01-03 18:15:00,West,Police,285,2,23,Normal,0,33,18,4,0,22.0,82.0,27.333333333333332
796,2025-01-03 18:20:00,North,Police,299,2,27,Normal,0,28,18,4,0,33.0,83.0,27.666666666666668
797,2025-01-03 18:25:00,Central,Police,563,2,6,Normal,0,33,18,4,0,28.0,94.0,31.333333333333332
798,2025-01-03 18:30:00,East,Other,293,1,12,Normal,0,33,18,4,0,33.0,94.0,31.333333333333332
799,2025-01-03 18:35:00,South,Police,682,2,15,Normal,0,24,18,4,0,33.0,90.0,30.0
800,2025-01-03 18:40:00,West,Police,220,2,14,Normal,0,18,18,4,0,24.0,75.0,25.0
801,2025-01-03 18:45:00,West,Medical,450,3,17,Normal,0,36,18,4,0,18.0,78.0,26.0
802,2025-01-03 18:50:00,East,Medical,542,3,21,Normal,0,29,18,4,0,36.0,83.0,27.666666666666668
803,2025-01-03 18:55:00,East,Other,111,1,17,Normal,0,30,18,4,0,29.0,95.0,31.666666666666668
804,2025-01-03 19:00:00,West,Medical,457,3,21,Normal,0,30,19,4,0,30.0,89.0,29.666666666666668
805,2025-01-03 19:05:00,Central,Medical,589,3,12,Normal,0,21,19,4,0,30.0,81.0,27.0
806,2025-01-03 19:10:00,West,Medical,662,3,12,Normal,0,23,19,4,0,21.0,74.0,24.666666666666668
807,2025-01-03 19:15:00,East,Police,241,2,22,Normal,0,39,19,4,0,23.0,83.0,27.666666666666668
808,2025-01-03 19:20:00,West,Police,504,2,6,Normal,0,33,19,4,0,39.0,95.0,31.666666666666668
809,2025-01-03 19:25:00,South,Medical,391,3,11,Normal,0,28,19,4,0,33.0,100.0,33.333333333333336
810,2025-01-03 19:30:00,West,Medical,663,3,20,Normal,0,32,19,4,0,28.0,93.0,31.0
811,2025-01-03 19:35:00,East,Medical,754,3,18,Normal,0,24,19,4,0,32.0,84.0,28.0
812,2025-01-03 19:40:00,North,Medical,533,3,29,Normal,0,30,19,4,0,24.0,86.0,28.666666666666668
813,2025-01-03 19:45:00,East,Medical,490,3,8,Normal,0,29,19,4,0,30.0,83.0,27.666666666666668
814,2025-01-03 19:50:00,North,Other,385,1,26,Normal,0,33,19,4,0,29.0,92.0,30.666666666666668
815,2025-01-03 19:55:00,East,Medical,520,3,6,Severe,0,58,19,4,0,33.0,120.0,40.0
816,2025-01-03 20:00:00,Central,Police,205,2,16,Normal,0,31,20,4,0,58.0,122.0,40.666666666666664
817,2025-01-03 20:05:00,West,Medical,851,3,9,Normal,0,30,20,4,0,31.0,119.0,39.666666666666664
818,2025-01-03 20:10:00,East,Other,183,1,22,Normal,0,21,20,4,0,30.0,82.0,27.333333333333332
819,2025-01-03 20:15:00,East,Police,434,2,7,Normal,0,21,20,4,0,21.0,72.0,24.0
820,2025-01-03 20:20:00,South,Police,472,2,5,Normal,0,29,20,4,0,21.0,71.0,23.666666666666668
821,2025-01-03 20:25:00,West,Medical,504,3,25,Normal,0,26,20,4,0,29.0,76.0,25.333333333333332
822,2025-01-03 20:30:00,Central,Police,438,2,18,Normal,0,33,20,4,0,26.0,88.0,29.333333333333332
823,2025-01-03 20:35:00,South,Medical,476,3,29,Normal,0,27,20,4,0,33.0,86.0,28.666666666666668
824,2025-01-03 20:40:00,North,Medical,552,3,16,Normal,0,30,20,4,0,27.0,90.0,30.0
825,2025-01-03 20:45:00,West,Other,234,1,26,Normal,0,32,20,4,0,30.0,89.0,29.666666666666668
826,2025-01-03 20:50:00,East,Police,773,2,20,Normal,0,24,20,4,0,32.0,86.0,28.666666666666668
827,2025-01-03 20:55:00,West,Other,244,1,6,Severe,0,62,20,4,0,24.0,118.0,39.333333333333336
828,2025-01-03 21:00:00,North,Other,239,1,9,Normal,0,21,21,4,0,62.0,107.0,35.666666666666664
829,2025-01-03 21:05:00,Central,Police,230,2,9,Severe,0,50,21,4,0,21.0,133.0,44.333333333333336
830,2025-01-03 21:10:00,North,Police,246,2,11,Normal,1,36,21,4,0,50.0,107.0,35.666666666666664
831,2025-01-03 21:15:00,North,Police,488,2,18,Normal,0,25,21,4,0,36.0,111.0,37.0
832,2025-01-03 21:20:00,West,Other,163,1,22,Normal,0,21,21,4,0,25.0,82.0,27.333333333333332
833,2025-01-03 21:25:00,Central,Medical,743,3,16,Normal,0,26,21,4,0,21.0,72.0,24.0
834,2025-01-03 21:30:00,North,Police,423,2,10,Normal,0,17,21,4,0,26.0,64.0,21.333333333333332
835,2025-01-03 21:35:00,North,Medical,509,3,20,Normal,1,22,21,4,0,17.0,65.0,21.666666666666668
836,2025-01-03 21:40:00,East,Medical,800,3,10,Normal,0,21,21,4,0,22.0,60.0,20.0
837,2025-01-03 21:45:00,East,Police,533,2,11,Normal,0,14,21,4,0,21.0,57.0,19.0
838,2025-01-03 21:50:00,East,Police,233,2,22,Severe,0,42,21,4,0,14.0,77.0,25.666666666666668
839,2025-01-03 21:55:00,North,Police,411,2,6,Normal,1,31,21,4,0,42.0,87.0,29.0
840,2025-01-03 22:00:00,Central,Police,642,2,21,Normal,1,34,22,4,0,31.0,107.0,35.666666666666664
841,2025-01-03 22:05:00,East,Police,489,2,8,Normal,0,25,22,4,0,34.0,90.0,30.0
842,2025-01-03 22:10:00,East,Police,380,2,23,Normal,0,20,22,4,0,25.0,79.0,26.333333333333332
843,2025-01-03 22:15:00,West,Medical,594,3,21,Severe,0,31,22,4,0,20.0,76.0,25.333333333333332
844,2025-01-03 22:20:00,North,Other,392,1,24,Normal,0,23,22,4,0,31.0,74.0,24.666666666666668
845,2025-01-03 22:25:00,North,Other,379,1,15,Normal,0,16,22,4,0,23.0,70.0,23.333333333333332
846,2025-01-03 22:30:00,Central,Other,328,1,11,Normal,0,17,22,4,0,16.0,56.0,18.666666666666668
847,2025-01-03 22:35:00,Central,Medical,842,3,6,Normal,0,7,22,4,0,17.0,40.0,13.333333333333334
848,2025-01-03 22:40:00,Central,Police,215,2,11,Normal,0,23,22,4,0,7.0,47.0,15.666666666666666
849,2025-01-03 22:45:00,South,Medical,872,3,11,Severe,0,37,22,4,0,23.0,67.0,22.333333333333332
850,2025-01-03 22:50:00,South,Police,525,2,21,Normal,0,20,22,4,0,37.0,80.0,26.666666666666668
851,2025-01-03 22:55:00,South,Police,338,2,5,Normal,0,23,22,4,0,20.0,80.0,26.666666666666668
852,2025-01-03 23:00:00,North,Police,674,2,21,Normal,0,17,23,4,0,23.0,60.0,20.0
853,2025-01-03 23:05:00,Central,Medical,802,3,26,Normal,0,30,23,4,0,17.0,70.0,23.333333333333332
854,2025-01-03 23:10:00,Central,Medical,767,3,5,Normal,0,23,23,4,0,30.0,70.0,23.333333333333332
855,2025-01-03 23:15:00,West,Medical,819,3,28,Normal,0,12,23,4,0,23.0,65.0,21.666666666666668
856,2025-01-03 23:20:00,South,Police,757,2,21,Normal,0,27,23,4,0,12.0,62.0,20.666666666666668
857,2025-01-03 23:25:00,East,Other,193,1,7,Normal,0,19,23,4,0,27.0,58.0,19.333333333333332
858,2025-01-03 23:30:00,North,Other,302,1,29,Normal,0,21,23,4,0,19.0,67.0,22.333333333333332
859,2025-01-03 23:35:00,West,Medical,322,3,29,Normal,0,14,23,4,0,21.0,54.0,18.0
860,2025-01-03 23:40:00,North,Medical,350,3,28,Normal,0,13,23,4,0,14.0,48.0,16.0
861,2025-01-03 23:45:00,West,Other,303,1,10,Normal,0,20,23,4,0,13.0,47.0,15.666666666666666
862,2025-01-03 23:50:00,West,Police,340,2,22,Normal,0,23,23,4,0,20.0,56.0,18.666666666666668
863,2025-01-03 23:55:00,Central,Medical,685,3,10,Normal,0,19,23,4,0,23.0,62.0,20.666666666666668
864,2025-01-04 00:00:00,East,Fire,1027,4,14,Normal,0,23,0,5,1,19.0,65.0,21.666666666666668
865,2025-01-04 00:05:00,South,Medical,899,3,6,Normal,0,19,0,5,1,23.0,61.0,20.333333333333332
866,2025-01-04 00:10:00,South,Police,264,2,6,Normal,0,16,0,5,1,19.0,58.0,19.333333333333332
867,2025-01-04 00:15:00,Central,Police,595,2,26,Normal,0,18,0,5,1,16.0,53.0,17.666666666666668
868,2025-01-04 00:20:00,West,Medical,323,3,27,Normal,0,17,0,5,1,18.0,51.0,17.0
869,2025-01-04 00:25:00,North,Medical,462,3,15,Normal,0,16,0,5,1,17.0,51.0,17.0
870,2025-01-04 00:30:00,Central,Police,337,2,14,Normal,0,19,0,5,1,16.0,52.0,17.333333333333332
871,2025-01-04 00:35:00,South,Police,255,2,14,Normal,0,24,0,5,1,19.0,59.0,19.666666666666668
872,2025-01-04 00:40:00,North,Fire,509,4,21,Normal,0,23,0,5,1,24.0,66.0,22.0
873,2025-01-04 00:45:00,Central,Medical,404,3,26,Normal,0,16,0,5,1,23.0,63.0,21.0
874,2025-01-04 00:50:00,Central,Police,570,2,9,Normal,0,23,0,5,1,16.0,62.0,20.666666666666668
875,2025-01-04 00:55:00,Central,Other,385,1,19,Normal,0,24,0,5,1,23.0,63.0,21.0
876,2025-01-04 01:00:00,West,Police,788,2,29,Normal,0,28,1,5,1,24.0,75.0,25.0
877,2025-01-04 01:05:00,South,Medical,839,3,7,Normal,0,19,1,5,1,28.0,71.0,23.666666666666668
878,2025-01-04 01:10:00,North,Police,767,2,27,Normal,0,19,1,5,1,19.0,66.0,22.0
879,2025-01-04 01:15:00,North,Medical,524,3,23,Normal,1,28,1,5,1,19.0,66.0,22.0
880,2025-01-04 01:20:00,Central,Other,253,1,8,Normal,0,21,1,5,1,28.0,68.0,22.666666666666668
881,2025-01-04 01:25:00,East,Medical,725,3,9,Normal,0,22,1,5,1,21.0,71.0,23.666666666666668
882,2025-01-04 01:30:00,Central,Police,387,2,24,Severe,0,27,1,5,1,22.0,70.0,23.333333333333332
883,2025-01-04 01:35:00,West,Medical,812,3,9,Severe,0,41,1,5,1,27.0,90.0,30.0
884,2025-01-04 01:40:00,East,Medical,398,3,21,Normal,0,31,1,5,1,41.0,99.0,33.0
885,2025-01-04 01:45:00,Central,Medical,778,3,21,Normal,0,18,1,5,1,31.0,90.0,30.0
886,2025-01-04 01:50:00,West,Other,380,1,7,Normal,0,20,1,5,1,18.0,69.0,23.0
887,2025-01-04 01:55:00,South,Medical,843,3,14,Normal,0,32,1,5,1,20.0,70.0,23.333333333333332
888,2025-01-04 02:00:00,Central,Medical,629,3,18,Severe,0,36,2,5,1,32.0,88.0,29.333333333333332
889,2025-01-04 02:05:00,East,Other,376,1,22,Normal,0,13,2,5,1,36.0,81.0,27.0
890,2025-01-04 02:10:00,West,Police,525,2,18,Normal,0,15,2,5,1,13.0,64.0,21.333333333333332
891,2025-01-04 02:15:00,East,Medical,776,3,15,Normal,0,18,2,5,1,15.0,46.0,15.333333333333334
892,2025-01-04 02:20:00,North,Other,125,1,14,Severe,0,42,2,5,1,18.0,75.0,25.0
893,2025-01-04 02:25:00,North,Other,268,1,17,Normal,0,18,2,5,1,42.0,78.0,26.0
894,2025-01-04 02:30:00,South,Medical,677,3,9,Normal,0,18,2,5,1,18.0,78.0,26.0
895,2025-01-04 02:35:00,South,Medical,569,3,10,Normal,0,17,2,5,1,18.0,53.0,17.666666666666668
896,2025-01-04 02:40:00,North,Other,373,1,24,Normal,0,20,2,5,1,17.0,55.0,18.333333333333332
897,2025-01-04 02:45:00,East,Other,235,1,7,Normal,0,19,2,5,1,20.0,56.0,18.666666666666668
898,2025-01-04 02:50:00,East,Medical,438,3,24,Normal,0,16,2,5,1,19.0,55.0,18.333333333333332
899,2025-01-04 02:55:00,East,Police,246,2,16,Normal,0,15,2,5,1,16.0,50.0,16.666666666666668
900,2025-01-04 03:00:00,West,Police,276,2,20,Normal,0,21,3,5,1,15.0,52.0,17.333333333333332
901,2025-01-04 03:05:00,East,Medical,376,3,17,Normal,0,13,3,5,1,21.0,49.0,16.333333333333332
902,2025-01-04 03:10:00,South,Police,341,2,20,Normal,0,20,3,5,1,13.0,54.0,18.0
903,2025-01-04 03:15:00,Central,Police,502,2,20,Normal,0,24,3,5,1,20.0,57.0,19.0
904,2025-01-04 03:20:00,Central,Other,115,1,18,Normal,0,27,3,5,1,24.0,71.0,23.666666666666668
905,2025-01-04 03:25:00,East,Other,354,1,27,Normal,0,20,3,5,1,27.0,71.0,23.666666666666668
906,2025-01-04 03:30:00,West,Medical,363,3,10,Normal,0,22,3,5,1,20.0,69.0,23.0
907,2025-01-04 03:35:00,North,Medical,387,3,29,Normal,0,17,3,5,1,22.0,59.0,19.666666666666668
908,2025-01-04 03:40:00,North,Other,232,1,27,Normal,0,23,3,5,1,17.0,62.0,20.666666666666668
909,2025-01-04 03:45:00,Central,Medical,430,3,10,Normal,0,18,3,5,1,23.0,58.0,19.333333333333332
910,2025-01-04 03:50:00,South,Medical,620,3,29,Normal,0,19,3,5,1,18.0,60.0,20.0
911,2025-01-04 03:55:00,Central,Medical,410,3,9,Normal,0,24,3,5,1,19.0,61.0,20.333333333333332
912,2025-01-04 04:00:00,North,Medical,322,3,27,Normal,0,16,4,5,1,24.0,59.0,19.666666666666668
913,2025-01-04 04:05:00,West,Medical,701,3,23,Normal,0,27,4,5,1,16.0,67.0,22.333333333333332
914,2025-01-04 04:10:00,West,Medical,719,3,23,Normal,0,20,4,5,1,27.0,63.0,21.0
915,2025-01-04 04:15:00,West,Other,289,1,22,Normal,0,21,4,5,1,20.0,68.0,22.666666666666668
916,2025-01-04 04:20:00,Central,Medical,619,3,13,Normal,1,41,4,5,1,21.0,82.0,27.333333333333332
917,2025-01-04 04:25:00,North,Police,408,2,29,Severe,0,38,4,5,1,41.0,100.0,33.333333333333336
918,2025-01-04 04:30:00,North,Fire,833,4,20,Normal,0,17,4,5,1,38.0,96.0,32.0
919,2025-01-04 04:35:00,West,Fire,620,4,28,Normal,0,29,4,5,1,17.0,84.0,28.0
920,2025-01-04 04:40:00,South,Medical,796,3,12,Normal,0,18,4,5,1,29.0,64.0,21.333333333333332
921,2025-01-04 04:45:00,North,Medical,874,3,5,Normal,0,12,4,5,1,18.0,59.0,19.666666666666668
922,2025-01-04 04:50:00,Central,Fire,779,4,23,Normal,0,18,4,5,1,12.0,48.0,16.0
923,2025-01-04 04:55:00,North,Other,172,1,24,Normal,0,22,4,5,1,18.0,52.0,17.333333333333332
924,2025-01-04 05:00:00,Central,Other,309,1,19,Normal,0,9,5,5,1,22.0,49.0,16.333333333333332
925,2025-01-04 05:05:00,West,Medical,434,3,13,Normal,0,31,5,5,1,9.0,62.0,20.666666666666668
926,2025-01-04 05:10:00,East,Fire,862,4,25,Normal,0,19,5,5,1,31.0,59.0,19.666666666666668
927,2025-01-04 05:15:00,South,Police,646,2,17,Severe,0,46,5,5,1,19.0,96.0,32.0
928,2025-01-04 05:20:00,North,Medical,868,3,22,Normal,0,26,5,5,1,46.0,91.0,30.333333333333332
929,2025-01-04 05:25:00,South,Other,364,1,11,Normal,0,19,5,5,1,26.0,91.0,30.333333333333332
930,2025-01-04 05:30:00,West,Medical,462,3,19,Normal,0,22,5,5,1,19.0,67.0,22.333333333333332
931,2025-01-04 05:35:00,West,Police,611,2,25,Normal,0,19,5,5,1,22.0,60.0,20.0
932,2025-01-04 05:40:00,West,Medical,767,3,6,Normal,0,25,5,5,1,19.0,66.0,22.0
933,2025-01-04 05:45:00,East,Police,789,2,28,Normal,0,20,5,5,1,25.0,64.0,21.333333333333332
934,2025-01-04 05:50:00,South,Medical,837,3,17,Normal,0,18,5,5,1,20.0,63.0,21.0
935,2025-01-04 05:55:00,North,Other,160,1,8,Normal,1,28,5,5,1,18.0,66.0,22.0
936,2025-01-04 06:00:00,North,Medical,398,3,29,Severe,0,42,6,5,1,28.0,88.0,29.333333333333332
937,2025-01-04 06:05:00,South,Police,558,2,14,Normal,0,17,6,5,1,42.0,87.0,29.0
938,2025-01-04 06:10:00,East,Medical,771,3,6,Severe,0,36,6,5,1,17.0,95.0,31.666666666666668
939,2025-01-04 06:15:00,West,Medical,624,3,29,Normal,0,20,6,5,1,36.0,73.0,24.333333333333332
940,2025-01-04 06:20:00,South,Other,379,1,13,Normal,0,19,6,5,1,20.0,75.0,25.0
941,2025-01-04 06:25:00,North,Fire,523,4,14,Normal,0,18,6,5,1,19.0,57.0,19.0
942,2025-01-04 06:30:00,South,Police,201,2,28,Normal,0,20,6,5,1,18.0,57.0,19.0
943,2025-01-04 06:35:00,Central,Medical,390,3,11,Normal,0,21,6,5,1,20.0,59.0,19.666666666666668
944,2025-01-04 06:40:00,East,Medical,873,3,21,Normal,0,27,6,5,1,21.0,68.0,22.666666666666668
945,2025-01-04 06:45:00,East,Medical,684,3,26,Normal,0,23,6,5,1,27.0,71.0,23.666666666666668
946,2025-01-04 06:50:00,East,Medical,730,3,9,Normal,0,23,6,5,1,23.0,73.0,24.333333333333332
947,2025-01-04 06:55:00,South,Other,159,1,17,Normal,0,14,6,5,1,23.0,60.0,20.0
948,2025-01-04 07:00:00,East,Other,396,1,29,Normal,0,21,7,5,1,14.0,58.0,19.333333333333332
949,2025-01-04 07:05:00,North,Medical,556,3,14,Normal,0,23,7,5,1,21.0,58.0,19.333333333333332
950,2025-01-04 07:10:00,South,Other,244,1,18,Normal,1,34,7,5,1,23.0,78.0,26.0
951,2025-01-04 07:15:00,West,Fire,692,4,18,Normal,0,25,7,5,1,34.0,82.0,27.333333333333332
952,2025-01-04 07:20:00,Central,Other,179,1,6,Normal,0,17,7,5,1,25.0,76.0,25.333333333333332
953,2025-01-04 07:25:00,North,Fire,1182,4,23,Severe,0,35,7,5,1,17.0,77.0,25.666666666666668
954,2025-01-04 07:30:00,North,Medical,480,3,18,Normal,0,23,7,5,1,35.0,75.0,25.0
955,2025-01-04 07:35:00,North,Police,311,2,24,Normal,1,44,7,5,1,23.0,102.0,34.0
956,2025-01-04 07:40:00,East,Fire,805,4,25,Normal,0,20,7,5,1,44.0,87.0,29.0
957,2025-01-04 07:45:00,West,Medical,446,3,21,Severe,0,37,7,5,1,20.0,101.0,33.666666666666664
958,2025-01-04 07:50:00,North,Police,626,2,9,Normal,0,26,7,5,1,37.0,83.0,27.666666666666668
959,2025-01-04 07:55:00,East,Medical,678,3,6,Normal,0,15,7,5,1,26.0,78.0,26.0
960,2025-01-04 08:00:00,North,Medical,494,3,24,Normal,0,29,8,5,1,15.0,70.0,23.333333333333332
961,2025-01-04 08:05:00,South,Other,357,1,22,Normal,0,33,8,5,1,29.0,77.0,25.666666666666668
962,2025-01-04 08:10:00,Central,Medical,793,3,19,Normal,0,38,8,5,1,33.0,100.0,33.333333333333336
963,2025-01-04 08:15:00,South,Police,761,2,21,Normal,0,36,8,5,1,38.0,107.0,35.666666666666664
964,2025-01-04 08:20:00,West,Police,415,2,27,Normal,0,28,8,5,1,36.0,102.0,34.0
965,2025-01-04 08:25:00,North,Other,120,1,24,Normal,0,29,8,5,1,28.0,93.0,31.0
966,2025-01-04 08:30:00,South,Police,267,2,25,Normal,0,24,8,5,1,29.0,81.0,27.0
967,2025-01-04 08:35:00,South,Police,383,2,27,Normal,0,30,8,5,1,24.0,83.0,27.666666666666668
968,2025-01-04 08:40:00,West,Other,166,1,9,Normal,0,24,8,5,1,30.0,78.0,26.0
969,2025-01-04 08:45:00,South,Police,375,2,7,Normal,0,35,8,5,1,24.0,89.0,29.666666666666668
970,2025-01-04 08:50:00,Central,Other,221,1,7,Normal,0,24,8,5,1,35.0,83.0,27.666666666666668
971,2025-01-04 08:55:00,East,Fire,460,4,26,Normal,0,21,8,5,1,24.0,80.0,26.666666666666668
972,2025-01-04 09:00:00,West,Medical,632,3,10,Normal,0,28,9,5,1,21.0,73.0,24.333333333333332
973,2025-01-04 09:05:00,Central,Medical,379,3,29,Normal,0,32,9,5,1,28.0,81.0,27.0
974,2025-01-04 09:10:00,North,Other,286,1,22,Normal,0,37,9,5,1,32.0,97.0,32.333333333333336
975,2025-01-04 09:15:00,Central,Police,447,2,9,Normal,0,21,9,5,1,37.0,90.0,30.0
976,2025-01-04 09:20:00,West,Other,362,1,5,Normal,1,48,9,5,1,21.0,106.0,35.333333333333336
977,2025-01-04 09:25:00,South,Other,220,1,9,Normal,0,33,9,5,1,48.0,102.0,34.0
978,2025-01-04 09:30:00,South,Police,399,2,24,Normal,0,33,9,5,1,33.0,114.0,38.0
979,2025-01-04 09:35:00,South,Medical,414,3,13,Normal,0,30,9,5,1,33.0,96.0,32.0
980,2025-01-04 09:40:00,South,Police,607,2,13,Severe,0,63,9,5,1,30.0,126.0,42.0
981,2025-01-04 09:45:00,East,Fire,847,4,25,Normal,0,21,9,5,1,63.0,114.0,38.0
982,2025-01-04 09:50:00,North,Other,374,1,18,Normal,0,28,9,5,1,21.0,112.0,37.333333333333336
983,2025-01-04 09:55:00,North,Medical,649,3,24,Normal,0,44,9,5,1,28.0,93.0,31.0
984,2025-01-04 10:00:00,North,Police,692,2,29,Severe,0,38,10,5,1,44.0,110.0,36.666666666666664
985,2025-01-04 10:05:00,East,Police,782,2,5,Normal,0,20,10,5,1,38.0,102.0,34.0
986,2025-01-04 10:10:00,North,Other,118,1,24,Normal,0,18,10,5,1,20.0,76.0,25.333333333333332
987,2025-01-04 10:15:00,West,Police,626,2,20,Normal,0,23,10,5,1,18.0,61.0,20.333333333333332
988,2025-01-04 10:20:00,North,Medical,572,3,16,Normal,0,18,10,5,1,23.0,59.0,19.666666666666668
989,2025-01-04 10:25:00,North,Fire,916,4,20,Normal,0,23,10,5,1,18.0,64.0,21.333333333333332
990,2025-01-04 10:30:00,South,Police,294,2,5,Normal,0,17,10,5,1,23.0,58.0,19.333333333333332
991,2025-01-04 10:35:00,North,Medical,736,3,20,Normal,0,25,10,5,1,17.0,65.0,21.666666666666668
992,2025-01-04 10:40:00,West,Police,775,2,29,Normal,0,16,10,5,1,25.0,58.0,19.333333333333332
993,2025-01-04 10:45:00,North,Police,761,2,28,Normal,0,13,10,5,1,16.0,54.0,18.0
994,2025-01-04 10:50:00,West,Medical,355,3,6,Normal,0,27,10,5,1,13.0,56.0,18.666666666666668
995,2025-01-04 10:55:00,East,Medical,772,3,17,Normal,0,13,10,5,1,27.0,53.0,17.666666666666668
996,2025-01-04 11:00:00,North,Police,760,2,13,Normal,0,17,11,5,1,13.0,57.0,19.0
997,2025-01-04 11:05:00,North,Police,459,2,25,Normal,0,21,11,5,1,17.0,51.0,17.0
998,2025-01-04 11:10:00,Central,Medical,841,3,13,Normal,0,22,11,5,1,21.0,60.0,20.0
999,2025-01-04 11:15:00,Central,Medical,499,3,15,Normal,0,19,11,5,1,22.0,62.0,20.666666666666668
1000,2025-01-04 11:20:00,Central,Medical,787,3,7,Normal,1,45,11,5,1,19.0,86.0,28.666666666666668
1001,2025-01-04 11:25:00,South,Police,696,2,10,Normal,0,21,11,5,1,45.0,85.0,28.333333333333332
1002,2025-01-04 11:30:00,East,Police,342,2,5,Normal,0,23,11,5,1,21.0,89.0,29.666666666666668
1003,2025-01-04 11:35:00,West,Police,716,2,9,Normal,0,23,11,5,1,23.0,67.0,22.333333333333332
1004,2025-01-04 11:40:00,East,Medical,308,3,25,Normal,0,18,11,5,1,23.0,64.0,21.333333333333332
1005,2025-01-04 11:45:00,Central,Medical,369,3,6,Normal,0,17,11,5,1,18.0,58.0,19.333333333333332
1006,2025-01-04 11:50:00,Central,Other,137,1,20,Severe,0,41,11,5,1,17.0,76.0,25.333333333333332
1007,2025-01-04 11:55:00,West,Other,236,1,6,Normal,0,19,11,5,1,41.0,77.0,25.666666666666668
1008,2025-01-04 12:00:00,West,Police,223,2,20,Normal,0,27,12,5,1,19.0,87.0,29.0
1009,2025-01-04 12:05:00,West,Police,777,2,14,Normal,0,18,12,5,1,27.0,64.0,21.333333333333332
1010,2025-01-04 12:10:00,West,Police,369,2,18,Normal,0,23,12,5,1,18.0,68.0,22.666666666666668
1011,2025-01-04 12:15:00,Central,Medical,487,3,29,Normal,0,27,12,5,1,23.0,68.0,22.666666666666668
1012,2025-01-04 12:20:00,Central,Police,637,2,26,Normal,1,39,12,5,1,27.0,89.0,29.666666666666668
1013,2025-01-04 12:25:00,East,Police,340,2,14,Normal,0,18,12,5,1,39.0,84.0,28.0
1014,2025-01-04 12:30:00,East,Other,352,1,25,Normal,0,26,12,5,1,18.0,83.0,27.666666666666668
1015,2025-01-04 12:35:00,East,Other,326,1,10,Normal,0,16,12,5,1,26.0,60.0,20.0
1016,2025-01-04 12:40:00,Central,Other,274,1,16,Normal,0,15,12,5,1,16.0,57.0,19.0
1017,2025-01-04 12:45:00,East,Medical,676,3,11,Severe,0,35,12,5,1,15.0,66.0,22.0
1018,2025-01-04 12:50:00,Central,Police,552,2,11,Normal,0,19,12,5,1,35.0,69.0,23.0
1019,2025-01-04 12:55:00,South,Police,275,2,7,Normal,0,18,12,5,1,19.0,72.0,24.0
1020,2025-01-04 13:00:00,West,Fire,901,4,10,Normal,0,18,13,5,1,18.0,55.0,18.333333333333332
1021,2025-01-04 13:05:00,North,Fire,1016,4,7,Normal,0,16,13,5,1,18.0,52.0,17.333333333333332
1022,2025-01-04 13:10:00,East,Other,245,1,11,Normal,0,19,13,5,1,16.0,53.0,17.666666666666668
1023,2025-01-04 13:15:00,West,Medical,534,3,9,Normal,0,22,13,5,1,19.0,57.0,19.0
1024,2025-01-04 13:20:00,East,Fire,1134,4,20,Normal,0,16,13,5,1,22.0,57.0,19.0
1025,2025-01-04 13:25:00,West,Medical,445,3,8,Normal,0,19,13,5,1,16.0,57.0,19.0
1026,2025-01-04 13:30:00,North,Medical,409,3,22,Normal,0,25,13,5,1,19.0,60.0,20.0
1027,2025-01-04 13:35:00,South,Fire,416,4,28,Normal,0,18,13,5,1,25.0,62.0,20.666666666666668
1028,2025-01-04 13:40:00,East,Other,200,1,20,Normal,0,25,13,5,1,18.0,68.0,22.666666666666668
1029,2025-01-04 13:45:00,Central,Fire,683,4,11,Normal,0,17,13,5,1,25.0,60.0,20.0
1030,2025-01-04 13:50:00,South,Medical,638,3,27,Normal,0,17,13,5,1,17.0,59.0,19.666666666666668
1031,2025-01-04 13:55:00,North,Other,191,1,19,Normal,0,9,13,5,1,17.0,43.0,14.333333333333334
1032,2025-01-04 14:00:00,North,Police,612,2,27,Normal,0,23,14,5,1,9.0,49.0,16.333333333333332
1033,2025-01-04 14:05:00,West,Medical,380,3,8,Normal,0,13,14,5,1,23.0,45.0,15.0
1034,2025-01-04 14:10:00,West,Other,296,1,27,Normal,0,22,14,5,1,13.0,58.0,19.333333333333332
1035,2025-01-04 14:15:00,Central,Police,663,2,28,Normal,0,17,14,5,1,22.0,52.0,17.333333333333332
1036,2025-01-04 14:20:00,North,Other,272,1,16,Normal,0,27,14,5,1,17.0,66.0,22.0
1037,2025-01-04 14:25:00,South,Police,749,2,7,Severe,0,36,14,5,1,27.0,80.0,26.666666666666668
1038,2025-01-04 14:30:00,West,Medical,722,3,8,Severe,0,35,14,5,1,36.0,98.0,32.666666666666664
1039,2025-01-04 14:35:00,Central,Medical,421,3,15,Normal,0,16,14,5,1,35.0,87.0,29.0
1040,2025-01-04 14:40:00,Central,Police,326,2,9,Normal,0,19,14,5,1,16.0,70.0,23.333333333333332
1041,2025-01-04 14:45:00,South,Medical,360,3,26,Normal,0,16,14,5,1,19.0,51.0,17.0
1042,2025-01-04 14:50:00,South,Medical,635,3,23,Normal,0,21,14,5,1,16.0,56.0,18.666666666666668
1043,2025-01-04 14:55:00,South,Medical,572,3,28,Severe,0,30,14,5,1,21.0,67.0,22.333333333333332
1044,2025-01-04 15:00:00,East,Medical,889,3,8,Normal,0,24,15,5,1,30.0,75.0,25.0
1045,2025-01-04 15:05:00,South,Other,237,1,16,Normal,0,20,15,5,1,24.0,74.0,24.666666666666668
1046,2025-01-04 15:10:00,South,Other,160,1,12,Normal,0,19,15,5,1,20.0,63.0,21.0
1047,2025-01-04 15:15:00,North,Medical,832,3,18,Normal,0,21,15,5,1,19.0,60.0,20.0
1048,2025-01-04 15:20:00,North,Fire,1161,4,22,Normal,0,25,15,5,1,21.0,65.0,21.666666666666668
1049,2025-01-04 15:25:00,East,Fire,987,4,26,Normal,0,23,15,5,1,25.0,69.0,23.0
1050,2025-01-04 15:30:00,Central,Police,634,2,10,Normal,0,31,15,5,1,23.0,79.0,26.333333333333332
1051,2025-01-04 15:35:00,West,Medical,474,3,25,Normal,0,18,15,5,1,31.0,72.0,24.0
1052,2025-01-04 15:40:00,North,Medical,653,3,15,Normal,1,34,15,5,1,18.0,83.0,27.666666666666668
1053,2025-01-04 15:45:00,South,Police,241,2,29,Normal,0,22,15,5,1,34.0,74.0,24.666666666666668
1054,2025-01-04 15:50:00,West,Police,296,2,27,Normal,0,16,15,5,1,22.0,72.0,24.0
1055,2025-01-04 15:55:00,South,Police,273,2,5,Normal,0,19,15,5,1,16.0,57.0,19.0
1056,2025-01-04 16:00:00,East,Other,214,1,29,Normal,0,24,16,5,1,19.0,59.0,19.666666666666668
1057,2025-01-04 16:05:00,East,Medical,577,3,8,Normal,0,24,16,5,1,24.0,67.0,22.333333333333332
1058,2025-01-04 16:10:00,North,Police,606,2,25,Normal,0,16,16,5,1,24.0,64.0,21.333333333333332
1059,2025-01-04 16:15:00,North,Other,303,1,6,Severe,0,31,16,5,1,16.0,71.0,23.666666666666668
1060,2025-01-04 16:20:00,East,Medical,564,3,26,Normal,0,24,16,5,1,31.0,71.0,23.666666666666668
1061,2025-01-04 16:25:00,South,Medical,412,3,9,Normal,0,19,16,5,1,24.0,74.0,24.666666666666668
1062,2025-01-04 16:30:00,North,Medical,431,3,12,Normal,0,28,16,5,1,19.0,71.0,23.666666666666668
1063,2025-01-04 16:35:00,South,Medical,470,3,18,Normal,0,23,16,5,1,28.0,70.0,23.333333333333332
1064,2025-01-04 16:40:00,North,Other,321,1,11,Severe,0,31,16,5,1,23.0,82.0,27.333333333333332
1065,2025-01-04 16:45:00,South,Fire,1030,4,29,Normal,0,22,16,5,1,31.0,76.0,25.333333333333332
1066,2025-01-04 16:50:00,North,Other,291,1,29,Normal,0,23,16,5,1,22.0,76.0,25.333333333333332
1067,2025-01-04 16:55:00,Central,Police,209,2,10,Normal,0,20,16,5,1,23.0,65.0,21.666666666666668
1068,2025-01-04 17:00:00,Central,Medical,515,3,20,Normal,0,16,17,5,1,20.0,59.0,19.666666666666668
1069,2025-01-04 17:05:00,Central,Fire,745,4,18,Normal,0,19,17,5,1,16.0,55.0,18.333333333333332
1070,2025-01-04 17:10:00,West,Other,179,1,9,Severe,0,39,17,5,1,19.0,74.0,24.666666666666668
1071,2025-01-04 17:15:00,East,Medical,567,3,25,Normal,0,18,17,5,1,39.0,76.0,25.333333333333332
1072,2025-01-04 17:20:00,East,Medical,773,3,7,Normal,0,15,17,5,1,18.0,72.0,24.0
1073,2025-01-04 17:25:00,West,Medical,448,3,11,Severe,0,45,17,5,1,15.0,78.0,26.0
1074,2025-01-04 17:30:00,East,Other,185,1,22,Normal,0,13,17,5,1,45.0,73.0,24.333333333333332
1075,2025-01-04 17:35:00,Central,Medical,592,3,9,Normal,0,22,17,5,1,13.0,80.0,26.666666666666668
1076,2025-01-04 17:40:00,West,Fire,553,4,20,Normal,0,23,17,5,1,22.0,58.0,19.333333333333332
1077,2025-01-04 17:45:00,East,Police,375,2,16,Severe,0,42,17,5,1,23.0,87.0,29.0
1078,2025-01-04 17:50:00,North,Police,381,2,18,Normal,0,21,17,5,1,42.0,86.0,28.666666666666668
1079,2025-01-04 17:55:00,South,Police,294,2,21,Normal,0,26,17,5,1,21.0,89.0,29.666666666666668
1080,2025-01-04 18:00:00,South,Police,772,2,14,Normal,0,37,18,5,1,26.0,84.0,28.0
1081,2025-01-04 18:05:00,Central,Other,267,1,26,Normal,0,20,18,5,1,37.0,83.0,27.666666666666668
1082,2025-01-04 18:10:00,Central,Medical,542,3,23,Normal,0,35,18,5,1,20.0,92.0,30.666666666666668
1083,2025-01-04 18:15:00,East,Medical,610,3,29,Normal,0,32,18,5,1,35.0,87.0,29.0
1084,2025-01-04 18:20:00,North,Fire,493,4,25,Normal,0,30,18,5,1,32.0,97.0,32.333333333333336
1085,2025-01-04 18:25:00,Central,Other,269,1,22,Normal,0,38,18,5,1,30.0,100.0,33.333333333333336
1086,2025-01-04 18:30:00,Central,Police,663,2,27,Normal,0,24,18,5,1,38.0,92.0,30.666666666666668
1087,2025-01-04 18:35:00,Central,Other,270,1,24,Normal,0,37,18,5,1,24.0,99.0,33.0
1088,2025-01-04 18:40:00,East,Other,256,1,10,Normal,0,25,18,5,1,37.0,86.0,28.666666666666668
1089,2025-01-04 18:45:00,Central,Police,681,2,10,Severe,0,58,18,5,1,25.0,120.0,40.0
1090,2025-01-04 18:50:00,Central,Fire,1197,4,29,Normal,1,43,18,5,1,58.0,126.0,42.0
1091,2025-01-04 18:55:00,East,Police,622,2,12,Normal,0,28,18,5,1,43.0,129.0,43.0
1092,2025-01-04 19:00:00,North,Medical,391,3,26,Normal,0,31,19,5,1,28.0,102.0,34.0
1093,2025-01-04 19:05:00,Central,Medical,318,3,23,Normal,1,46,19,5,1,31.0,105.0,35.0
1094,2025-01-04 19:10:00,East,Medical,603,3,9,Normal,0,33,19,5,1,46.0,110.0,36.666666666666664
1095,2025-01-04 19:15:00,Central,Medical,690,3,9,Severe,0,52,19,5,1,33.0,131.0,43.666666666666664
1096,2025-01-04 19:20:00,East,Other,134,1,27,Normal,0,28,19,5,1,52.0,113.0,37.666666666666664
1097,2025-01-04 19:25:00,East,Police,330,2,9,Severe,0,60,19,5,1,28.0,140.0,46.666666666666664
1098,2025-01-04 19:30:00,South,Medical,350,3,9,Normal,0,39,19,5,1,60.0,127.0,42.333333333333336
1099,2025-01-04 19:35:00,West,Medical,686,3,8,Normal,0,17,19,5,1,39.0,116.0,38.666666666666664
1100,2025-01-04 19:40:00,Central,Medical,647,3,29,Normal,0,29,19,5,1,17.0,85.0,28.333333333333332
1101,2025-01-04 19:45:00,South,Police,376,2,23,Normal,0,27,19,5,1,29.0,73.0,24.333333333333332
1102,2025-01-04 19:50:00,East,Other,243,1,12,Severe,0,41,19,5,1,27.0,97.0,32.333333333333336
1103,2025-01-04 19:55:00,East,Other,330,1,19,Normal,0,34,19,5,1,41.0,102.0,34.0
1104,2025-01-04 20:00:00,West,Medical,531,3,26,Normal,0,25,20,5,1,34.0,100.0,33.333333333333336
1105,2025-01-04 20:05:00,Central,Medical,323,3,19,Normal,0,43,20,5,1,25.0,102.0,34.0
1106,2025-01-04 20:10:00,North,Medical,887,3,8,Normal,0,23,20,5,1,43.0,91.0,30.333333333333332
1107,2025-01-04 20:15:00,East,Medical,367,3,28,Normal,0,29,20,5,1,23.0,95.0,31.666666666666668
1108,2025-01-04 20:20:00,South,Police,386,2,10,Normal,0,27,20,5,1,29.0,79.0,26.333333333333332
1109,2025-01-04 20:25:00,Central,Other,238,1,28,Normal,0,39,20,5,1,27.0,95.0,31.666666666666668
1110,2025-01-04 20:30:00,Central,Other,114,1,9,Normal,0,23,20,5,1,39.0,89.0,29.666666666666668
1111,2025-01-04 20:35:00,South,Fire,407,4,13,Normal,0,35,20,5,1,23.0,97.0,32.333333333333336
1112,2025-01-04 20:40:00,East,Police,384,2,14,Normal,0,21,20,5,1,35.0,79.0,26.333333333333332
1113,2025-01-04 20:45:00,West,Police,685,2,28,Normal,0,38,20,5,1,21.0,94.0,31.333333333333332
1114,2025-01-04 20:50:00,West,Medical,442,3,17,Normal,0,30,20,5,1,38.0,89.0,29.666666666666668
1115,2025-01-04 20:55:00,West,Police,292,2,13,Normal,0,31,20,5,1,30.0,99.0,33.0
1116,2025-01-04 21:00:00,South,Fire,1044,4,15,Normal,0,20,21,5,1,31.0,81.0,27.0
1117,2025-01-04 21:05:00,South,Medical,541,3,25,Severe,0,39,21,5,1,20.0,90.0,30.0
1118,2025-01-04 21:10:00,West,Medical,894,3,7,Normal,0,22,21,5,1,39.0,81.0,27.0
1119,2025-01-04 21:15:00,South,Police,214,2,19,Normal,0,19,21,5,1,22.0,80.0,26.666666666666668
1120,2025-01-04 21:20:00,Central,Police,530,2,9,Normal,0,23,21,5,1,19.0,64.0,21.333333333333332
1121,2025-01-04 21:25:00,Central,Police,229,2,14,Normal,0,19,21,5,1,23.0,61.0,20.333333333333332
1122,2025-01-04 21:30:00,North,Medical,346,3,27,Normal,0,22,21,5,1,19.0,64.0,21.333333333333332
1123,2025-01-04 21:35:00,West,Police,228,2,19,Severe,0,31,21,5,1,22.0,72.0,24.0
1124,2025-01-04 21:40:00,East,Other,151,1,6,Normal,0,25,21,5,1,31.0,78.0,26.0
1125,2025-01-04 21:45:00,South,Medical,716,3,10,Normal,0,17,21,5,1,25.0,73.0,24.333333333333332
1126,2025-01-04 21:50:00,South,Other,323,1,9,Normal,0,19,21,5,1,17.0,61.0,20.333333333333332
1127,2025-01-04 21:55:00,North,Police,348,2,15,Normal,0,20,21,5,1,19.0,56.0,18.666666666666668
1128,2025-01-04 22:00:00,North,Fire,847,4,24,Severe,0,40,22,5,1,20.0,79.0,26.333333333333332
1129,2025-01-04 22:05:00,East,Medical,542,3,12,Normal,0,26,22,5,1,40.0,86.0,28.666666666666668
1130,2025-01-04 22:10:00,South,Other,127,1,14,Normal,1,28,22,5,1,26.0,94.0,31.333333333333332
1131,2025-01-04 22:15:00,South,Police,346,2,9,Normal,0,8,22,5,1,28.0,62.0,20.666666666666668
1132,2025-01-04 22:20:00,East,Medical,400,3,11,Severe,0,38,22,5,1,8.0,74.0,24.666666666666668
1133,2025-01-04 22:25:00,East,Medical,641,3,21,Normal,0,22,22,5,1,38.0,68.0,22.666666666666668
1134,2025-01-04 22:30:00,North,Other,365,1,26,Normal,0,27,22,5,1,22.0,87.0,29.0
1135,2025-01-04 22:35:00,East,Other,185,1,15,Normal,0,17,22,5,1,27.0,66.0,22.0
1136,2025-01-04 22:40:00,Central,Police,744,2,16,Normal,0,17,22,5,1,17.0,61.0,20.333333333333332
1137,2025-01-04 22:45:00,Central,Police,485,2,16,Normal,0,20,22,5,1,17.0,54.0,18.0
1138,2025-01-04 22:50:00,South,Medical,312,3,12,Normal,0,22,22,5,1,20.0,59.0,19.666666666666668
1139,2025-01-04 22:55:00,East,Medical,834,3,18,Normal,0,20,22,5,1,22.0,62.0,20.666666666666668
1140,2025-01-04 23:00:00,West,Police,524,2,7,Normal,0,20,23,5,1,20.0,62.0,20.666666666666668
1141,2025-01-04 23:05:00,North,Medical,774,3,26,Normal,0,23,23,5,1,20.0,63.0,21.0
1142,2025-01-04 23:10:00,Central,Other,258,1,29,Normal,0,18,23,5,1,23.0,61.0,20.333333333333332
1143,2025-01-04 23:15:00,Central,Medical,346,3,25,Normal,0,12,23,5,1,18.0,53.0,17.666666666666668
1144,2025-01-04 23:20:00,Central,Medical,531,3,18,Normal,0,23,23,5,1,12.0,53.0,17.666666666666668
1145,2025-01-04 23:25:00,Central,Fire,791,4,27,Normal,0,26,23,5,1,23.0,61.0,20.333333333333332
1146,2025-01-04 23:30:00,Central,Other,259,1,10,Normal,0,13,23,5,1,26.0,62.0,20.666666666666668
1147,2025-01-04 23:35:00,West,Police,712,2,23,Normal,0,18,23,5,1,13.0,57.0,19.0
1148,2025-01-04 23:40:00,West,Fire,532,4,13,Normal,0,14,23,5,1,18.0,45.0,15.0
1149,2025-01-04 23:45:00,East,Medical,471,3,5,Normal,0,16,23,5,1,14.0,48.0,16.0
1150,2025-01-04 23:50:00,East,Medical,835,3,26,Normal,0,24,23,5,1,16.0,54.0,18.0
1151,2025-01-04 23:55:00,East,Medical,497,3,28,Severe,0,44,23,5,1,24.0,84.0,28.0
1152,2025-01-05 00:00:00,South,Other,202,1,27,Normal,0,19,0,6,1,44.0,87.0,29.0
1153,2025-01-05 00:05:00,Central,Other,224,1,29,Normal,0,24,0,6,1,19.0,87.0,29.0
1154,2025-01-05 00:10:00,North,Police,236,2,21,Normal,0,15,0,6,1,24.0,58.0,19.333333333333332
1155,2025-01-05 00:15:00,Central,Medical,345,3,26,Normal,0,23,0,6,1,15.0,62.0,20.666666666666668
1156,2025-01-05 00:20:00,West,Police,710,2,17,Normal,0,25,0,6,1,23.0,63.0,21.0
1157,2025-01-05 00:25:00,East,Medical,533,3,19,Normal,0,27,0,6,1,25.0,75.0,25.0
1158,2025-01-05 00:30:00,North,Other,115,1,16,Normal,0,21,0,6,1,27.0,73.0,24.333333333333332
1159,2025-01-05 00:35:00,West,Medical,774,3,28,Normal,0,23,0,6,1,21.0,71.0,23.666666666666668
1160,2025-01-05 00:40:00,North,Medical,610,3,16,Normal,0,14,0,6,1,23.0,58.0,19.333333333333332
1161,2025-01-05 00:45:00,East,Police,277,2,12,Severe,0,46,0,6,1,14.0,83.0,27.666666666666668
1162,2025-01-05 00:50:00,South,Medical,394,3,21,Normal,0,19,0,6,1,46.0,79.0,26.333333333333332
1163,2025-01-05 00:55:00,North,Medical,592,3,29,Normal,0,19,0,6,1,19.0,84.0,28.0
1164,2025-01-05 01:00:00,North,Medical,790,3,16,Normal,0,21,1,6,1,19.0,59.0,19.666666666666668
1165,2025-01-05 01:05:00,South,Police,239,2,12,Normal,0,13,1,6,1,21.0,53.0,17.666666666666668
1166,2025-01-05 01:10:00,West,Medical,729,3,26,Normal,0,17,1,6,1,13.0,51.0,17.0
1167,2025-01-05 01:15:00,Central,Medical,383,3,5,Normal,0,16,1,6,1,17.0,46.0,15.333333333333334
1168,2025-01-05 01:20:00,South,Police,647,2,22,Normal,0,18,1,6,1,16.0,51.0,17.0
1169,2025-01-05 01:25:00,East,Medical,708,3,29,Normal,0,15,1,6,1,18.0,49.0,16.333333333333332
1170,2025-01-05 01:30:00,East,Police,779,2,19,Normal,0,23,1,6,1,15.0,56.0,18.666666666666668
1171,2025-01-05 01:35:00,West,Police,276,2,11,Normal,0,19,1,6,1,23.0,57.0,19.0
1172,2025-01-05 01:40:00,West,Police,789,2,23,Normal,0,19,1,6,1,19.0,61.0,20.333333333333332
1173,2025-01-05 01:45:00,East,Police,331,2,27,Normal,0,21,1,6,1,19.0,59.0,19.666666666666668
1174,2025-01-05 01:50:00,Central,Medical,759,3,21,Normal,0,18,1,6,1,21.0,58.0,19.333333333333332
1175,2025-01-05 01:55:00,West,Medical,368,3,27,Normal,0,18,1,6,1,18.0,57.0,19.0
1176,2025-01-05 02:00:00,North,Medical,753,3,10,Severe,0,39,2,6,1,18.0,75.0,25.0
1177,2025-01-05 02:05:00,East,Medical,367,3,24,Normal,0,22,2,6,1,39.0,79.0,26.333333333333332
1178,2025-01-05 02:10:00,Central,Medical,325,3,26,Normal,0,20,2,6,1,22.0,81.0,27.0
1179,2025-01-05 02:15:00,North,Police,595,2,14,Normal,0,20,2,6,1,20.0,62.0,20.666666666666668
1180,2025-01-05 02:20:00,West,Police,225,2,25,Normal,1,33,2,6,1,20.0,73.0,24.333333333333332
1181,2025-01-05 02:25:00,East,Medical,761,3,12,Severe,0,40,2,6,1,33.0,93.0,31.0
1182,2025-01-05 02:30:00,East,Other,152,1,28,Severe,0,48,2,6,1,40.0,121.0,40.333333333333336
1183,2025-01-05 02:35:00,South,Medical,746,3,6,Normal,0,20,2,6,1,48.0,108.0,36.0
1184,2025-01-05 02:40:00,South,Police,350,2,19,Normal,0,13,2,6,1,20.0,81.0,27.0
1185,2025-01-05 02:45:00,South,Police,502,2,17,Normal,0,18,2,6,1,13.0,51.0,17.0
1186,2025-01-05 02:50:00,South,Medical,693,3,28,Normal,0,21,2,6,1,18.0,52.0,17.333333333333332
1187,2025-01-05 02:55:00,West,Police,781,2,7,Normal,0,19,2,6,1,21.0,58.0,19.333333333333332
1188,2025-01-05 03:00:00,Central,Other,168,1,29,Normal,0,18,3,6,1,19.0,58.0,19.333333333333332
1189,2025-01-05 03:05:00,East,Medical,361,3,16,Severe,0,40,3,6,1,18.0,77.0,25.666666666666668
1190,2025-01-05 03:10:00,Central,Other,265,1,17,Severe,1,53,3,6,1,40.0,111.0,37.0
1191,2025-01-05 03:15:00,West,Police,507,2,14,Normal,0,16,3,6,1,53.0,109.0,36.333333333333336
1192,2025-01-05 03:20:00,Central,Medical,659,3,14,Normal,0,22,3,6,1,16.0,91.0,30.333333333333332
1193,2025-01-05 03:25:00,East,Fire,845,4,13,Severe,0,40,3,6,1,22.0,78.0,26.0
1194,2025-01-05 03:30:00,South,Medical,652,3,8,Normal,0,24,3,6,1,40.0,86.0,28.666666666666668
1195,2025-01-05 03:35:00,North,Medical,461,3,13,Normal,0,28,3,6,1,24.0,92.0,30.666666666666668
1196,2025-01-05 03:40:00,East,Other,206,1,12,Severe,0,37,3,6,1,28.0,89.0,29.666666666666668
1197,2025-01-05 03:45:00,West,Police,472,2,9,Normal,0,17,3,6,1,37.0,82.0,27.333333333333332
1198,2025-01-05 03:50:00,South,Police,233,2,13,Normal,0,15,3,6,1,17.0,69.0,23.0
1199,2025-01-05 03:55:00,West,Medical,885,3,19,Normal,0,13,3,6,1,15.0,45.0,15.0
1200,2025-01-05 04:00:00,Central,Medical,878,3,26,Normal,0,20,4,6,1,13.0,48.0,16.0
1201,2025-01-05 04:05:00,East,Medical,835,3,7,Normal,0,11,4,6,1,20.0,44.0,14.666666666666666
1202,2025-01-05 04:10:00,East,Medical,310,3,10,Normal,0,14,4,6,1,11.0,45.0,15.0
1203,2025-01-05 04:15:00,West,Other,275,1,7,Normal,0,14,4,6,1,14.0,39.0,13.0
1204,2025-01-05 04:20:00,South,Police,234,2,19,Normal,0,20,4,6,1,14.0,48.0,16.0
1205,2025-01-05 04:25:00,Central,Medical,646,3,12,Normal,0,27,4,6,1,20.0,61.0,20.333333333333332
1206,2025-01-05 04:30:00,East,Police,749,2,23,Normal,0,26,4,6,1,27.0,73.0,24.333333333333332
1207,2025-01-05 04:35:00,East,Police,662,2,28,Normal,1,29,4,6,1,26.0,82.0,27.333333333333332
1208,2025-01-05 04:40:00,South,Medical,883,3,9,Normal,0,17,4,6,1,29.0,72.0,24.0
1209,2025-01-05 04:45:00,Central,Police,247,2,14,Normal,0,27,4,6,1,17.0,73.0,24.333333333333332
1210,2025-01-05 04:50:00,West,Police,596,2,18,Normal,0,21,4,6,1,27.0,65.0,21.666666666666668
1211,2025-01-05 04:55:00,Central,Other,329,1,7,Normal,0,19,4,6,1,21.0,67.0,22.333333333333332
1212,2025-01-05 05:00:00,East,Medical,547,3,9,Normal,0,17,5,6,1,19.0,57.0,19.0
1213,2025-01-05 05:05:00,East,Medical,592,3,10,Normal,0,20,5,6,1,17.0,56.0,18.666666666666668
1214,2025-01-05 05:10:00,East,Other,107,1,17,Normal,0,27,5,6,1,20.0,64.0,21.333333333333332
1215,2025-01-05 05:15:00,South,Fire,517,4,21,Normal,0,26,5,6,1,27.0,73.0,24.333333333333332
1216,2025-01-05 05:20:00,North,Fire,684,4,29,Normal,1,28,5,6,1,26.0,81.0,27.0
1217,2025-01-05 05:25:00,East,Police,642,2,29,Normal,0,15,5,6,1,28.0,69.0,23.0
1218,2025-01-05 05:30:00,North,Medical,545,3,20,Normal,0,16,5,6,1,15.0,59.0,19.666666666666668
1219,2025-01-05 05:35:00,South,Medical,741,3,13,Normal,0,16,5,6,1,16.0,47.0,15.666666666666666
1220,2025-01-05 05:40:00,East,Medical,324,3,10,Normal,0,25,5,6,1,16.0,57.0,19.0
1221,2025-01-05 05:45:00,South,Other,205,1,20,Normal,0,12,5,6,1,25.0,53.0,17.666666666666668
1222,2025-01-05 05:50:00,East,Fire,609,4,17,Normal,0,20,5,6,1,12.0,57.0,19.0
1223,2025-01-05 05:55:00,North,Police,270,2,24,Normal,0,17,5,6,1,20.0,49.0,16.333333333333332
1224,2025-01-05 06:00:00,Central,Other,200,1,27,Normal,0,22,6,6,1,17.0,59.0,19.666666666666668
1225,2025-01-05 06:05:00,North,Medical,475,3,23,Normal,0,17,6,6,1,22.0,56.0,18.666666666666668
1226,2025-01-05 06:10:00,South,Medical,649,3,21,Normal,0,21,6,6,1,17.0,60.0,20.0
1227,2025-01-05 06:15:00,North,Medical,860,3,14,Normal,0,20,6,6,1,21.0,58.0,19.333333333333332
1228,2025-01-05 06:20:00,Central,Medical,611,3,11,Normal,0,22,6,6,1,20.0,63.0,21.0
1229,2025-01-05 06:25:00,Central,Other,156,1,29,Normal,0,21,6,6,1,22.0,63.0,21.0
1230,2025-01-05 06:30:00,West,Medical,411,3,18,Normal,0,17,6,6,1,21.0,60.0,20.0
1231,2025-01-05 06:35:00,West,Police,367,2,26,Normal,0,21,6,6,1,17.0,59.0,19.666666666666668
1232,2025-01-05 06:40:00,North,Other,318,1,21,Normal,0,26,6,6,1,21.0,64.0,21.333333333333332
1233,2025-01-05 06:45:00,West,Fire,531,4,21,Normal,1,37,6,6,1,26.0,84.0,28.0
1234,2025-01-05 06:50:00,Central,Police,645,2,5,Severe,1,66,6,6,1,37.0,129.0,43.0
1235,2025-01-05 06:55:00,Central,Police,351,2,14,Severe,0,49,6,6,1,66.0,152.0,50.666666666666664
1236,2025-01-05 07:00:00,West,Medical,595,3,8,Normal,0,13,7,6,1,49.0,128.0,42.666666666666664
1237,2025-01-05 07:05:00,East,Police,632,2,11,Normal,0,18,7,6,1,13.0,80.0,26.666666666666668
1238,2025-01-05 07:10:00,East,Police,211,2,21,Normal,0,19,7,6,1,18.0,50.0,16.666666666666668
1239,2025-01-05 07:15:00,East,Medical,376,3,20,Normal,0,13,7,6,1,19.0,50.0,16.666666666666668
1240,2025-01-05 07:20:00,South,Police,664,2,26,Normal,0,22,7,6,1,13.0,54.0,18.0
1241,2025-01-05 07:25:00,West,Fire,955,4,6,Normal,0,22,7,6,1,22.0,57.0,19.0
1242,2025-01-05 07:30:00,North,Fire,728,4,18,Severe,1,51,7,6,1,22.0,95.0,31.666666666666668
1243,2025-01-05 07:35:00,West,Fire,1121,4,9,Normal,0,21,7,6,1,51.0,94.0,31.333333333333332
1244,2025-01-05 07:40:00,South,Medical,725,3,24,Normal,0,23,7,6,1,21.0,95.0,31.666666666666668
1245,2025-01-05 07:45:00,North,Police,673,2,5,Normal,0,21,7,6,1,23.0,65.0,21.666666666666668
1246,2025-01-05 07:50:00,North,Medical,364,3,16,Normal,0,20,7,6,1,21.0,64.0,21.333333333333332
1247,2025-01-05 07:55:00,South,Medical,873,3,25,Normal,0,23,7,6,1,20.0,64.0,21.333333333333332
1248,2025-01-05 08:00:00,East,Fire,1189,4,28,Normal,0,29,8,6,1,23.0,72.0,24.0
1249,2025-01-05 08:05:00,North,Police,565,2,25,Normal,0,23,8,6,1,29.0,75.0,25.0
1250,2025-01-05 08:10:00,Central,Medical,360,3,13,Normal,0,28,8,6,1,23.0,80.0,26.666666666666668
1251,2025-01-05 08:15:00,South,Other,144,1,28,Normal,0,30,8,6,1,28.0,81.0,27.0
1252,2025-01-05 08:20:00,South,Police,750,2,25,Normal,0,33,8,6,1,30.0,91.0,30.333333333333332
1253,2025-01-05 08:25:00,East,Other,275,1,26,Normal,0,39,8,6,1,33.0,102.0,34.0
1254,2025-01-05 08:30:00,Central,Medical,878,3,9,Severe,0,54,8,6,1,39.0,126.0,42.0
1255,2025-01-05 08:35:00,North,Police,393,2,25,Normal,0,29,8,6,1,54.0,122.0,40.666666666666664
1256,2025-01-05 08:40:00,West,Medical,821,3,19,Normal,0,30,8,6,1,29.0,113.0,37.666666666666664
1257,2025-01-05 08:45:00,South,Other,105,1,25,Normal,0,41,8,6,1,30.0,100.0,33.333333333333336
1258,2025-01-05 08:50:00,North,Police,243,2,5,Normal,0,28,8,6,1,41.0,99.0,33.0
1259,2025-01-05 08:55:00,Central,Police,669,2,25,Normal,0,29,8,6,1,28.0,98.0,32.666666666666664
1260,2025-01-05 09:00:00,West,Medical,696,3,21,Normal,0,30,9,6,1,29.0,87.0,29.0
1261,2025-01-05 09:05:00,East,Medical,540,3,7,Severe,0,49,9,6,1,30.0,108.0,36.0
1262,2025-01-05 09:10:00,East,Other,263,1,23,Normal,0,36,9,6,1,49.0,115.0,38.333333333333336
1263,2025-01-05 09:15:00,West,Police,341,2,26,Normal,0,35,9,6,1,36.0,120.0,40.0
1264,2025-01-05 09:20:00,South,Medical,477,3,9,Severe,1,74,9,6,1,35.0,145.0,48.333333333333336
1265,2025-01-05 09:25:00,West,Police,484,2,14,Normal,0,20,9,6,1,74.0,129.0,43.0
1266,2025-01-05 09:30:00,West,Fire,474,4,7,Normal,0,36,9,6,1,20.0,130.0,43.333333333333336
1267,2025-01-05 09:35:00,East,Medical,554,3,7,Normal,0,36,9,6,1,36.0,92.0,30.666666666666668
1268,2025-01-05 09:40:00,South,Medical,633,3,17,Normal,0,33,9,6,1,36.0,105.0,35.0
1269,2025-01-05 09:45:00,South,Police,395,2,10,Normal,0,32,9,6,1,33.0,101.0,33.666666666666664
1270,2025-01-05 09:50:00,North,Other,140,1,19,Normal,0,31,9,6,1,32.0,96.0,32.0
1271,2025-01-05 09:55:00,West,Medical,883,3,22,Normal,0,32,9,6,1,31.0,95.0,31.666666666666668
1272,2025-01-05 10:00:00,South,Police,302,2,25,Normal,0,15,10,6,1,32.0,78.0,26.0
1273,2025-01-05 10:05:00,West,Other,149,1,24,Normal,0,27,10,6,1,15.0,74.0,24.666666666666668
1274,2025-01-05 10:10:00,North,Medical,600,3,6,Normal,0,7,10,6,1,27.0,49.0,16.333333333333332
1275,2025-01-05 10:15:00,East,Other,300,1,28,Normal,0,28,10,6,1,7.0,62.0,20.666666666666668
1276,2025-01-05 10:20:00,South,Police,697,2,15,Normal,0,21,10,6,1,28.0,56.0,18.666666666666668
1277,2025-01-05 10:25:00,South,Other,170,1,16,Normal,0,7,10,6,1,21.0,56.0,18.666666666666668
1278,2025-01-05 10:30:00,Central,Police,445,2,20,Normal,0,17,10,6,1,7.0,45.0,15.0
1279,2025-01-05 10:35:00,North,Police,255,2,19,Severe,1,64,10,6,1,17.0,88.0,29.333333333333332
1280,2025-01-05 10:40:00,East,Police,373,2,24,Normal,0,16,10,6,1,64.0,97.0,32.333333333333336
1281,2025-01-05 10:45:00,North,Police,270,2,13,Normal,0,12,10,6,1,16.0,92.0,30.666666666666668
1282,2025-01-05 10:50:00,Central,Medical,755,3,17,Normal,1,35,10,6,1,12.0,63.0,21.0
1283,2025-01-05 10:55:00,West,Other,202,1,13,Normal,0,18,10,6,1,35.0,65.0,21.666666666666668
1284,2025-01-05 11:00:00,North,Medical,587,3,26,Normal,0,24,11,6,1,18.0,77.0,25.666666666666668
1285,2025-01-05 11:05:00,North,Police,357,2,21,Normal,0,11,11,6,1,24.0,53.0,17.666666666666668
1286,2025-01-05 11:10:00,East,Police,673,2,24,Normal,0,32,11,6,1,11.0,67.0,22.333333333333332
1287,2025-01-05 11:15:00,South,Other,179,1,24,Normal,0,16,11,6,1,32.0,59.0,19.666666666666668
1288,2025-01-05 11:20:00,Central,Police,208,2,19,Normal,0,22,11,6,1,16.0,70.0,23.333333333333332
1289,2025-01-05 11:25:00,East,Other,243,1,24,Normal,0,28,11,6,1,22.0,66.0,22.0
1290,2025-01-05 11:30:00,North,Medical,377,3,26,Normal,0,14,11,6,1,28.0,64.0,21.333333333333332
1291,2025-01-05 11:35:00,Central,Other,267,1,5,Normal,0,27,11,6,1,14.0,69.0,23.0
1292,2025-01-05 11:40:00,North,Other,207,1,5,Normal,0,13,11,6,1,27.0,54.0,18.0
1293,2025-01-05 11:45:00,Central,Medical,539,3,17,Normal,0,13,11,6,1,13.0,53.0,17.666666666666668
1294,2025-01-05 11:50:00,Central,Medical,333,3,22,Normal,0,12,11,6,1,13.0,38.0,12.666666666666666
1295,2025-01-05 11:55:00,West,Police,575,2,24,Normal,0,22,11,6,1,12.0,47.0,15.666666666666666
1296,2025-01-05 12:00:00,East,Police,265,2,28,Normal,0,24,12,6,1,22.0,58.0,19.333333333333332
1297,2025-01-05 12:05:00,Central,Medical,374,3,14,Normal,0,23,12,6,1,24.0,69.0,23.0
1298,2025-01-05 12:10:00,West,Fire,561,4,25,Severe,1,39,12,6,1,23.0,86.0,28.666666666666668
1299,2025-01-05 12:15:00,West,Fire,546,4,26,Normal,0,14,12,6,1,39.0,76.0,25.333333333333332
1300,2025-01-05 12:20:00,North,Police,241,2,19,Normal,0,17,12,6,1,14.0,70.0,23.333333333333332
1301,2025-01-05 12:25:00,West,Medical,313,3,23,Normal,0,30,12,6,1,17.0,61.0,20.333333333333332
1302,2025-01-05 12:30:00,North,Other,231,1,21,Normal,0,22,12,6,1,30.0,69.0,23.0
1303,2025-01-05 12:35:00,Central,Medical,693,3,12,Normal,0,20,12,6,1,22.0,72.0,24.0
1304,2025-01-05 12:40:00,West,Police,605,2,29,Normal,0,23,12,6,1,20.0,65.0,21.666666666666668
1305,2025-01-05 12:45:00,South,Medical,406,3,9,Severe,0,42,12,6,1,23.0,85.0,28.333333333333332
1306,2025-01-05 12:50:00,South,Police,754,2,18,Normal,0,14,12,6,1,42.0,79.0,26.333333333333332
1307,2025-01-05 12:55:00,Central,Fire,675,4,28,Normal,0,25,12,6,1,14.0,81.0,27.0
1308,2025-01-05 13:00:00,South,Medical,605,3,12,Normal,0,27,13,6,1,25.0,66.0,22.0
1309,2025-01-05 13:05:00,West,Other,330,1,8,Normal,0,15,13,6,1,27.0,67.0,22.333333333333332
1310,2025-01-05 13:10:00,North,Medical,323,3,19,Normal,0,17,13,6,1,15.0,59.0,19.666666666666668
1311,2025-01-05 13:15:00,West,Medical,582,3,18,Normal,0,11,13,6,1,17.0,43.0,14.333333333333334
1312,2025-01-05 13:20:00,West,Medical,415,3,27,Normal,1,30,13,6,1,11.0,58.0,19.333333333333332
1313,2025-01-05 13:25:00,West,Police,778,2,6,Severe,0,37,13,6,1,30.0,78.0,26.0
1314,2025-01-05 13:30:00,North,Medical,753,3,25,Normal,0,20,13,6,1,37.0,87.0,29.0
1315,2025-01-05 13:35:00,Central,Medical,493,3,18,Normal,0,23,13,6,1,20.0,80.0,26.666666666666668
1316,2025-01-05 13:40:00,North,Fire,440,4,8,Normal,0,19,13,6,1,23.0,62.0,20.666666666666668
1317,2025-01-05 13:45:00,South,Medical,435,3,27,Normal,0,25,13,6,1,19.0,67.0,22.333333333333332
1318,2025-01-05 13:50:00,West,Medical,829,3,11,Normal,0,26,13,6,1,25.0,70.0,23.333333333333332
1319,2025-01-05 13:55:00,East,Other,348,1,7,Normal,0,19,13,6,1,26.0,70.0,23.333333333333332
1320,2025-01-05 14:00:00,East,Medical,476,3,24,Normal,0,20,14,6,1,19.0,65.0,21.666666666666668
1321,2025-01-05 14:05:00,East,Medical,760,3,10,Normal,0,26,14,6,1,20.0,65.0,21.666666666666668
1322,2025-01-05 14:10:00,East,Police,238,2,14,Normal,0,20,14,6,1,26.0,66.0,22.0
1323,2025-01-05 14:15:00,East,Medical,394,3,29,Normal,0,22,14,6,1,20.0,68.0,22.666666666666668
1324,2025-01-05 14:20:00,West,Medical,854,3,24,Normal,0,17,14,6,1,22.0,59.0,19.666666666666668
1325,2025-01-05 14:25:00,East,Police,571,2,23,Normal,0,16,14,6,1,17.0,55.0,18.333333333333332
1326,2025-01-05 14:30:00,Central,Police,760,2,10,Normal,0,16,14,6,1,16.0,49.0,16.333333333333332
1327,2025-01-05 14:35:00,West,Police,790,2,27,Normal,0,23,14,6,1,16.0,55.0,18.333333333333332
1328,2025-01-05 14:40:00,North,Police,307,2,24,Normal,0,22,14,6,1,23.0,61.0,20.333333333333332
1329,2025-01-05 14:45:00,West,Police,282,2,22,Normal,0,26,14,6,1,22.0,71.0,23.666666666666668
1330,2025-01-05 14:50:00,West,Medical,561,3,29,Normal,0,18,14,6,1,26.0,66.0,22.0
1331,2025-01-05 14:55:00,South,Other,108,1,6,Normal,1,29,14,6,1,18.0,73.0,24.333333333333332
1332,2025-01-05 15:00:00,North,Police,215,2,5,Normal,0,15,15,6,1,29.0,62.0,20.666666666666668
1333,2025-01-05 15:05:00,Central,Medical,695,3,14,Severe,0,30,15,6,1,15.0,74.0,24.666666666666668
1334,2025-01-05 15:10:00,East,Police,604,2,5,Normal,0,20,15,6,1,30.0,65.0,21.666666666666668
1335,2025-01-05 15:15:00,North,Medical,322,3,24,Normal,0,23,15,6,1,20.0,73.0,24.333333333333332
1336,2025-01-05 15:20:00,Central,Police,649,2,25,Normal,0,20,15,6,1,23.0,63.0,21.0
1337,2025-01-05 15:25:00,East,Other,385,1,10,Normal,1,31,15,6,1,20.0,74.0,24.666666666666668
1338,2025-01-05 15:30:00,North,Other,148,1,25,Normal,0,19,15,6,1,31.0,70.0,23.333333333333332
1339,2025-01-05 15:35:00,North,Medical,865,3,25,Normal,0,20,15,6,1,19.0,70.0,23.333333333333332
1340,2025-01-05 15:40:00,North,Fire,1060,4,22,Severe,0,35,15,6,1,20.0,74.0,24.666666666666668
1341,2025-01-05 15:45:00,West,Police,249,2,18,Normal,0,13,15,6,1,35.0,68.0,22.666666666666668
1342,2025-01-05 15:50:00,North,Medical,463,3,21,Normal,0,26,15,6,1,13.0,74.0,24.666666666666668
1343,2025-01-05 15:55:00,South,Police,392,2,27,Normal,0,28,15,6,1,26.0,67.0,22.333333333333332
1344,2025-01-05 16:00:00,Central,Police,621,2,8,Normal,0,20,16,6,1,28.0,74.0,24.666666666666668
1345,2025-01-05 16:05:00,South,Other,199,1,10,Normal,0,18,16,6,1,20.0,66.0,22.0
1346,2025-01-05 16:10:00,East,Fire,925,4,6,Normal,0,15,16,6,1,18.0,53.0,17.666666666666668
1347,2025-01-05 16:15:00,North,Medical,314,3,7,Normal,0,23,16,6,1,15.0,56.0,18.666666666666668
1348,2025-01-05 16:20:00,Central,Fire,801,4,25,Normal,0,17,16,6,1,23.0,55.0,18.333333333333332
1349,2025-01-05 16:25:00,North,Other,284,1,28,Normal,0,23,16,6,1,17.0,63.0,21.0
1350,2025-01-05 16:30:00,West,Police,665,2,12,Normal,0,19,16,6,1,23.0,59.0,19.666666666666668
1351,2025-01-05 16:35:00,West,Medical,335,3,17,Normal,0,24,16,6,1,19.0,66.0,22.0
1352,2025-01-05 16:40:00,East,Medical,527,3,14,Normal,0,19,16,6,1,24.0,62.0,20.666666666666668
1353,2025-01-05 16:45:00,East,Other,359,1,9,Normal,0,25,16,6,1,19.0,68.0,22.666666666666668
1354,2025-01-05 16:50:00,South,Fire,1100,4,20,Normal,0,23,16,6,1,25.0,67.0,22.333333333333332
1355,2025-01-05 16:55:00,East,Medical,772,3,28,Normal,0,18,16,6,1,23.0,66.0,22.0
1356,2025-01-05 17:00:00,South,Other,201,1,13,Normal,0,17,17,6,1,18.0,58.0,19.333333333333332
1357,2025-01-05 17:05:00,East,Medical,410,3,12,Normal,0,19,17,6,1,17.0,54.0,18.0
1358,2025-01-05 17:10:00,North,Medical,609,3,21,Normal,0,20,17,6,1,19.0,56.0,18.666666666666668
1359,2025-01-05 17:15:00,East,Medical,485,3,12,Normal,0,23,17,6,1,20.0,62.0,20.666666666666668
1360,2025-01-05 17:20:00,West,Police,556,2,7,Normal,0,17,17,6,1,23.0,60.0,20.0
1361,2025-01-05 17:25:00,East,Police,768,2,13,Normal,0,20,17,6,1,17.0,60.0,20.0
1362,2025-01-05 17:30:00,Central,Police,383,2,27,Normal,0,19,17,6,1,20.0,56.0,18.666666666666668
1363,2025-01-05 17:35:00,North,Fire,408,4,16,Normal,0,23,17,6,1,19.0,62.0,20.666666666666668
1364,2025-01-05 17:40:00,East,Other,302,1,25,Normal,0,29,17,6,1,23.0,71.0,23.666666666666668
1365,2025-01-05 17:45:00,Central,Other,137,1,25,Normal,0,21,17,6,1,29.0,73.0,24.333333333333332
1366,2025-01-05 17:50:00,West,Medical,798,3,22,Normal,0,19,17,6,1,21.0,69.0,23.0
1367,2025-01-05 17:55:00,West,Medical,684,3,7,Normal,0,13,17,6,1,19.0,53.0,17.666666666666668
1368,2025-01-05 18:00:00,West,Fire,998,4,11,Normal,0,30,18,6,1,13.0,62.0,20.666666666666668
1369,2025-01-05 18:05:00,South,Medical,650,3,10,Normal,0,33,18,6,1,30.0,76.0,25.333333333333332
1370,2025-01-05 18:10:00,Central,Other,371,1,6,Severe,0,50,18,6,1,33.0,113.0,37.666666666666664
1371,2025-01-05 18:15:00,East,Other,145,1,16,Normal,0,24,18,6,1,50.0,107.0,35.666666666666664
1372,2025-01-05 18:20:00,Central,Fire,864,4,25,Normal,0,29,18,6,1,24.0,103.0,34.333333333333336
1373,2025-01-05 18:25:00,East,Police,400,2,10,Normal,0,23,18,6,1,29.0,76.0,25.333333333333332
1374,2025-01-05 18:30:00,South,Fire,889,4,22,Normal,0,24,18,6,1,23.0,76.0,25.333333333333332
1375,2025-01-05 18:35:00,East,Police,533,2,26,Normal,0,27,18,6,1,24.0,74.0,24.666666666666668
1376,2025-01-05 18:40:00,East,Other,136,1,15,Normal,0,31,18,6,1,27.0,82.0,27.333333333333332
1377,2025-01-05 18:45:00,South,Police,407,2,24,Normal,0,40,18,6,1,31.0,98.0,32.666666666666664
1378,2025-01-05 18:50:00,West,Police,373,2,19,Normal,1,52,18,6,1,40.0,123.0,41.0
1379,2025-01-05 18:55:00,West,Police,486,2,13,Normal,0,28,18,6,1,52.0,120.0,40.0
1380,2025-01-05 19:00:00,North,Other,127,1,26,Normal,0,29,19,6,1,28.0,109.0,36.333333333333336
1381,2025-01-05 19:05:00,West,Medical,533,3,28,Normal,0,31,19,6,1,29.0,88.0,29.333333333333332
1382,2025-01-05 19:10:00,Central,Police,738,2,13,Normal,0,29,19,6,1,31.0,89.0,29.666666666666668
1383,2025-01-05 19:15:00,North,Medical,380,3,24,Normal,0,20,19,6,1,29.0,80.0,26.666666666666668
1384,2025-01-05 19:20:00,West,Medical,753,3,29,Normal,0,29,19,6,1,20.0,78.0,26.0
1385,2025-01-05 19:25:00,North,Other,315,1,26,Normal,0,22,19,6,1,29.0,71.0,23.666666666666668
1386,2025-01-05 19:30:00,Central,Other,367,1,27,Normal,0,25,19,6,1,22.0,76.0,25.333333333333332
1387,2025-01-05 19:35:00,North,Medical,347,3,9,Normal,0,24,19,6,1,25.0,71.0,23.666666666666668
1388,2025-01-05 19:40:00,South,Police,688,2,10,Normal,0,34,19,6,1,24.0,83.0,27.666666666666668
1389,2025-01-05 19:45:00,North,Medical,381,3,18,Normal,0,25,19,6,1,34.0,83.0,27.666666666666668
1390,2025-01-05 19:50:00,East,Fire,1038,4,5,Normal,0,37,19,6,1,25.0,96.0,32.0
1391,2025-01-05 19:55:00,East,Fire,1050,4,24,Normal,0,32,19,6,1,37.0,94.0,31.333333333333332
1392,2025-01-05 20:00:00,South,Police,511,2,12,Normal,0,24,20,6,1,32.0,93.0,31.0
1393,2025-01-05 20:05:00,North,Medical,341,3,14,Normal,0,37,20,6,1,24.0,93.0,31.0
1394,2025-01-05 20:10:00,Central,Medical,830,3,25,Normal,0,23,20,6,1,37.0,84.0,28.0
1395,2025-01-05 20:15:00,Central,Medical,679,3,11,Normal,0,40,20,6,1,23.0,100.0,33.333333333333336
1396,2025-01-05 20:20:00,North,Fire,1198,4,16,Normal,0,42,20,6,1,40.0,105.0,35.0
1397,2025-01-05 20:25:00,West,Police,625,2,18,Normal,0,33,20,6,1,42.0,115.0,38.333333333333336
1398,2025-01-05 20:30:00,North,Police,705,2,18,Normal,1,55,20,6,1,33.0,130.0,43.333333333333336
1399,2025-01-05 20:35:00,North,Medical,502,3,5,Normal,0,37,20,6,1,55.0,125.0,41.666666666666664
1400,2025-01-05 20:40:00,Central,Medical,369,3,20,Normal,0,28,20,6,1,37.0,120.0,40.0
1401,2025-01-05 20:45:00,East,Medical,721,3,7,Normal,0,33,20,6,1,28.0,98.0,32.666666666666664
1402,2025-01-05 20:50:00,Central,Police,682,2,17,Normal,0,34,20,6,1,33.0,95.0,31.666666666666668
1403,2025-01-05 20:55:00,East,Other,221,1,13,Normal,0,33,20,6,1,34.0,100.0,33.333333333333336
1404,2025-01-05 21:00:00,Central,Medical,797,3,18,Normal,0,25,21,6,1,33.0,92.0,30.666666666666668
1405,2025-01-05 21:05:00,West,Medical,659,3,5,Normal,0,21,21,6,1,25.0,79.0,26.333333333333332
1406,2025-01-05 21:10:00,South,Police,502,2,18,Normal,0,21,21,6,1,21.0,67.0,22.333333333333332
1407,2025-01-05 21:15:00,Central,Medical,412,3,26,Normal,0,26,21,6,1,21.0,68.0,22.666666666666668
1408,2025-01-05 21:20:00,North,Fire,910,4,29,Normal,0,18,21,6,1,26.0,65.0,21.666666666666668
1409,2025-01-05 21:25:00,South,Medical,507,3,21,Normal,0,22,21,6,1,18.0,66.0,22.0
1410,2025-01-05 21:30:00,Central,Police,692,2,23,Normal,1,38,21,6,1,22.0,78.0,26.0
1411,2025-01-05 21:35:00,East,Police,730,2,28,Normal,0,19,21,6,1,38.0,79.0,26.333333333333332
1412,2025-01-05 21:40:00,West,Medical,629,3,22,Normal,0,13,21,6,1,19.0,70.0,23.333333333333332
1413,2025-01-05 21:45:00,West,Police,685,2,8,Normal,0,20,21,6,1,13.0,52.0,17.333333333333332
1414,2025-01-05 21:50:00,East,Medical,824,3,18,Normal,0,19,21,6,1,20.0,52.0,17.333333333333332
1415,2025-01-05 21:55:00,West,Medical,498,3,22,Normal,0,16,21,6,1,19.0,55.0,18.333333333333332
1416,2025-01-05 22:00:00,South,Other,326,1,23,Normal,0,19,22,6,1,16.0,54.0,18.0
1417,2025-01-05 22:05:00,Central,Medical,519,3,20,Normal,0,17,22,6,1,19.0,52.0,17.333333333333332
1418,2025-01-05 22:10:00,East,Other,276,1,6,Normal,0,22,22,6,1,17.0,58.0,19.333333333333332
1419,2025-01-05 22:15:00,East,Medical,711,3,29,Normal,0,28,22,6,1,22.0,67.0,22.333333333333332
1420,2025-01-05 22:20:00,Central,Police,427,2,6,Normal,0,29,22,6,1,28.0,79.0,26.333333333333332
1421,2025-01-05 22:25:00,South,Other,265,1,27,Normal,0,20,22,6,1,29.0,77.0,25.666666666666668
1422,2025-01-05 22:30:00,North,Police,321,2,28,Normal,0,18,22,6,1,20.0,67.0,22.333333333333332
1423,2025-01-05 22:35:00,West,Police,772,2,12,Normal,0,17,22,6,1,18.0,55.0,18.333333333333332
1424,2025-01-05 22:40:00,Central,Medical,307,3,13,Normal,0,21,22,6,1,17.0,56.0,18.666666666666668
1425,2025-01-05 22:45:00,East,Police,282,2,11,Normal,0,25,22,6,1,21.0,63.0,21.0
1426,2025-01-05 22:50:00,East,Other,206,1,27,Normal,0,14,22,6,1,25.0,60.0,20.0
1427,2025-01-05 22:55:00,Central,Other,365,1,25,Normal,0,18,22,6,1,14.0,57.0,19.0
1428,2025-01-05 23:00:00,South,Medical,671,3,21,Normal,0,28,23,6,1,18.0,60.0,20.0
1429,2025-01-05 23:05:00,North,Medical,446,3,16,Normal,0,21,23,6,1,28.0,67.0,22.333333333333332
1430,2025-01-05 23:10:00,Central,Other,385,1,16,Normal,0,19,23,6,1,21.0,68.0,22.666666666666668
1431,2025-01-05 23:15:00,Central,Police,240,2,29,Normal,0,21,23,6,1,19.0,61.0,20.333333333333332
1432,2025-01-05 23:20:00,South,Police,551,2,5,Normal,0,19,23,6,1,21.0,59.0,19.666666666666668
1433,2025-01-05 23:25:00,North,Other,104,1,6,Normal,0,21,23,6,1,19.0,61.0,20.333333333333332
1434,2025-01-05 23:30:00,Central,Police,697,2,29,Normal,0,13,23,6,1,21.0,53.0,17.666666666666668
1435,2025-01-05 23:35:00,Central,Other,182,1,6,Normal,0,16,23,6,1,13.0,50.0,16.666666666666668
1436,2025-01-05 23:40:00,North,Police,618,2,17,Normal,0,20,23,6,1,16.0,49.0,16.333333333333332
1437,2025-01-05 23:45:00,Central,Other,118,1,27,Normal,0,18,23,6,1,20.0,54.0,18.0
1438,2025-01-05 23:50:00,East,Police,699,2,18,Severe,0,46,23,6,1,18.0,84.0,28.0
1439,2025-01-05 23:55:00,Central,Police,586,2,14,Normal,0,18,23,6,1,46.0,82.0,27.333333333333332
1440,2025-01-06 00:00:00,East,Fire,699,4,17,Normal,0,19,0,0,0,18.0,83.0,27.666666666666668
1441,2025-01-06 00:05:00,East,Medical,681,3,25,Normal,0,18,0,0,0,19.0,55.0,18.333333333333332
1442,2025-01-06 00:10:00,South,Medical,558,3,14,Normal,0,19,0,0,0,18.0,56.0,18.666666666666668
1443,2025-01-06 00:15:00,South,Police,209,2,27,Normal,0,15,0,0,0,19.0,52.0,17.333333333333332
1444,2025-01-06 00:20:00,Central,Police,504,2,6,Severe,0,34,0,0,0,15.0,68.0,22.666666666666668
1445,2025-01-06 00:25:00,South,Medical,506,3,9,Normal,0,15,0,0,0,34.0,64.0,21.333333333333332
1446,2025-01-06 00:30:00,West,Medical,501,3,12,Normal,0,22,0,0,0,15.0,71.0,23.666666666666668
1447,2025-01-06 00:35:00,South,Other,282,1,27,Normal,0,16,0,0,0,22.0,53.0,17.666666666666668
1448,2025-01-06 00:40:00,East,Other,300,1,19,Normal,0,21,0,0,0,16.0,59.0,19.666666666666668
1449,2025-01-06 00:45:00,South,Police,591,2,23,Normal,0,22,0,0,0,21.0,59.0,19.666666666666668
1450,2025-01-06 00:50:00,South,Other,231,1,9,Normal,0,17,0,0,0,22.0,60.0,20.0
1451,2025-01-06 00:55:00,Central,Fire,1086,4,22,Normal,0,21,0,0,0,17.0,60.0,20.0
1452,2025-01-06 01:00:00,Central,Other,190,1,28,Normal,0,21,1,0,0,21.0,59.0,19.666666666666668
1453,2025-01-06 01:05:00,West,Medical,736,3,27,Normal,0,18,1,0,0,21.0,60.0,20.0
1454,2025-01-06 01:10:00,East,Medical,605,3,27,Normal,0,10,1,0,0,18.0,49.0,16.333333333333332
1455,2025-01-06 01:15:00,East,Medical,476,3,5,Normal,0,19,1,0,0,10.0,47.0,15.666666666666666
1456,2025-01-06 01:20:00,East,Police,682,2,10,Normal,0,15,1,0,0,19.0,44.0,14.666666666666666
1457,2025-01-06 01:25:00,East,Medical,337,3,15,Normal,0,15,1,0,0,15.0,49.0,16.333333333333332
1458,2025-01-06 01:30:00,East,Police,444,2,21,Normal,1,31,1,0,0,15.0,61.0,20.333333333333332
1459,2025-01-06 01:35:00,East,Other,168,1,23,Normal,0,30,1,0,0,31.0,76.0,25.333333333333332
1460,2025-01-06 01:40:00,West,Other,254,1,17,Normal,0,18,1,0,0,30.0,79.0,26.333333333333332
1461,2025-01-06 01:45:00,South,Police,654,2,20,Severe,0,35,1,0,0,18.0,83.0,27.666666666666668
1462,2025-01-06 01:50:00,West,Other,341,1,18,Normal,0,19,1,0,0,35.0,72.0,24.0
1463,2025-01-06 01:55:00,South,Medical,349,3,19,Normal,0,27,1,0,0,19.0,81.0,27.0
1464,2025-01-06 02:00:00,Central,Police,519,2,13,Normal,0,27,2,0,0,27.0,73.0,24.333333333333332
1465,2025-01-06 02:05:00,West,Police,697,2,23,Normal,0,19,2,0,0,27.0,73.0,24.333333333333332
1466,2025-01-06 02:10:00,Central,Other,107,1,9,Normal,0,30,2,0,0,19.0,76.0,25.333333333333332
1467,2025-01-06 02:15:00,North,Police,252,2,21,Severe,0,53,2,0,0,30.0,102.0,34.0
1468,2025-01-06 02:20:00,North,Other,265,1,7,Normal,0,22,2,0,0,53.0,105.0,35.0
1469,2025-01-06 02:25:00,West,Police,217,2,20,Normal,0,28,2,0,0,22.0,103.0,34.333333333333336
1470,2025-01-06 02:30:00,West,Fire,682,4,7,Normal,0,18,2,0,0,28.0,68.0,22.666666666666668
1471,2025-01-06 02:35:00,South,Medical,890,3,23,Normal,0,21,2,0,0,18.0,67.0,22.333333333333332
1472,2025-01-06 02:40:00,South,Police,793,2,8,Normal,0,14,2,0,0,21.0,53.0,17.666666666666668
1473,2025-01-06 02:45:00,North,Police,648,2,25,Normal,0,16,2,0,0,14.0,51.0,17.0
1474,2025-01-06 02:50:00,Central,Fire,1051,4,24,Normal,0,21,2,0,0,16.0,51.0,17.0
1475,2025-01-06 02:55:00,West,Medical,572,3,14,Normal,0,19,2,0,0,21.0,56.0,18.666666666666668
1476,2025-01-06 03:00:00,West,Police,486,2,6,Normal,0,17,3,0,0,19.0,57.0,19.0
1477,2025-01-06 03:05:00,West,Medical,709,3,7,Normal,0,22,3,0,0,17.0,58.0,19.333333333333332
1478,2025-01-06 03:10:00,East,Other,136,1,9,Normal,0,19,3,0,0,22.0,58.0,19.333333333333332
1479,2025-01-06 03:15:00,South,Fire,935,4,18,Normal,0,25,3,0,0,19.0,66.0,22.0
1480,2025-01-06 03:20:00,Central,Medical,384,3,14,Normal,0,18,3,0,0,25.0,62.0,20.666666666666668
1481,2025-01-06 03:25:00,North,Police,450,2,8,Normal,0,23,3,0,0,18.0,66.0,22.0
1482,2025-01-06 03:30:00,Central,Fire,616,4,5,Normal,0,18,3,0,0,23.0,59.0,19.666666666666668
1483,2025-01-06 03:35:00,Central,Medical,641,3,23,Normal,0,28,3,0,0,18.0,69.0,23.0
1484,2025-01-06 03:40:00,East,Other,188,1,28,Severe,0,42,3,0,0,28.0,88.0,29.333333333333332
1485,2025-01-06 03:45:00,North,Medical,531,3,18,Normal,0,15,3,0,0,42.0,85.0,28.333333333333332
1486,2025-01-06 03:50:00,West,Medical,843,3,13,Normal,0,26,3,0,0,15.0,83.0,27.666666666666668
1487,2025-01-06 03:55:00,South,Medical,731,3,15,Severe,0,43,3,0,0,26.0,84.0,28.0
1488,2025-01-06 04:00:00,Central,Other,255,1,10,Normal,0,23,4,0,0,43.0,92.0,30.666666666666668
1489,2025-01-06 04:05:00,Central,Police,550,2,8,Normal,0,19,4,0,0,23.0,85.0,28.333333333333332
1490,2025-01-06 04:10:00,Central,Police,356,2,27,Normal,0,19,4,0,0,19.0,61.0,20.333333333333332
1491,2025-01-06 04:15:00,Central,Fire,801,4,18,Normal,1,26,4,0,0,19.0,64.0,21.333333333333332
1492,2025-01-06 04:20:00,South,Other,260,1,13,Normal,0,20,4,0,0,26.0,65.0,21.666666666666668
1493,2025-01-06 04:25:00,West,Medical,882,3,8,Normal,0,18,4,0,0,20.0,64.0,21.333333333333332
1494,2025-01-06 04:30:00,South,Police,577,2,12,Severe,0,38,4,0,0,18.0,76.0,25.333333333333332
1495,2025-01-06 04:35:00,South,Medical,819,3,17,Normal,0,32,4,0,0,38.0,88.0,29.333333333333332
1496,2025-01-06 04:40:00,South,Fire,726,4,14,Normal,0,20,4,0,0,32.0,90.0,30.0
1497,2025-01-06 04:45:00,Central,Other,361,1,21,Normal,0,17,4,0,0,20.0,69.0,23.0
1498,2025-01-06 04:50:00,North,Police,377,2,25,Normal,0,25,4,0,0,17.0,62.0,20.666666666666668
1499,2025-01-06 04:55:00,Central,Other,105,1,8,Normal,0,18,4,0,0,25.0,60.0,20.0
1500,2025-01-06 05:00:00,Central,Other,298,1,21,Normal,0,21,5,0,0,18.0,64.0,21.333333333333332
1501,2025-01-06 05:05:00,North,Other,151,1,26,Normal,0,24,5,0,0,21.0,63.0,21.0
1502,2025-01-06 05:10:00,West,Medical,808,3,8,Normal,0,23,5,0,0,24.0,68.0,22.666666666666668
1503,2025-01-06 05:15:00,North,Other,291,1,8,Normal,0,31,5,0,0,23.0,78.0,26.0
1504,2025-01-06 05:20:00,Central,Medical,406,3,6,Normal,0,23,5,0,0,31.0,77.0,25.666666666666668
1505,2025-01-06 05:25:00,East,Other,289,1,29,Normal,0,14,5,0,0,23.0,68.0,22.666666666666668
1506,2025-01-06 05:30:00,South,Police,798,2,12,Normal,0,28,5,0,0,14.0,65.0,21.666666666666668
1507,2025-01-06 05:35:00,Central,Fire,865,4,5,Normal,0,24,5,0,0,28.0,66.0,22.0
1508,2025-01-06 05:40:00,West,Police,675,2,17,Normal,0,17,5,0,0,24.0,69.0,23.0
1509,2025-01-06 05:45:00,East,Other,173,1,19,Normal,0,25,5,0,0,17.0,66.0,22.0
1510,2025-01-06 05:50:00,North,Medical,537,3,17,Normal,0,22,5,0,0,25.0,64.0,21.333333333333332
1511,2025-01-06 05:55:00,North,Other,332,1,19,Normal,0,26,5,0,0,22.0,73.0,24.333333333333332
1512,2025-01-06 06:00:00,East,Police,708,2,18,Normal,0,16,6,0,0,26.0,64.0,21.333333333333332
1513,2025-01-06 06:05:00,South,Medical,717,3,13,Normal,0,17,6,0,0,16.0,59.0,19.666666666666668
1514,2025-01-06 06:10:00,West,Police,302,2,16,Normal,0,25,6,0,0,17.0,58.0,19.333333333333332
1515,2025-01-06 06:15:00,West,Medical,328,3,23,Normal,0,17,6,0,0,25.0,59.0,19.666666666666668
1516,2025-01-06 06:20:00,North,Other,354,1,27,Severe,0,30,6,0,0,17.0,72.0,24.0
1517,2025-01-06 06:25:00,West,Medical,455,3,18,Normal,0,18,6,0,0,30.0,65.0,21.666666666666668
1518,2025-01-06 06:30:00,South,Police,705,2,7,Normal,0,17,6,0,0,18.0,65.0,21.666666666666668
1519,2025-01-06 06:35:00,East,Police,461,2,15,Normal,0,35,6,0,0,17.0,70.0,23.333333333333332
1520,2025-01-06 06:40:00,Central,Other,215,1,29,Normal,0,17,6,0,0,35.0,69.0,23.0
1521,2025-01-06 06:45:00,North,Medical,556,3,12,Normal,0,17,6,0,0,17.0,69.0,23.0
1522,2025-01-06 06:50:00,North,Police,587,2,25,Normal,0,9,6,0,0,17.0,43.0,14.333333333333334
1523,2025-01-06 06:55:00,South,Police,564,2,27,Normal,0,20,6,0,0,9.0,46.0,15.333333333333334
1524,2025-01-06 07:00:00,East,Medical,454,3,19,Normal,0,16,7,0,0,20.0,45.0,15.0
1525,2025-01-06 07:05:00,South,Medical,475,3,25,Normal,1,27,7,0,0,16.0,63.0,21.0
1526,2025-01-06 07:10:00,West,Police,428,2,28,Normal,0,17,7,0,0,27.0,60.0,20.0
1527,2025-01-06 07:15:00,North,Other,244,1,8,Normal,0,22,7,0,0,17.0,66.0,22.0
1528,2025-01-06 07:20:00,East,Fire,595,4,21,Normal,1,33,7,0,0,22.0,72.0,24.0
1529,2025-01-06 07:25:00,West,Police,269,2,27,Normal,0,23,7,0,0,33.0,78.0,26.0
1530,2025-01-06 07:30:00,South,Medical,512,3,24,Normal,0,15,7,0,0,23.0,71.0,23.666666666666668
1531,2025-01-06 07:35:00,Central,Other,189,1,12,Normal,0,19,7,0,0,15.0,57.0,19.0
1532,2025-01-06 07:40:00,South,Police,718,2,9,Normal,0,24,7,0,0,19.0,58.0,19.333333333333332
1533,2025-01-06 07:45:00,North,Other,220,1,20,Normal,0,15,7,0,0,24.0,58.0,19.333333333333332
1534,2025-01-06 07:50:00,Central,Police,662,2,22,Normal,0,18,7,0,0,15.0,57.0,19.0
1535,2025-01-06 07:55:00,North,Other,316,1,6,Normal,0,18,7,0,0,18.0,51.0,17.0
1536,2025-01-06 08:00:00,West,Police,484,2,6,Severe,0,56,8,0,0,18.0,92.0,30.666666666666668
1537,2025-01-06 08:05:00,South,Police,478,2,16,Normal,0,29,8,0,0,56.0,103.0,34.333333333333336
1538,2025-01-06 08:10:00,West,Fire,1083,4,8,Normal,0,26,8,0,0,29.0,111.0,37.0
1539,2025-01-06 08:15:00,North,Other,205,1,6,Normal,0,34,8,0,0,26.0,89.0,29.666666666666668
1540,2025-01-06 08:20:00,North,Medical,487,3,17,Normal,0,29,8,0,0,34.0,89.0,29.666666666666668
1541,2025-01-06 08:25:00,East,Other,368,1,16,Normal,0,33,8,0,0,29.0,96.0,32.0
1542,2025-01-06 08:30:00,West,Other,174,1,9,Severe,0,44,8,0,0,33.0,106.0,35.333333333333336
1543,2025-01-06 08:35:00,Central,Medical,687,3,17,Severe,0,58,8,0,0,44.0,135.0,45.0
1544,2025-01-06 08:40:00,North,Other,106,1,17,Normal,0,25,8,0,0,58.0,127.0,42.333333333333336
1545,2025-01-06 08:45:00,South,Fire,687,4,5,Normal,0,35,8,0,0,25.0,118.0,39.333333333333336
1546,2025-01-06 08:50:00,East,Medical,769,3,22,Normal,0,28,8,0,0,35.0,88.0,29.333333333333332
1547,2025-01-06 08:55:00,South,Other,386,1,6,Normal,0,36,8,0,0,28.0,99.0,33.0
1548,2025-01-06 09:00:00,East,Police,799,2,16,Normal,0,23,9,0,0,36.0,87.0,29.0
1549,2025-01-06 09:05:00,North,Police,646,2,29,Normal,0,26,9,0,0,23.0,85.0,28.333333333333332
1550,2025-01-06 09:10:00,Central,Police,284,2,13,Normal,0,37,9,0,0,26.0,86.0,28.666666666666668
1551,2025-01-06 09:15:00,Central,Fire,870,4,10,Normal,0,22,9,0,0,37.0,85.0,28.333333333333332
1552,2025-01-06 09:20:00,South,Medical,539,3,11,Normal,0,33,9,0,0,22.0,92.0,30.666666666666668
1553,2025-01-06 09:25:00,North,Police,598,2,7,Normal,0,27,9,0,0,33.0,82.0,27.333333333333332
1554,2025-01-06 09:30:00,East,Medical,812,3,26,Normal,0,39,9,0,0,27.0,99.0,33.0
1555,2025-01-06 09:35:00,North,Medical,406,3,17,Normal,0,37,9,0,0,39.0,103.0,34.333333333333336
1556,2025-01-06 09:40:00,Central,Other,302,1,10,Normal,0,28,9,0,0,37.0,104.0,34.666666666666664
1557,2025-01-06 09:45:00,East,Medical,460,3,28,Normal,0,31,9,0,0,28.0,96.0,32.0
1558,2025-01-06 09:50:00,West,Police,741,2,27,Normal,0,37,9,0,0,31.0,96.0,32.0
1559,2025-01-06 09:55:00,East,Medical,854,3,8,Normal,0,28,9,0,0,37.0,96.0,32.0
1560,2025-01-06 10:00:00,South,Police,337,2,24,Normal,1,29,10,0,0,28.0,94.0,31.333333333333332
1561,2025-01-06 10:05:00,South,Medical,837,3,26,Normal,0,25,10,0,0,29.0,82.0,27.333333333333332
1562,2025-01-06 10:10:00,South,Police,634,2,13,Normal,0,19,10,0,0,25.0,73.0,24.333333333333332
1563,2025-01-06 10:15:00,North,Police,381,2,14,Normal,0,15,10,0,0,19.0,59.0,19.666666666666668
1564,2025-01-06 10:20:00,East,Medical,460,3,25,Normal,0,18,10,0,0,15.0,52.0,17.333333333333332
1565,2025-01-06 10:25:00,East,Medical,674,3,7,Normal,0,23,10,0,0,18.0,56.0,18.666666666666668
1566,2025-01-06 10:30:00,Central,Medical,701,3,5,Normal,0,23,10,0,0,23.0,64.0,21.333333333333332
1567,2025-01-06 10:35:00,North,Fire,656,4,24,Normal,0,23,10,0,0,23.0,69.0,23.0
1568,2025-01-06 10:40:00,East,Fire,522,4,24,Severe,0,35,10,0,0,23.0,81.0,27.0
1569,2025-01-06 10:45:00,East,Other,280,1,28,Normal,0,18,10,0,0,35.0,76.0,25.333333333333332
1570,2025-01-06 10:50:00,North,Medical,422,3,14,Normal,0,17,10,0,0,18.0,70.0,23.333333333333332
1571,2025-01-06 10:55:00,West,Police,604,2,5,Normal,0,13,10,0,0,17.0,48.0,16.0
1572,2025-01-06 11:00:00,Central,Other,210,1,11,Normal,0,23,11,0,0,13.0,53.0,17.666666666666668
1573,2025-01-06 11:05:00,South,Other,109,1,26,Normal,0,18,11,0,0,23.0,54.0,18.0
1574,2025-01-06 11:10:00,West,Police,332,2,24,Severe,0,35,11,0,0,18.0,76.0,25.333333333333332
1575,2025-01-06 11:15:00,North,Police,788,2,16,Normal,0,18,11,0,0,35.0,71.0,23.666666666666668
1576,2025-01-06 11:20:00,West,Other,313,1,23,Normal,0,20,11,0,0,18.0,73.0,24.333333333333332
1577,2025-01-06 11:25:00,North,Fire,726,4,29,Normal,0,22,11,0,0,20.0,60.0,20.0
1578,2025-01-06 11:30:00,Central,Medical,856,3,15,Severe,0,42,11,0,0,22.0,84.0,28.0
1579,2025-01-06 11:35:00,North,Medical,792,3,13,Normal,0,14,11,0,0,42.0,78.0,26.0
1580,2025-01-06 11:40:00,South,Other,342,1,28,Normal,0,16,11,0,0,14.0,72.0,24.0
1581,2025-01-06 11:45:00,North,Police,237,2,19,Normal,0,20,11,0,0,16.0,50.0,16.666666666666668
1582,2025-01-06 11:50:00,West,Medical,644,3,13,Normal,0,20,11,0,0,20.0,56.0,18.666666666666668
1583,2025-01-06 11:55:00,Central,Medical,623,3,18,Severe,0,31,11,0,0,20.0,71.0,23.666666666666668
1584,2025-01-06 12:00:00,West,Medical,635,3,29,Normal,0,24,12,0,0,31.0,75.0,25.0
1585,2025-01-06 12:05:00,North,Medical,494,3,5,Normal,0,20,12,0,0,24.0,75.0,25.0
1586,2025-01-06 12:10:00,West,Police,627,2,29,Normal,0,17,12,0,0,20.0,61.0,20.333333333333332
1587,2025-01-06 12:15:00,West,Fire,976,4,5,Normal,1,39,12,0,0,17.0,76.0,25.333333333333332
1588,2025-01-06 12:20:00,South,Medical,394,3,24,Normal,0,22,12,0,0,39.0,78.0,26.0
1589,2025-01-06 12:25:00,North,Police,567,2,23,Normal,0,26,12,0,0,22.0,87.0,29.0
1590,2025-01-06 12:30:00,North,Medical,398,3,21,Normal,0,16,12,0,0,26.0,64.0,21.333333333333332
1591,2025-01-06 12:35:00,East,Other,251,1,20,Normal,0,20,12,0,0,16.0,62.0,20.666666666666668
1592,2025-01-06 12:40:00,West,Police,577,2,12,Normal,0,26,12,0,0,20.0,62.0,20.666666666666668
1593,2025-01-06 12:45:00,Central,Fire,1100,4,14,Normal,0,26,12,0,0,26.0,72.0,24.0
1594,2025-01-06 12:50:00,South,Medical,523,3,12,Severe,0,39,12,0,0,26.0,91.0,30.333333333333332
1595,2025-01-06 12:55:00,Central,Medical,396,3,24,Normal,0,14,12,0,0,39.0,79.0,26.333333333333332
1596,2025-01-06 13:00:00,North,Medical,525,3,11,Normal,0,15,13,0,0,14.0,68.0,22.666666666666668
1597,2025-01-06 13:05:00,North,Police,770,2,22,Severe,0,37,13,0,0,15.0,66.0,22.0
1598,2025-01-06 13:10:00,North,Other,238,1,5,Normal,0,24,13,0,0,37.0,76.0,25.333333333333332
1599,2025-01-06 13:15:00,South,Other,387,1,14,Normal,0,30,13,0,0,24.0,91.0,30.333333333333332
1600,2025-01-06 13:20:00,West,Medical,564,3,12,Normal,0,24,13,0,0,30.0,78.0,26.0
1601,2025-01-06 13:25:00,East,Medical,640,3,8,Normal,0,25,13,0,0,24.0,79.0,26.333333333333332
1602,2025-01-06 13:30:00,East,Police,694,2,11,Severe,0,45,13,0,0,25.0,94.0,31.333333333333332
1603,2025-01-06 13:35:00,North,Medical,839,3,8,Normal,0,17,13,0,0,45.0,87.0,29.0
1604,2025-01-06 13:40:00,Central,Police,792,2,9,Normal,1,37,13,0,0,17.0,99.0,33.0
1605,2025-01-06 13:45:00,North,Medical,335,3,19,Normal,0,23,13,0,0,37.0,77.0,25.666666666666668
1606,2025-01-06 13:50:00,West,Medical,598,3,6,Normal,0,26,13,0,0,23.0,86.0,28.666666666666668
1607,2025-01-06 13:55:00,Central,Medical,593,3,5,Normal,0,19,13,0,0,26.0,68.0,22.666666666666668
1608,2025-01-06 14:00:00,South,Medical,730,3,8,Normal,0,20,14,0,0,19.0,65.0,21.666666666666668
1609,2025-01-06 14:05:00,Central,Other,378,1,17,Normal,1,31,14,0,0,20.0,70.0,23.333333333333332
1610,2025-01-06 14:10:00,West,Other,195,1,24,Normal,0,17,14,0,0,31.0,68.0,22.666666666666668
1611,2025-01-06 14:15:00,East,Medical,497,3,26,Normal,0,24,14,0,0,17.0,72.0,24.0
1612,2025-01-06 14:20:00,East,Medical,394,3,22,Normal,0,24,14,0,0,24.0,65.0,21.666666666666668
1613,2025-01-06 14:25:00,South,Medical,701,3,20,Normal,0,19,14,0,0,24.0,67.0,22.333333333333332
1614,2025-01-06 14:30:00,Central,Police,442,2,28,Normal,0,20,14,0,0,19.0,63.0,21.0
1615,2025-01-06 14:35:00,South,Medical,452,3,25,Normal,0,14,14,0,0,20.0,53.0,17.666666666666668
1616,2025-01-06 14:40:00,West,Medical,557,3,26,Normal,0,23,14,0,0,14.0,57.0,19.0
1617,2025-01-06 14:45:00,East,Fire,770,4,9,Normal,0,20,14,0,0,23.0,57.0,19.0
1618,2025-01-06 14:50:00,Central,Medical,384,3,27,Normal,0,24,14,0,0,20.0,67.0,22.333333333333332
1619,2025-01-06 14:55:00,East,Fire,1083,4,27,Normal,0,18,14,0,0,24.0,62.0,20.666666666666668
1620,2025-01-06 15:00:00,North,Medical,518,3,20,Normal,0,15,15,0,0,18.0,57.0,19.0
1621,2025-01-06 15:05:00,Central,Medical,895,3,17,Normal,0,15,15,0,0,15.0,48.0,16.0
1622,2025-01-06 15:10:00,South,Medical,496,3,29,Normal,0,29,15,0,0,15.0,59.0,19.666666666666668
1623,2025-01-06 15:15:00,Central,Medical,325,3,26,Normal,0,23,15,0,0,29.0,67.0,22.333333333333332
1624,2025-01-06 15:20:00,East,Police,644,2,27,Normal,0,24,15,0,0,23.0,76.0,25.333333333333332
1625,2025-01-06 15:25:00,South,Medical,668,3,19,Severe,0,38,15,0,0,24.0,85.0,28.333333333333332
1626,2025-01-06 15:30:00,East,Police,240,2,15,Normal,0,21,15,0,0,38.0,83.0,27.666666666666668
1627,2025-01-06 15:35:00,Central,Medical,479,3,26,Normal,0,18,15,0,0,21.0,77.0,25.666666666666668
1628,2025-01-06 15:40:00,Central,Police,783,2,23,Normal,0,16,15,0,0,18.0,55.0,18.333333333333332
1629,2025-01-06 15:45:00,North,Medical,347,3,20,Normal,0,19,15,0,0,16.0,53.0,17.666666666666668
1630,2025-01-06 15:50:00,West,Medical,341,3,13,Normal,0,17,15,0,0,19.0,52.0,17.333333333333332
1631,2025-01-06 15:55:00,North,Police,612,2,12,Normal,0,26,15,0,0,17.0,62.0,20.666666666666668
1632,2025-01-06 16:00:00,West,Police,464,2,24,Normal,0,15,16,0,0,26.0,58.0,19.333333333333332
1633,2025-01-06 16:05:00,North,Police,429,2,23,Normal,0,13,16,0,0,15.0,54.0,18.0
1634,2025-01-06 16:10:00,West,Medical,522,3,29,Normal,0,11,16,0,0,13.0,39.0,13.0
1635,2025-01-06 16:15:00,South,Medical,825,3,21,Normal,0,23,16,0,0,11.0,47.0,15.666666666666666
1636,2025-01-06 16:20:00,South,Medical,612,3,27,Normal,0,12,16,0,0,23.0,46.0,15.333333333333334
1637,2025-01-06 16:25:00,East,Other,322,1,14,Normal,0,17,16,0,0,12.0,52.0,17.333333333333332
1638,2025-01-06 16:30:00,West,Medical,342,3,21,Normal,0,19,16,0,0,17.0,48.0,16.0
1639,2025-01-06 16:35:00,North,Medical,823,3,7,Normal,0,16,16,0,0,19.0,52.0,17.333333333333332
1640,2025-01-06 16:40:00,Central,Medical,698,3,11,Normal,0,23,16,0,0,16.0,58.0,19.333333333333332
1641,2025-01-06 16:45:00,East,Medical,409,3,19,Normal,0,18,16,0,0,23.0,57.0,19.0
1642,2025-01-06 16:50:00,North,Police,427,2,13,Normal,0,23,16,0,0,18.0,64.0,21.333333333333332
1643,2025-01-06 16:55:00,East,Fire,474,4,14,Normal,0,18,16,0,0,23.0,59.0,19.666666666666668
1644,2025-01-06 17:00:00,East,Police,775,2,10,Normal,0,15,17,0,0,18.0,56.0,18.666666666666668
1645,2025-01-06 17:05:00,North,Police,484,2,21,Normal,0,19,17,0,0,15.0,52.0,17.333333333333332
1646,2025-01-06 17:10:00,Central,Other,339,1,13,Normal,0,25,17,0,0,19.0,59.0,19.666666666666668
1647,2025-01-06 17:15:00,West,Medical,643,3,15,Severe,0,46,17,0,0,25.0,90.0,30.0
1648,2025-01-06 17:20:00,Central,Other,334,1,28,Normal,0,28,17,0,0,46.0,99.0,33.0
1649,2025-01-06 17:25:00,South,Police,534,2,29,Normal,0,24,17,0,0,28.0,98.0,32.666666666666664
1650,2025-01-06 17:30:00,South,Police,559,2,5,Normal,0,25,17,0,0,24.0,77.0,25.666666666666668
1651,2025-01-06 17:35:00,West,Medical,823,3,24,Normal,0,19,17,0,0,25.0,68.0,22.666666666666668
1652,2025-01-06 17:40:00,East,Police,221,2,10,Normal,0,18,17,0,0,19.0,62.0,20.666666666666668
1653,2025-01-06 17:45:00,Central,Medical,545,3,19,Normal,0,15,17,0,0,18.0,52.0,17.333333333333332
1654,2025-01-06 17:50:00,East,Fire,1035,4,6,Normal,0,23,17,0,0,15.0,56.0,18.666666666666668
1655,2025-01-06 17:55:00,North,Medical,326,3,11,Normal,0,19,17,0,0,23.0,57.0,19.0
1656,2025-01-06 18:00:00,Central,Police,414,2,28,Normal,0,29,18,0,0,19.0,71.0,23.666666666666668
1657,2025-01-06 18:05:00,Central,Police,742,2,8,Normal,0,29,18,0,0,29.0,77.0,25.666666666666668
1658,2025-01-06 18:10:00,West,Fire,778,4,14,Normal,0,22,18,0,0,29.0,80.0,26.666666666666668
1659,2025-01-06 18:15:00,North,Other,285,1,26,Normal,0,23,18,0,0,22.0,74.0,24.666666666666668
1660,2025-01-06 18:20:00,Central,Medical,855,3,24,Normal,0,22,18,0,0,23.0,67.0,22.333333333333332
1661,2025-01-06 18:25:00,West,Police,248,2,19,Severe,0,48,18,0,0,22.0,93.0,31.0
1662,2025-01-06 18:30:00,Central,Other,258,1,22,Severe,0,56,18,0,0,48.0,126.0,42.0
1663,2025-01-06 18:35:00,North,Police,774,2,10,Normal,0,35,18,0,0,56.0,139.0,46.333333333333336
1664,2025-01-06 18:40:00,South,Medical,419,3,25,Normal,0,32,18,0,0,35.0,123.0,41.0
1665,2025-01-06 18:45:00,Central,Medical,330,3,27,Normal,0,37,18,0,0,32.0,104.0,34.666666666666664
1666,2025-01-06 18:50:00,West,Other,386,1,25,Normal,0,31,18,0,0,37.0,100.0,33.333333333333336
1667,2025-01-06 18:55:00,West,Police,565,2,29,Normal,0,31,18,0,0,31.0,99.0,33.0
1668,2025-01-06 19:00:00,North,Medical,387,3,23,Severe,0,37,19,0,0,31.0,99.0,33.0
1669,2025-01-06 19:05:00,West,Fire,643,4,22,Normal,0,28,19,0,0,37.0,96.0,32.0
1670,2025-01-06 19:10:00,South,Other,399,1,11,Normal,0,27,19,0,0,28.0,92.0,30.666666666666668
1671,2025-01-06 19:15:00,West,Medical,795,3,14,Normal,0,38,19,0,0,27.0,93.0,31.0
1672,2025-01-06 19:20:00,East,Medical,520,3,19,Normal,0,36,19,0,0,38.0,101.0,33.666666666666664
1673,2025-01-06 19:25:00,West,Medical,346,3,24,Normal,0,39,19,0,0,36.0,113.0,37.666666666666664
1674,2025-01-06 19:30:00,South,Medical,641,3,28,Normal,0,36,19,0,0,39.0,111.0,37.0
1675,2025-01-06 19:35:00,West,Police,659,2,29,Normal,0,24,19,0,0,36.0,99.0,33.0
1676,2025-01-06 19:40:00,South,Medical,888,3,12,Normal,0,22,19,0,0,24.0,82.0,27.333333333333332
1677,2025-01-06 19:45:00,West,Fire,534,4,19,Normal,0,37,19,0,0,22.0,83.0,27.666666666666668
1678,2025-01-06 19:50:00,South,Medical,490,3,7,Normal,1,51,19,0,0,37.0,110.0,36.666666666666664
1679,2025-01-06 19:55:00,Central,Other,319,1,25,Normal,1,58,19,0,0,51.0,146.0,48.666666666666664
1680,2025-01-06 20:00:00,East,Medical,319,3,27,Normal,1,31,20,0,0,58.0,140.0,46.666666666666664
1681,2025-01-06 20:05:00,West,Other,178,1,24,Severe,0,47,20,0,0,31.0,136.0,45.333333333333336
1682,2025-01-06 20:10:00,East,Other,356,1,6,Severe,0,50,20,0,0,47.0,128.0,42.666666666666664
1683,2025-01-06 20:15:00,East,Other,301,1,28,Normal,0,31,20,0,0,50.0,128.0,42.666666666666664
1684,2025-01-06 20:20:00,Central,Other,385,1,17,Normal,0,24,20,0,0,31.0,105.0,35.0
1685,2025-01-06 20:25:00,Central,Police,529,2,22,Normal,0,26,20,0,0,24.0,81.0,27.0
1686,2025-01-06 20:30:00,West,Medical,866,3,14,Normal,1,45,20,0,0,26.0,95.0,31.666666666666668
1687,2025-01-06 20:35:00,North,Police,684,2,24,Normal,0,27,20,0,0,45.0,98.0,32.666666666666664
1688,2025-01-06 20:40:00,North,Other,331,1,9,Normal,0,31,20,0,0,27.0,103.0,34.333333333333336
1689,2025-01-06 20:45:00,Central,Other,166,1,26,Normal,0,36,20,0,0,31.0,94.0,31.333333333333332
1690,2025-01-06 20:50:00,East,Other,381,1,17,Normal,0,33,20,0,0,36.0,100.0,33.333333333333336
1691,2025-01-06 20:55:00,East,Medical,435,3,25,Severe,0,47,20,0,0,33.0,116.0,38.666666666666664
1692,2025-01-06 21:00:00,West,Medical,602,3,6,Normal,0,15,21,0,0,47.0,95.0,31.666666666666668
1693,2025-01-06 21:05:00,South,Medical,647,3,19,Normal,0,16,21,0,0,15.0,78.0,26.0
1694,2025-01-06 21:10:00,West,Police,606,2,18,Normal,0,18,21,0,0,16.0,49.0,16.333333333333332
1695,2025-01-06 21:15:00,East,Medical,669,3,6,Normal,0,10,21,0,0,18.0,44.0,14.666666666666666
1696,2025-01-06 21:20:00,North,Medical,334,3,23,Normal,0,18,21,0,0,10.0,46.0,15.333333333333334
1697,2025-01-06 21:25:00,East,Medical,876,3,20,Normal,1,29,21,0,0,18.0,57.0,19.0
1698,2025-01-06 21:30:00,East,Other,165,1,19,Normal,0,15,21,0,0,29.0,62.0,20.666666666666668
1699,2025-01-06 21:35:00,Central,Police,417,2,12,Normal,0,21,21,0,0,15.0,65.0,21.666666666666668
1700,2025-01-06 21:40:00,East,Medical,402,3,17,Normal,0,29,21,0,0,21.0,65.0,21.666666666666668
1701,2025-01-06 21:45:00,South,Other,186,1,20,Normal,0,13,21,0,0,29.0,63.0,21.0
1702,2025-01-06 21:50:00,South,Medical,518,3,14,Normal,0,9,21,0,0,13.0,51.0,17.0
1703,2025-01-06 21:55:00,East,Medical,544,3,17,Normal,0,22,21,0,0,9.0,44.0,14.666666666666666
1704,2025-01-06 22:00:00,South,Police,314,2,28,Severe,0,27,22,0,0,22.0,58.0,19.333333333333332
1705,2025-01-06 22:05:00,Central,Other,305,1,10,Normal,0,18,22,0,0,27.0,67.0,22.333333333333332
1706,2025-01-06 22:10:00,North,Other,137,1,18,Normal,0,18,22,0,0,18.0,63.0,21.0
1707,2025-01-06 22:15:00,West,Other,164,1,29,Normal,1,32,22,0,0,18.0,68.0,22.666666666666668
1708,2025-01-06 22:20:00,North,Medical,465,3,5,Severe,0,32,22,0,0,32.0,82.0,27.333333333333332
1709,2025-01-06 22:25:00,East,Medical,639,3,29,Normal,0,20,22,0,0,32.0,84.0,28.0
1710,2025-01-06 22:30:00,East,Medical,817,3,6,Normal,0,12,22,0,0,20.0,64.0,21.333333333333332
1711,2025-01-06 22:35:00,South,Other,255,1,28,Normal,0,16,22,0,0,12.0,48.0,16.0
1712,2025-01-06 22:40:00,West,Medical,841,3,13,Normal,0,23,22,0,0,16.0,51.0,17.0
1713,2025-01-06 22:45:00,West,Other,322,1,21,Normal,0,22,22,0,0,23.0,61.0,20.333333333333332
1714,2025-01-06 22:50:00,Central,Police,311,2,20,Normal,0,14,22,0,0,22.0,59.0,19.666666666666668
1715,2025-01-06 22:55:00,East,Medical,375,3,19,Normal,0,23,22,0,0,14.0,59.0,19.666666666666668
1716,2025-01-06 23:00:00,East,Medical,525,3,29,Normal,0,8,23,0,0,23.0,45.0,15.0
1717,2025-01-06 23:05:00,South,Other,385,1,22,Normal,0,22,23,0,0,8.0,53.0,17.666666666666668
1718,2025-01-06 23:10:00,East,Police,468,2,10,Normal,0,21,23,0,0,22.0,51.0,17.0
1719,2025-01-06 23:15:00,Central,Other,379,1,19,Normal,0,22,23,0,0,21.0,65.0,21.666666666666668
1720,2025-01-06 23:20:00,South,Medical,788,3,12,Normal,0,20,23,0,0,22.0,63.0,21.0
1721,2025-01-06 23:25:00,North,Police,493,2,26,Normal,1,31,23,0,0,20.0,73.0,24.333333333333332
1722,2025-01-06 23:30:00,South,Fire,717,4,8,Normal,0,17,23,0,0,31.0,68.0,22.666666666666668
1723,2025-01-06 23:35:00,North,Police,442,2,6,Normal,0,23,23,0,0,17.0,71.0,23.666666666666668
1724,2025-01-06 23:40:00,South,Medical,388,3,8,Normal,0,23,23,0,0,23.0,63.0,21.0
1725,2025-01-06 23:45:00,Central,Medical,787,3,14,Normal,0,16,23,0,0,23.0,62.0,20.666666666666668
1726,2025-01-06 23:50:00,Central,Medical,529,3,12,Normal,0,17,23,0,0,16.0,56.0,18.666666666666668
1727,2025-01-06 23:55:00,East,Medical,348,3,20,Normal,0,21,23,0,0,17.0,54.0,18.0
1728,2025-01-07 00:00:00,Central,Police,320,2,24,Normal,0,19,0,1,0,21.0,57.0,19.0
1729,2025-01-07 00:05:00,South,Medical,839,3,22,Normal,0,21,0,1,0,19.0,61.0,20.333333333333332
1730,2025-01-07 00:10:00,South,Other,320,1,8,Normal,0,22,0,1,0,21.0,62.0,20.666666666666668
1731,2025-01-07 00:15:00,North,Other,293,1,10,Normal,0,26,0,1,0,22.0,69.0,23.0
1732,2025-01-07 00:20:00,South,Medical,316,3,17,Normal,0,12,0,1,0,26.0,60.0,20.0
1733,2025-01-07 00:25:00,South,Medical,460,3,16,Normal,0,22,0,1,0,12.0,60.0,20.0
1734,2025-01-07 00:30:00,North,Medical,634,3,19,Normal,0,21,0,1,0,22.0,55.0,18.333333333333332
1735,2025-01-07 00:35:00,South,Police,238,2,10,Normal,0,19,0,1,0,21.0,62.0,20.666666666666668
1736,2025-01-07 00:40:00,Central,Police,508,2,10,Normal,0,14,0,1,0,19.0,54.0,18.0
1737,2025-01-07 00:45:00,North,Police,265,2,8,Normal,0,20,0,1,0,14.0,53.0,17.666666666666668
1738,2025-01-07 00:50:00,South,Medical,740,3,14,Normal,0,24,0,1,0,20.0,58.0,19.333333333333332
1739,2025-01-07 00:55:00,North,Medical,713,3,13,Severe,0,36,0,1,0,24.0,80.0,26.666666666666668
1740,2025-01-07 01:00:00,Central,Other,242,1,14,Normal,0,16,1,1,0,36.0,76.0,25.333333333333332
1741,2025-01-07 01:05:00,South,Other,218,1,15,Normal,0,20,1,1,0,16.0,72.0,24.0
1742,2025-01-07 01:10:00,Central,Police,216,2,22,Severe,0,33,1,1,0,20.0,69.0,23.0
1743,2025-01-07 01:15:00,East,Police,707,2,29,Normal,0,16,1,1,0,33.0,69.0,23.0
1744,2025-01-07 01:20:00,East,Police,525,2,18,Normal,0,22,1,1,0,16.0,71.0,23.666666666666668
1745,2025-01-07 01:25:00,East,Medical,628,3,11,Normal,0,16,1,1,0,22.0,54.0,18.0
1746,2025-01-07 01:30:00,North,Medical,623,3,6,Normal,0,28,1,1,0,16.0,66.0,22.0
1747,2025-01-07 01:35:00,West,Medical,335,3,23,Normal,0,28,1,1,0,28.0,72.0,24.0
1748,2025-01-07 01:40:00,East,Fire,930,4,13,Normal,0,16,1,1,0,28.0,72.0,24.0
1749,2025-01-07 01:45:00,South,Police,622,2,8,Normal,0,19,1,1,0,16.0,63.0,21.0
1750,2025-01-07 01:50:00,Central,Fire,488,4,14,Normal,0,11,1,1,0,19.0,46.0,15.333333333333334
1751,2025-01-07 01:55:00,Central,Other,220,1,10,Normal,1,41,1,1,0,11.0,71.0,23.666666666666668
1752,2025-01-07 02:00:00,East,Police,247,2,27,Normal,0,26,2,1,0,41.0,78.0,26.0
1753,2025-01-07 02:05:00,West,Other,178,1,26,Normal,0,18,2,1,0,26.0,85.0,28.333333333333332
1754,2025-01-07 02:10:00,West,Medical,767,3,29,Normal,0,15,2,1,0,18.0,59.0,19.666666666666668
1755,2025-01-07 02:15:00,North,Medical,483,3,24,Normal,0,21,2,1,0,15.0,54.0,18.0
1756,2025-01-07 02:20:00,East,Police,542,2,16,Normal,0,23,2,1,0,21.0,59.0,19.666666666666668
1757,2025-01-07 02:25:00,South,Police,277,2,22,Normal,0,15,2,1,0,23.0,59.0,19.666666666666668
1758,2025-01-07 02:30:00,East,Medical,471,3,7,Normal,0,27,2,1,0,15.0,65.0,21.666666666666668
1759,2025-01-07 02:35:00,East,Police,292,2,14,Severe,0,49,2,1,0,27.0,91.0,30.333333333333332
1760,2025-01-07 02:40:00,North,Medical,716,3,19,Normal,0,15,2,1,0,49.0,91.0,30.333333333333332
1761,2025-01-07 02:45:00,East,Police,244,2,23,Normal,0,16,2,1,0,15.0,80.0,26.666666666666668
1762,2025-01-07 02:50:00,West,Other,120,1,24,Normal,0,20,2,1,0,16.0,51.0,17.0
1763,2025-01-07 02:55:00,South,Fire,1129,4,28,Normal,0,17,2,1,0,20.0,53.0,17.666666666666668
1764,2025-01-07 03:00:00,West,Other,115,1,14,Normal,0,14,3,1,0,17.0,51.0,17.0
1765,2025-01-07 03:05:00,East,Medical,359,3,6,Normal,0,22,3,1,0,14.0,53.0,17.666666666666668
1766,2025-01-07 03:10:00,West,Police,478,2,15,Normal,0,17,3,1,0,22.0,53.0,17.666666666666668
1767,2025-01-07 03:15:00,South,Medical,808,3,9,Normal,0,20,3,1,0,17.0,59.0,19.666666666666668
1768,2025-01-07 03:20:00,Central,Medical,429,3,15,Normal,0,21,3,1,0,20.0,58.0,19.333333333333332
1769,2025-01-07 03:25:00,South,Medical,675,3,28,Normal,0,20,3,1,0,21.0,61.0,20.333333333333332
1770,2025-01-07 03:30:00,West,Medical,858,3,18,Normal,1,39,3,1,0,20.0,80.0,26.666666666666668
1771,2025-01-07 03:35:00,Central,Medical,634,3,19,Normal,0,20,3,1,0,39.0,79.0,26.333333333333332
1772,2025-01-07 03:40:00,South,Police,413,2,13,Normal,0,23,3,1,0,20.0,82.0,27.333333333333332
1773,2025-01-07 03:45:00,East,Medical,550,3,24,Severe,0,36,3,1,0,23.0,79.0,26.333333333333332
1774,2025-01-07 03:50:00,Central,Medical,399,3,25,Normal,0,19,3,1,0,36.0,78.0,26.0
1775,2025-01-07 03:55:00,North,Medical,872,3,18,Severe,1,61,3,1,0,19.0,116.0,38.666666666666664
1776,2025-01-07 04:00:00,West,Medical,762,3,28,Normal,1,38,4,1,0,61.0,118.0,39.333333333333336
1777,2025-01-07 04:05:00,North,Other,362,1,14,Normal,0,12,4,1,0,38.0,111.0,37.0
1778,2025-01-07 04:10:00,East,Medical,781,3,23,Normal,0,26,4,1,0,12.0,76.0,25.333333333333332
1779,2025-01-07 04:15:00,South,Fire,524,4,5,Normal,0,12,4,1,0,26.0,50.0,16.666666666666668
1780,2025-01-07 04:20:00,Central,Police,724,2,21,Normal,0,20,4,1,0,12.0,58.0,19.333333333333332
1781,2025-01-07 04:25:00,West,Police,489,2,7,Normal,0,29,4,1,0,20.0,61.0,20.333333333333332
1782,2025-01-07 04:30:00,North,Other,188,1,9,Normal,1,31,4,1,0,29.0,80.0,26.666666666666668
1783,2025-01-07 04:35:00,Central,Other,241,1,22,Normal,0,14,4,1,0,31.0,74.0,24.666666666666668
1784,2025-01-07 04:40:00,South,Other,152,1,20,Normal,0,20,4,1,0,14.0,65.0,21.666666666666668
1785,2025-01-07 04:45:00,East,Medical,699,3,26,Normal,0,24,4,1,0,20.0,58.0,19.333333333333332
1786,2025-01-07 04:50:00,West,Other,248,1,19,Normal,0,25,4,1,0,24.0,69.0,23.0
1787,2025-01-07 04:55:00,West,Medical,743,3,13,Normal,0,12,4,1,0,25.0,61.0,20.333333333333332
1788,2025-01-07 05:00:00,North,Medical,759,3,7,Normal,1,40,5,1,0,12.0,77.0,25.666666666666668
1789,2025-01-07 05:05:00,East,Medical,464,3,27,Normal,1,40,5,1,0,40.0,92.0,30.666666666666668
1790,2025-01-07 05:10:00,West,Medical,845,3,8,Normal,0,21,5,1,0,40.0,101.0,33.666666666666664
1791,2025-01-07 05:15:00,East,Police,420,2,9,Normal,0,17,5,1,0,21.0,78.0,26.0
1792,2025-01-07 05:20:00,Central,Police,237,2,15,Severe,0,25,5,1,0,17.0,63.0,21.0
1793,2025-01-07 05:25:00,East,Fire,955,4,10,Normal,0,27,5,1,0,25.0,69.0,23.0
1794,2025-01-07 05:30:00,South,Medical,520,3,21,Normal,0,22,5,1,0,27.0,74.0,24.666666666666668
1795,2025-01-07 05:35:00,South,Other,146,1,13,Normal,0,10,5,1,0,22.0,59.0,19.666666666666668
1796,2025-01-07 05:40:00,West,Fire,657,4,29,Normal,0,22,5,1,0,10.0,54.0,18.0
1797,2025-01-07 05:45:00,Central,Police,760,2,7,Normal,0,16,5,1,0,22.0,48.0,16.0
1798,2025-01-07 05:50:00,Central,Fire,1151,4,26,Normal,0,18,5,1,0,16.0,56.0,18.666666666666668
1799,2025-01-07 05:55:00,Central,Medical,592,3,16,Normal,0,14,5,1,0,18.0,48.0,16.0
1800,2025-01-07 06:00:00,South,Other,202,1,6,Normal,0,18,6,1,0,14.0,50.0,16.666666666666668
1801,2025-01-07 06:05:00,South,Police,428,2,6,Normal,0,24,6,1,0,18.0,56.0,18.666666666666668
1802,2025-01-07 06:10:00,West,Other,334,1,23,Normal,0,12,6,1,0,24.0,54.0,18.0
1803,2025-01-07 06:15:00,North,Police,496,2,25,Normal,0,23,6,1,0,12.0,59.0,19.666666666666668
1804,2025-01-07 06:20:00,South,Medical,823,3,5,Normal,0,18,6,1,0,23.0,53.0,17.666666666666668
1805,2025-01-07 06:25:00,South,Medical,678,3,26,Normal,0,22,6,1,0,18.0,63.0,21.0
1806,2025-01-07 06:30:00,North,Medical,889,3,14,Normal,0,24,6,1,0,22.0,64.0,21.333333333333332
1807,2025-01-07 06:35:00,North,Police,590,2,19,Normal,0,25,6,1,0,24.0,71.0,23.666666666666668
1808,2025-01-07 06:40:00,East,Medical,800,3,7,Normal,0,21,6,1,0,25.0,70.0,23.333333333333332
1809,2025-01-07 06:45:00,West,Other,349,1,7,Severe,0,40,6,1,0,21.0,86.0,28.666666666666668
1810,2025-01-07 06:50:00,North,Police,345,2,25,Normal,0,18,6,1,0,40.0,79.0,26.333333333333332
1811,2025-01-07 06:55:00,North,Police,722,2,11,Normal,0,23,6,1,0,18.0,81.0,27.0
1812,2025-01-07 07:00:00,Central,Medical,872,3,14,Normal,1,37,7,1,0,23.0,78.0,26.0
1813,2025-01-07 07:05:00,East,Fire,569,4,29,Normal,0,11,7,1,0,37.0,71.0,23.666666666666668
1814,2025-01-07 07:10:00,South,Medical,396,3,29,Normal,0,17,7,1,0,11.0,65.0,21.666666666666668
1815,2025-01-07 07:15:00,Central,Medical,435,3,29,Normal,0,13,7,1,0,17.0,41.0,13.666666666666666
1816,2025-01-07 07:20:00,Central,Police,325,2,29,Normal,0,21,7,1,0,13.0,51.0,17.0
1817,2025-01-07 07:25:00,Central,Other,187,1,15,Severe,0,40,7,1,0,21.0,74.0,24.666666666666668
1818,2025-01-07 07:30:00,West,Other,248,1,28,Normal,0,16,7,1,0,40.0,77.0,25.666666666666668
1819,2025-01-07 07:35:00,East,Police,229,2,12,Normal,0,21,7,1,0,16.0,77.0,25.666666666666668
1820,2025-01-07 07:40:00,Central,Medical,700,3,5,Normal,0,16,7,1,0,21.0,53.0,17.666666666666668
1821,2025-01-07 07:45:00,West,Fire,1178,4,16,Normal,0,21,7,1,0,16.0,58.0,19.333333333333332
1822,2025-01-07 07:50:00,Central,Police,589,2,27,Severe,0,39,7,1,0,21.0,76.0,25.333333333333332
1823,2025-01-07 07:55:00,West,Fire,548,4,8,Normal,0,25,7,1,0,39.0,85.0,28.333333333333332
1824,2025-01-07 08:00:00,South,Medical,714,3,20,Severe,0,37,8,1,0,25.0,101.0,33.666666666666664
1825,2025-01-07 08:05:00,Central,Fire,805,4,21,Normal,0,26,8,1,0,37.0,88.0,29.333333333333332
1826,2025-01-07 08:10:00,Central,Medical,635,3,20,Normal,0,26,8,1,0,26.0,89.0,29.666666666666668
1827,2025-01-07 08:15:00,South,Medical,724,3,15,Normal,0,38,8,1,0,26.0,90.0,30.0
1828,2025-01-07 08:20:00,East,Other,157,1,13,Normal,0,29,8,1,0,38.0,93.0,31.0
1829,2025-01-07 08:25:00,North,Medical,483,3,25,Normal,0,33,8,1,0,29.0,100.0,33.333333333333336
1830,2025-01-07 08:30:00,East,Medical,592,3,20,Normal,0,30,8,1,0,33.0,92.0,30.666666666666668
1831,2025-01-07 08:35:00,North,Police,639,2,11,Normal,0,25,8,1,0,30.0,88.0,29.333333333333332
1832,2025-01-07 08:40:00,South,Police,206,2,8,Normal,0,27,8,1,0,25.0,82.0,27.333333333333332
1833,2025-01-07 08:45:00,East,Medical,389,3,8,Severe,0,46,8,1,0,27.0,98.0,32.666666666666664
1834,2025-01-07 08:50:00,North,Police,500,2,28,Normal,0,20,8,1,0,46.0,93.0,31.0
1835,2025-01-07 08:55:00,West,Medical,696,3,29,Normal,0,36,8,1,0,20.0,102.0,34.0
1836,2025-01-07 09:00:00,East,Medical,324,3,15,Severe,0,60,9,1,0,36.0,116.0,38.666666666666664
1837,2025-01-07 09:05:00,North,Police,745,2,21,Normal,0,30,9,1,0,60.0,126.0,42.0
1838,2025-01-07 09:10:00,East,Medical,481,3,19,Normal,0,22,9,1,0,30.0,112.0,37.333333333333336
1839,2025-01-07 09:15:00,West,Other,275,1,10,Normal,0,38,9,1,0,22.0,90.0,30.0
1840,2025-01-07 09:20:00,East,Medical,580,3,16,Normal,0,21,9,1,0,38.0,81.0,27.0
1841,2025-01-07 09:25:00,East,Medical,799,3,10,Normal,0,30,9,1,0,21.0,89.0,29.666666666666668
1842,2025-01-07 09:30:00,East,Police,760,2,20,Normal,0,21,9,1,0,30.0,72.0,24.0
1843,2025-01-07 09:35:00,North,Medical,420,3,26,Normal,0,36,9,1,0,21.0,87.0,29.0
1844,2025-01-07 09:40:00,East,Police,498,2,28,Normal,0,33,9,1,0,36.0,90.0,30.0
1845,2025-01-07 09:45:00,North,Police,681,2,6,Normal,0,42,9,1,0,33.0,111.0,37.0
1846,2025-01-07 09:50:00,South,Medical,364,3,9,Normal,0,26,9,1,0,42.0,101.0,33.666666666666664
1847,2025-01-07 09:55:00,North,Medical,794,3,17,Normal,0,17,9,1,0,26.0,85.0,28.333333333333332
1848,2025-01-07 10:00:00,North,Police,684,2,13,Normal,0,15,10,1,0,17.0,58.0,19.333333333333332
1849,2025-01-07 10:05:00,West,Other,215,1,14,Normal,0,24,10,1,0,15.0,56.0,18.666666666666668
1850,2025-01-07 10:10:00,South,Medical,384,3,16,Normal,0,26,10,1,0,24.0,65.0,21.666666666666668
1851,2025-01-07 10:15:00,West,Other,327,1,28,Normal,0,18,10,1,0,26.0,68.0,22.666666666666668
1852,2025-01-07 10:20:00,South,Fire,1199,4,15,Normal,0,19,10,1,0,18.0,63.0,21.0
1853,2025-01-07 10:25:00,West,Other,157,1,23,Normal,0,17,10,1,0,19.0,54.0,18.0
1854,2025-01-07 10:30:00,North,Medical,522,3,25,Normal,1,37,10,1,0,17.0,73.0,24.333333333333332
1855,2025-01-07 10:35:00,South,Other,165,1,23,Normal,0,23,10,1,0,37.0,77.0,25.666666666666668
1856,2025-01-07 10:40:00,South,Other,110,1,13,Normal,0,21,10,1,0,23.0,81.0,27.0
1857,2025-01-07 10:45:00,West,Police,308,2,7,Normal,0,17,10,1,0,21.0,61.0,20.333333333333332
1858,2025-01-07 10:50:00,North,Police,530,2,25,Normal,0,22,10,1,0,17.0,60.0,20.0
1859,2025-01-07 10:55:00,West,Medical,840,3,27,Normal,0,12,10,1,0,22.0,51.0,17.0
1860,2025-01-07 11:00:00,Central,Other,237,1,11,Normal,0,21,11,1,0,12.0,55.0,18.333333333333332
1861,2025-01-07 11:05:00,Central,Medical,360,3,23,Normal,1,37,11,1,0,21.0,70.0,23.333333333333332
1862,2025-01-07 11:10:00,West,Medical,505,3,13,Normal,0,20,11,1,0,37.0,78.0,26.0
1863,2025-01-07 11:15:00,North,Other,368,1,8,Normal,0,19,11,1,0,20.0,76.0,25.333333333333332
1864,2025-01-07 11:20:00,South,Fire,758,4,23,Normal,0,18,11,1,0,19.0,57.0,19.0
1865,2025-01-07 11:25:00,West,Medical,365,3,9,Normal,1,27,11,1,0,18.0,64.0,21.333333333333332
1866,2025-01-07 11:30:00,Central,Other,371,1,25,Normal,0,24,11,1,0,27.0,69.0,23.0
1867,2025-01-07 11:35:00,North,Police,671,2,14,Normal,0,28,11,1,0,24.0,79.0,26.333333333333332
1868,2025-01-07 11:40:00,South,Other,242,1,25,Normal,0,23,11,1,0,28.0,75.0,25.0
1869,2025-01-07 11:45:00,Central,Police,480,2,18,Normal,0,12,11,1,0,23.0,63.0,21.0
1870,2025-01-07 11:50:00,South,Medical,692,3,9,Normal,0,18,11,1,0,12.0,53.0,17.666666666666668
1871,2025-01-07 11:55:00,South,Other,386,1,5,Normal,0,19,11,1,0,18.0,49.0,16.333333333333332
1872,2025-01-07 12:00:00,East,Other,276,1,15,Normal,0,20,12,1,0,19.0,57.0,19.0
1873,2025-01-07 12:05:00,West,Fire,722,4,12,Normal,0,18,12,1,0,20.0,57.0,19.0
1874,2025-01-07 12:10:00,Central,Fire,1027,4,7,Normal,1,42,12,1,0,18.0,80.0,26.666666666666668
1875,2025-01-07 12:15:00,North,Medical,747,3,5,Normal,0,19,12,1,0,42.0,79.0,26.333333333333332
1876,2025-01-07 12:20:00,North,Other,234,1,18,Normal,0,16,12,1,0,19.0,77.0,25.666666666666668
1877,2025-01-07 12:25:00,West,Police,781,2,12,Normal,0,18,12,1,0,16.0,53.0,17.666666666666668
1878,2025-01-07 12:30:00,West,Medical,733,3,16,Normal,0,14,12,1,0,18.0,48.0,16.0
1879,2025-01-07 12:35:00,Central,Other,210,1,13,Normal,0,22,12,1,0,14.0,54.0,18.0
1880,2025-01-07 12:40:00,North,Police,663,2,20,Normal,0,18,12,1,0,22.0,54.0,18.0
1881,2025-01-07 12:45:00,North,Medical,701,3,22,Normal,0,18,12,1,0,18.0,58.0,19.333333333333332
1882,2025-01-07 12:50:00,West,Medical,523,3,18,Normal,0,19,12,1,0,18.0,55.0,18.333333333333332
1883,2025-01-07 12:55:00,Central,Other,191,1,15,Normal,0,13,12,1,0,19.0,50.0,16.666666666666668
1884,2025-01-07 13:00:00,North,Medical,870,3,20,Normal,0,15,13,1,0,13.0,47.0,15.666666666666666
1885,2025-01-07 13:05:00,South,Other,197,1,16,Severe,0,41,13,1,0,15.0,69.0,23.0
1886,2025-01-07 13:10:00,West,Medical,763,3,7,Normal,0,26,13,1,0,41.0,82.0,27.333333333333332
1887,2025-01-07 13:15:00,North,Medical,788,3,29,Normal,0,26,13,1,0,26.0,93.0,31.0
1888,2025-01-07 13:20:00,Central,Medical,631,3,17,Normal,0,17,13,1,0,26.0,69.0,23.0
1889,2025-01-07 13:25:00,Central,Police,489,2,23,Normal,0,23,13,1,0,17.0,66.0,22.0
1890,2025-01-07 13:30:00,South,Police,485,2,9,Normal,0,18,13,1,0,23.0,58.0,19.333333333333332
1891,2025-01-07 13:35:00,Central,Other,371,1,15,Normal,0,18,13,1,0,18.0,59.0,19.666666666666668
1892,2025-01-07 13:40:00,Central,Fire,1145,4,14,Normal,0,24,13,1,0,18.0,60.0,20.0
1893,2025-01-07 13:45:00,West,Medical,748,3,19,Normal,0,16,13,1,0,24.0,58.0,19.333333333333332
1894,2025-01-07 13:50:00,West,Medical,514,3,15,Normal,0,15,13,1,0,16.0,55.0,18.333333333333332
1895,2025-01-07 13:55:00,West,Police,261,2,11,Normal,0,15,13,1,0,15.0,46.0,15.333333333333334
1896,2025-01-07 14:00:00,West,Medical,605,3,18,Normal,0,22,14,1,0,15.0,52.0,17.333333333333332
1897,2025-01-07 14:05:00,North,Medical,831,3,21,Severe,0,41,14,1,0,22.0,78.0,26.0
1898,2025-01-07 14:10:00,South,Police,501,2,20,Normal,0,24,14,1,0,41.0,87.0,29.0
1899,2025-01-07 14:15:00,Central,Medical,549,3,6,Severe,0,46,14,1,0,24.0,111.0,37.0
1900,2025-01-07 14:20:00,South,Medical,669,3,25,Severe,0,48,14,1,0,46.0,118.0,39.333333333333336
1901,2025-01-07 14:25:00,Central,Medical,418,3,26,Severe,0,41,14,1,0,48.0,135.0,45.0
1902,2025-01-07 14:30:00,Central,Other,231,1,16,Normal,0,26,14,1,0,41.0,115.0,38.333333333333336
1903,2025-01-07 14:35:00,North,Medical,892,3,12,Severe,0,47,14,1,0,26.0,114.0,38.0
1904,2025-01-07 14:40:00,South,Police,532,2,19,Normal,0,24,14,1,0,47.0,97.0,32.333333333333336
1905,2025-01-07 14:45:00,East,Medical,440,3,18,Normal,0,21,14,1,0,24.0,92.0,30.666666666666668
1906,2025-01-07 14:50:00,West,Other,145,1,29,Normal,1,42,14,1,0,21.0,87.0,29.0
1907,2025-01-07 14:55:00,South,Other,264,1,5,Normal,0,20,14,1,0,42.0,83.0,27.666666666666668
1908,2025-01-07 15:00:00,East,Other,158,1,13,Normal,0,26,15,1,0,20.0,88.0,29.333333333333332
1909,2025-01-07 15:05:00,West,Medical,500,3,11,Normal,0,22,15,1,0,26.0,68.0,22.666666666666668
1910,2025-01-07 15:10:00,East,Other,245,1,28,Severe,0,34,15,1,0,22.0,82.0,27.333333333333332
1911,2025-01-07 15:15:00,West,Medical,694,3,23,Normal,0,25,15,1,0,34.0,81.0,27.0
1912,2025-01-07 15:20:00,South,Medical,455,3,8,Severe,0,38,15,1,0,25.0,97.0,32.333333333333336
1913,2025-01-07 15:25:00,West,Medical,611,3,28,Normal,0,17,15,1,0,38.0,80.0,26.666666666666668
1914,2025-01-07 15:30:00,South,Police,718,2,8,Normal,0,24,15,1,0,17.0,79.0,26.333333333333332
1915,2025-01-07 15:35:00,East,Police,714,2,28,Normal,0,19,15,1,0,24.0,60.0,20.0
1916,2025-01-07 15:40:00,North,Police,215,2,9,Normal,0,16,15,1,0,19.0,59.0,19.666666666666668
1917,2025-01-07 15:45:00,East,Other,244,1,9,Normal,0,23,15,1,0,16.0,58.0,19.333333333333332
1918,2025-01-07 15:50:00,Central,Medical,309,3,22,Normal,0,25,15,1,0,23.0,64.0,21.333333333333332
1919,2025-01-07 15:55:00,West,Medical,320,3,29,Severe,0,45,15,1,0,25.0,93.0,31.0
1920,2025-01-07 16:00:00,West,Other,219,1,5,Normal,0,16,16,1,0,45.0,86.0,28.666666666666668
1921,2025-01-07 16:05:00,South,Other,319,1,11,Normal,0,21,16,1,0,16.0,82.0,27.333333333333332
1922,2025-01-07 16:10:00,Central,Medical,651,3,23,Severe,0,51,16,1,0,21.0,88.0,29.333333333333332
1923,2025-01-07 16:15:00,West,Medical,776,3,26,Normal,0,19,16,1,0,51.0,91.0,30.333333333333332
1924,2025-01-07 16:20:00,North,Police,357,2,25,Normal,0,23,16,1,0,19.0,93.0,31.0
1925,2025-01-07 16:25:00,Central,Medical,767,3,19,Normal,0,21,16,1,0,23.0,63.0,21.0
1926,2025-01-07 16:30:00,West,Police,438,2,28,Normal,0,18,16,1,0,21.0,62.0,20.666666666666668
1927,2025-01-07 16:35:00,South,Fire,877,4,20,Normal,0,20,16,1,0,18.0,59.0,19.666666666666668
1928,2025-01-07 16:40:00,Central,Police,345,2,26,Normal,0,27,16,1,0,20.0,65.0,21.666666666666668
1929,2025-01-07 16:45:00,North,Other,243,1,26,Normal,0,18,16,1,0,27.0,65.0,21.666666666666668
1930,2025-01-07 16:50:00,Central,Fire,1005,4,29,Severe,0,40,16,1,0,18.0,85.0,28.333333333333332
1931,2025-01-07 16:55:00,Central,Medical,759,3,18,Normal,0,19,16,1,0,40.0,77.0,25.666666666666668
1932,2025-01-07 17:00:00,North,Medical,561,3,27,Normal,0,19,17,1,0,19.0,78.0,26.0
1933,2025-01-07 17:05:00,North,Medical,363,3,6,Normal,0,25,17,1,0,19.0,63.0,21.0
1934,2025-01-07 17:10:00,Central,Police,357,2,15,Normal,0,18,17,1,0,25.0,62.0,20.666666666666668
1935,2025-01-07 17:15:00,North,Police,559,2,15,Normal,0,15,17,1,0,18.0,58.0,19.333333333333332
1936,2025-01-07 17:20:00,Central,Medical,655,3,8,Normal,0,19,17,1,0,15.0,52.0,17.333333333333332
1937,2025-01-07 17:25:00,North,Other,132,1,23,Normal,0,21,17,1,0,19.0,55.0,18.333333333333332
1938,2025-01-07 17:30:00,North,Police,274,2,21,Severe,0,39,17,1,0,21.0,79.0,26.333333333333332
1939,2025-01-07 17:35:00,North,Other,361,1,24,Normal,0,17,17,1,0,39.0,77.0,25.666666666666668
1940,2025-01-07 17:40:00,East,Other,168,1,15,Normal,0,22,17,1,0,17.0,78.0,26.0
1941,2025-01-07 17:45:00,North,Fire,560,4,13,Severe,0,42,17,1,0,22.0,81.0,27.0
1942,2025-01-07 17:50:00,Central,Medical,877,3,5,Normal,0,22,17,1,0,42.0,86.0,28.666666666666668
1943,2025-01-07 17:55:00,West,Medical,729,3,7,Normal,0,19,17,1,0,22.0,83.0,27.666666666666668
1944,2025-01-07 18:00:00,South,Fire,400,4,10,Normal,0,23,18,1,0,19.0,64.0,21.333333333333332
1945,2025-01-07 18:05:00,South,Police,744,2,14,Normal,0,25,18,1,0,23.0,67.0,22.333333333333332
1946,2025-01-07 18:10:00,Central,Police,693,2,27,Normal,0,28,18,1,0,25.0,76.0,25.333333333333332
1947,2025-01-07 18:15:00,North,Fire,871,4,24,Normal,0,24,18,1,0,28.0,77.0,25.666666666666668
1948,2025-01-07 18:20:00,East,Police,687,2,22,Normal,0,22,18,1,0,24.0,74.0,24.666666666666668
1949,2025-01-07 18:25:00,Central,Medical,646,3,16,Normal,0,29,18,1,0,22.0,75.0,25.0
1950,2025-01-07 18:30:00,South,Other,384,1,6,Normal,0,19,18,1,0,29.0,70.0,23.333333333333332
1951,2025-01-07 18:35:00,South,Fire,997,4,26,Normal,0,31,18,1,0,19.0,79.0,26.333333333333332
1952,2025-01-07 18:40:00,Central,Fire,602,4,8,Normal,0,19,18,1,0,31.0,69.0,23.0
1953,2025-01-07 18:45:00,South,Fire,502,4,5,Normal,0,25,18,1,0,19.0,75.0,25.0
1954,2025-01-07 18:50:00,East,Medical,781,3,16,Normal,0,22,18,1,0,25.0,66.0,22.0
1955,2025-01-07 18:55:00,North,Police,365,2,22,Severe,0,38,18,1,0,22.0,85.0,28.333333333333332
1956,2025-01-07 19:00:00,Central,Medical,759,3,13,Normal,0,32,19,1,0,38.0,92.0,30.666666666666668
1957,2025-01-07 19:05:00,Central,Fire,535,4,17,Normal,0,32,19,1,0,32.0,102.0,34.0
1958,2025-01-07 19:10:00,East,Medical,861,3,29,Normal,0,30,19,1,0,32.0,94.0,31.333333333333332
1959,2025-01-07 19:15:00,South,Police,407,2,20,Normal,0,22,19,1,0,30.0,84.0,28.0
1960,2025-01-07 19:20:00,West,Police,265,2,20,Normal,0,31,19,1,0,22.0,83.0,27.666666666666668
1961,2025-01-07 19:25:00,Central,Medical,566,3,26,Normal,0,25,19,1,0,31.0,78.0,26.0
1962,2025-01-07 19:30:00,Central,Medical,417,3,12,Normal,0,38,19,1,0,25.0,94.0,31.333333333333332
1963,2025-01-07 19:35:00,East,Medical,660,3,13,Normal,0,29,19,1,0,38.0,92.0,30.666666666666668
1964,2025-01-07 19:40:00,East,Police,440,2,25,Normal,1,45,19,1,0,29.0,112.0,37.333333333333336
1965,2025-01-07 19:45:00,South,Fire,780,4,16,Normal,0,26,19,1,0,45.0,100.0,33.333333333333336
1966,2025-01-07 19:50:00,West,Medical,889,3,26,Severe,0,68,19,1,0,26.0,139.0,46.333333333333336
1967,2025-01-07 19:55:00,Central,Medical,531,3,24,Normal,0,29,19,1,0,68.0,123.0,41.0
1968,2025-01-07 20:00:00,North,Other,369,1,11,Severe,1,62,20,1,0,29.0,159.0,53.0
1969,2025-01-07 20:05:00,West,Medical,608,3,27,Normal,0,26,20,1,0,62.0,117.0,39.0
1970,2025-01-07 20:10:00,South,Police,758,2,9,Normal,0,28,20,1,0,26.0,116.0,38.666666666666664
1971,2025-01-07 20:15:00,West,Medical,455,3,23,Normal,0,29,20,1,0,28.0,83.0,27.666666666666668
1972,2025-01-07 20:20:00,North,Fire,878,4,8,Normal,0,25,20,1,0,29.0,82.0,27.333333333333332
1973,2025-01-07 20:25:00,South,Medical,745,3,5,Severe,0,62,20,1,0,25.0,116.0,38.666666666666664
1974,2025-01-07 20:30:00,North,Police,774,2,19,Normal,0,32,20,1,0,62.0,119.0,39.666666666666664
1975,2025-01-07 20:35:00,East,Other,316,1,13,Severe,0,44,20,1,0,32.0,138.0,46.0
1976,2025-01-07 20:40:00,South,Fire,785,4,20,Normal,0,20,20,1,0,44.0,96.0,32.0
1977,2025-01-07 20:45:00,North,Medical,633,3,28,Normal,1,36,20,1,0,20.0,100.0,33.333333333333336
1978,2025-01-07 20:50:00,West,Other,117,1,21,Normal,0,33,20,1,0,36.0,89.0,29.666666666666668
1979,2025-01-07 20:55:00,North,Medical,642,3,13,Normal,0,30,20,1,0,33.0,99.0,33.0
1980,2025-01-07 21:00:00,Central,Medical,467,3,10,Normal,0,24,21,1,0,30.0,87.0,29.0
1981,2025-01-07 21:05:00,Central,Medical,651,3,10,Normal,0,19,21,1,0,24.0,73.0,24.333333333333332
1982,2025-01-07 21:10:00,West,Fire,1166,4,5,Normal,0,22,21,1,0,19.0,65.0,21.666666666666668
1983,2025-01-07 21:15:00,East,Fire,940,4,7,Normal,0,26,21,1,0,22.0,67.0,22.333333333333332
1984,2025-01-07 21:20:00,North,Medical,702,3,9,Normal,0,20,21,1,0,26.0,68.0,22.666666666666668
1985,2025-01-07 21:25:00,North,Police,208,2,15,Normal,0,23,21,1,0,20.0,69.0,23.0
1986,2025-01-07 21:30:00,Central,Police,664,2,28,Normal,0,23,21,1,0,23.0,66.0,22.0
1987,2025-01-07 21:35:00,East,Medical,395,3,13,Normal,0,21,21,1,0,23.0,67.0,22.333333333333332
1988,2025-01-07 21:40:00,East,Police,430,2,27,Normal,0,22,21,1,0,21.0,66.0,22.0
1989,2025-01-07 21:45:00,East,Medical,501,3,25,Normal,0,25,21,1,0,22.0,68.0,22.666666666666668
1990,2025-01-07 21:50:00,West,Fire,953,4,22,Normal,0,13,21,1,0,25.0,60.0,20.0
1991,2025-01-07 21:55:00,West,Police,258,2,16,Normal,0,22,21,1,0,13.0,60.0,20.0
1992,2025-01-07 22:00:00,North,Other,376,1,13,Normal,0,27,22,1,0,22.0,62.0,20.666666666666668
1993,2025-01-07 22:05:00,West,Police,692,2,20,Normal,0,27,22,1,0,27.0,76.0,25.333333333333332
1994,2025-01-07 22:10:00,South,Other,322,1,14,Normal,0,21,22,1,0,27.0,75.0,25.0
1995,2025-01-07 22:15:00,West,Medical,824,3,20,Normal,0,24,22,1,0,21.0,72.0,24.0
1996,2025-01-07 22:20:00,Central,Medical,565,3,10,Normal,1,36,22,1,0,24.0,81.0,27.0
1997,2025-01-07 22:25:00,Central,Medical,861,3,12,Normal,0,18,22,1,0,36.0,78.0,26.0
1998,2025-01-07 22:30:00,South,Medical,419,3,22,Normal,0,23,22,1,0,18.0,77.0,25.666666666666668
1999,2025-01-07 22:35:00,North,Police,773,2,27,Normal,0,20,22,1,0,23.0,61.0,20.333333333333332
2000,2025-01-07 22:40:00,Central,Other,156,1,26,Normal,0,17,22,1,0,20.0,60.0,20.0
2001,2025-01-07 22:45:00,South,Medical,322,3,15,Severe,0,43,22,1,0,17.0,80.0,26.666666666666668
2002,2025-01-07 22:50:00,West,Medical,516,3,19,Normal,0,23,22,1,0,43.0,83.0,27.666666666666668
2003,2025-01-07 22:55:00,East,Police,611,2,22,Normal,0,18,22,1,0,23.0,84.0,28.0
2004,2025-01-07 23:00:00,West,Police,475,2,9,Normal,0,20,23,1,0,18.0,61.0,20.333333333333332
2005,2025-01-07 23:05:00,South,Fire,844,4,18,Normal,0,15,23,1,0,20.0,53.0,17.666666666666668
2006,2025-01-07 23:10:00,North,Police,649,2,20,Normal,0,23,23,1,0,15.0,58.0,19.333333333333332
2007,2025-01-07 23:15:00,North,Fire,954,4,21,Normal,0,17,23,1,0,23.0,55.0,18.333333333333332
2008,2025-01-07 23:20:00,South,Police,373,2,29,Severe,0,50,23,1,0,17.0,90.0,30.0
2009,2025-01-07 23:25:00,East,Police,365,2,27,Normal,0,20,23,1,0,50.0,87.0,29.0
2010,2025-01-07 23:30:00,North,Medical,382,3,13,Normal,0,15,23,1,0,20.0,85.0,28.333333333333332
2011,2025-01-07 23:35:00,Central,Medical,719,3,5,Normal,0,19,23,1,0,15.0,54.0,18.0
2012,2025-01-07 23:40:00,East,Medical,794,3,17,Normal,0,13,23,1,0,19.0,47.0,15.666666666666666
2013,2025-01-07 23:45:00,South,Police,713,2,23,Normal,0,14,23,1,0,13.0,46.0,15.333333333333334
2014,2025-01-07 23:50:00,South,Police,672,2,11,Normal,1,40,23,1,0,14.0,67.0,22.333333333333332
2015,2025-01-07 23:55:00,Central,Other,148,1,16,Normal,1,37,23,1,0,40.0,91.0,30.333333333333332
2016,2025-01-08 00:00:00,South,Fire,1138,4,9,Normal,0,19,0,2,0,37.0,96.0,32.0
2017,2025-01-08 00:05:00,Central,Fire,584,4,26,Normal,0,18,0,2,0,19.0,74.0,24.666666666666668
2018,2025-01-08 00:10:00,West,Police,200,2,27,Normal,1,32,0,2,0,18.0,69.0,23.0
2019,2025-01-08 00:15:00,Central,Police,238,2,29,Normal,0,22,0,2,0,32.0,72.0,24.0
2020,2025-01-08 00:20:00,Central,Police,310,2,15,Normal,0,14,0,2,0,22.0,68.0,22.666666666666668
2021,2025-01-08 00:25:00,Central,Medical,867,3,22,Normal,0,16,0,2,0,14.0,52.0,17.333333333333332
2022,2025-01-08 00:30:00,North,Police,770,2,14,Normal,0,20,0,2,0,16.0,50.0,16.666666666666668
2023,2025-01-08 00:35:00,East,Medical,409,3,6,Normal,0,27,0,2,0,20.0,63.0,21.0
2024,2025-01-08 00:40:00,East,Police,750,2,20,Normal,0,16,0,2,0,27.0,63.0,21.0
2025,2025-01-08 00:45:00,North,Police,275,2,28,Normal,0,17,0,2,0,16.0,60.0,20.0
2026,2025-01-08 00:50:00,East,Police,476,2,23,Normal,0,20,0,2,0,17.0,53.0,17.666666666666668
2027,2025-01-08 00:55:00,East,Medical,496,3,24,Normal,0,19,0,2,0,20.0,56.0,18.666666666666668
2028,2025-01-08 01:00:00,West,Medical,333,3,24,Normal,0,25,1,2,0,19.0,64.0,21.333333333333332
2029,2025-01-08 01:05:00,North,Other,206,1,13,Normal,0,19,1,2,0,25.0,63.0,21.0
2030,2025-01-08 01:10:00,West,Police,617,2,18,Normal,0,21,1,2,0,19.0,65.0,21.666666666666668
2031,2025-01-08 01:15:00,Central,Police,294,2,6,Normal,0,20,1,2,0,21.0,60.0,20.0
2032,2025-01-08 01:20:00,Central,Medical,308,3,24,Normal,0,22,1,2,0,20.0,63.0,21.0
2033,2025-01-08 01:25:00,East,Medical,878,3,23,Normal,0,13,1,2,0,22.0,55.0,18.333333333333332
2034,2025-01-08 01:30:00,East,Other,282,1,26,Normal,0,22,1,2,0,13.0,57.0,19.0
2035,2025-01-08 01:35:00,East,Police,332,2,9,Normal,0,22,1,2,0,22.0,57.0,19.0
2036,2025-01-08 01:40:00,North,Other,123,1,27,Normal,0,24,1,2,0,22.0,68.0,22.666666666666668
2037,2025-01-08 01:45:00,Central,Medical,539,3,6,Severe,0,43,1,2,0,24.0,89.0,29.666666666666668
2038,2025-01-08 01:50:00,East,Medical,380,3,27,Normal,0,22,1,2,0,43.0,89.0,29.666666666666668
2039,2025-01-08 01:55:00,Central,Medical,742,3,6,Normal,0,16,1,2,0,22.0,81.0,27.0
2040,2025-01-08 02:00:00,South,Other,361,1,15,Normal,0,14,2,2,0,16.0,52.0,17.333333333333332
2041,2025-01-08 02:05:00,West,Police,500,2,19,Normal,0,26,2,2,0,14.0,56.0,18.666666666666668
2042,2025-01-08 02:10:00,North,Medical,539,3,18,Normal,0,23,2,2,0,26.0,63.0,21.0
2043,2025-01-08 02:15:00,West,Medical,865,3,28,Normal,0,26,2,2,0,23.0,75.0,25.0
2044,2025-01-08 02:20:00,South,Fire,868,4,12,Normal,0,12,2,2,0,26.0,61.0,20.333333333333332
2045,2025-01-08 02:25:00,Central,Police,724,2,16,Normal,0,22,2,2,0,12.0,60.0,20.0
2046,2025-01-08 02:30:00,South,Medical,485,3,17,Normal,0,21,2,2,0,22.0,55.0,18.333333333333332
2047,2025-01-08 02:35:00,West,Medical,549,3,9,Normal,0,15,2,2,0,21.0,58.0,19.333333333333332
2048,2025-01-08 02:40:00,East,Other,305,1,12,Severe,0,37,2,2,0,15.0,73.0,24.333333333333332
2049,2025-01-08 02:45:00,West,Medical,353,3,16,Normal,0,18,2,2,0,37.0,70.0,23.333333333333332
2050,2025-01-08 02:50:00,North,Medical,748,3,24,Normal,0,16,2,2,0,18.0,71.0,23.666666666666668
2051,2025-01-08 02:55:00,North,Other,202,1,23,Normal,0,23,2,2,0,16.0,57.0,19.0
2052,2025-01-08 03:00:00,South,Police,387,2,28,Normal,0,21,3,2,0,23.0,60.0,20.0
2053,2025-01-08 03:05:00,Central,Medical,860,3,20,Normal,0,22,3,2,0,21.0,66.0,22.0
2054,2025-01-08 03:10:00,Central,Police,223,2,9,Normal,0,19,3,2,0,22.0,62.0,20.666666666666668
2055,2025-01-08 03:15:00,Central,Medical,708,3,14,Normal,0,19,3,2,0,19.0,60.0,20.0
2056,2025-01-08 03:20:00,West,Other,166,1,21,Severe,0,25,3,2,0,19.0,63.0,21.0
2057,2025-01-08 03:25:00,North,Police,227,2,20,Normal,0,18,3,2,0,25.0,62.0,20.666666666666668
2058,2025-01-08 03:30:00,South,Police,365,2,26,Normal,0,13,3,2,0,18.0,56.0,18.666666666666668
2059,2025-01-08 03:35:00,Central,Medical,420,3,7,Normal,0,30,3,2,0,13.0,61.0,20.333333333333332
2060,2025-01-08 03:40:00,West,Other,336,1,19,Normal,0,20,3,2,0,30.0,63.0,21.0
2061,2025-01-08 03:45:00,West,Police,579,2,6,Normal,0,16,3,2,0,20.0,66.0,22.0
2062,2025-01-08 03:50:00,Central,Fire,953,4,9,Normal,0,26,3,2,0,16.0,62.0,20.666666666666668
2063,2025-01-08 03:55:00,North,Other,160,1,17,Normal,0,25,3,2,0,26.0,67.0,22.333333333333332
2064,2025-01-08 04:00:00,Central,Police,592,2,19,Normal,0,16,4,2,0,25.0,67.0,22.333333333333332
2065,2025-01-08 04:05:00,East,Police,448,2,9,Normal,0,30,4,2,0,16.0,71.0,23.666666666666668
2066,2025-01-08 04:10:00,South,Medical,330,3,25,Severe,0,56,4,2,0,30.0,102.0,34.0
2067,2025-01-08 04:15:00,North,Police,288,2,27,Normal,0,24,4,2,0,56.0,110.0,36.666666666666664
2068,2025-01-08 04:20:00,North,Police,573,2,27,Normal,1,37,4,2,0,24.0,117.0,39.0
2069,2025-01-08 04:25:00,West,Police,504,2,6,Normal,0,26,4,2,0,37.0,87.0,29.0
2070,2025-01-08 04:30:00,South,Medical,648,3,8,Normal,0,21,4,2,0,26.0,84.0,28.0
2071,2025-01-08 04:35:00,West,Other,137,1,29,Normal,0,15,4,2,0,21.0,62.0,20.666666666666668
2072,2025-01-08 04:40:00,Central,Medical,693,3,22,Normal,0,25,4,2,0,15.0,61.0,20.333333333333332
2073,2025-01-08 04:45:00,South,Fire,952,4,29,Normal,0,14,4,2,0,25.0,54.0,18.0
2074,2025-01-08 04:50:00,East,Medical,446,3,16,Severe,0,35,4,2,0,14.0,74.0,24.666666666666668
2075,2025-01-08 04:55:00,East,Police,732,2,14,Normal,1,42,4,2,0,35.0,91.0,30.333333333333332
2076,2025-01-08 05:00:00,Central,Police,753,2,19,Normal,0,14,5,2,0,42.0,91.0,30.333333333333332
2077,2025-01-08 05:05:00,East,Fire,1194,4,24,Normal,0,18,5,2,0,14.0,74.0,24.666666666666668
2078,2025-01-08 05:10:00,North,Medical,810,3,12,Normal,0,21,5,2,0,18.0,53.0,17.666666666666668
2079,2025-01-08 05:15:00,South,Medical,591,3,20,Normal,0,23,5,2,0,21.0,62.0,20.666666666666668
2080,2025-01-08 05:20:00,West,Other,322,1,10,Normal,1,31,5,2,0,23.0,75.0,25.0
2081,2025-01-08 05:25:00,North,Medical,389,3,6,Normal,0,23,5,2,0,31.0,77.0,25.666666666666668
2082,2025-01-08 05:30:00,East,Fire,886,4,14,Normal,0,19,5,2,0,23.0,73.0,24.333333333333332
2083,2025-01-08 05:35:00,East,Other,393,1,13,Normal,0,19,5,2,0,19.0,61.0,20.333333333333332
2084,2025-01-08 05:40:00,South,Other,111,1,8,Normal,0,32,5,2,0,19.0,70.0,23.333333333333332
2085,2025-01-08 05:45:00,South,Medical,367,3,24,Normal,0,11,5,2,0,32.0,62.0,20.666666666666668
2086,2025-01-08 05:50:00,South,Other,352,1,25,Normal,0,22,5,2,0,11.0,65.0,21.666666666666668
2087,2025-01-08 05:55:00,West,Other,116,1,13,Normal,0,17,5,2,0,22.0,50.0,16.666666666666668
2088,2025-01-08 06:00:00,Central,Medical,563,3,14,Normal,0,26,6,2,0,17.0,65.0,21.666666666666668
2089,2025-01-08 06:05:00,Central,Other,231,1,6,Normal,0,21,6,2,0,26.0,64.0,21.333333333333332
2090,2025-01-08 06:10:00,East,Police,590,2,6,Normal,0,11,6,2,0,21.0,58.0,19.333333333333332
2091,2025-01-08 06:15:00,West,Medical,852,3,25,Severe,0,52,6,2,0,11.0,84.0,28.0
2092,2025-01-08 06:20:00,South,Police,375,2,24,Normal,0,26,6,2,0,52.0,89.0,29.666666666666668
2093,2025-01-08 06:25:00,North,Medical,835,3,26,Severe,0,44,6,2,0,26.0,122.0,40.666666666666664
2094,2025-01-08 06:30:00,East,Other,101,1,26,Severe,0,35,6,2,0,44.0,105.0,35.0
2095,2025-01-08 06:35:00,West,Medical,591,3,9,Normal,0,17,6,2,0,35.0,96.0,32.0
2096,2025-01-08 06:40:00,East,Police,611,2,26,Normal,1,32,6,2,0,17.0,84.0,28.0
2097,2025-01-08 06:45:00,North,Medical,342,3,13,Normal,0,18,6,2,0,32.0,67.0,22.333333333333332
2098,2025-01-08 06:50:00,East,Other,278,1,12,Normal,0,21,6,2,0,18.0,71.0,23.666666666666668
2099,2025-01-08 06:55:00,East,Police,429,2,10,Normal,0,18,6,2,0,21.0,57.0,19.0
2100,2025-01-08 07:00:00,Central,Police,310,2,16,Normal,0,20,7,2,0,18.0,59.0,19.666666666666668
2101,2025-01-08 07:05:00,North,Other,174,1,13,Normal,0,21,7,2,0,20.0,59.0,19.666666666666668
2102,2025-01-08 07:10:00,West,Medical,508,3,8,Normal,0,23,7,2,0,21.0,64.0,21.333333333333332
2103,2025-01-08 07:15:00,East,Police,366,2,27,Severe,0,40,7,2,0,23.0,84.0,28.0
2104,2025-01-08 07:20:00,South,Fire,614,4,11,Normal,0,16,7,2,0,40.0,79.0,26.333333333333332
2105,2025-01-08 07:25:00,Central,Medical,325,3,23,Normal,0,16,7,2,0,16.0,72.0,24.0
2106,2025-01-08 07:30:00,South,Medical,866,3,15,Normal,0,15,7,2,0,16.0,47.0,15.666666666666666
2107,2025-01-08 07:35:00,North,Police,683,2,16,Normal,0,29,7,2,0,15.0,60.0,20.0
2108,2025-01-08 07:40:00,Central,Medical,803,3,26,Normal,0,17,7,2,0,29.0,61.0,20.333333333333332
2109,2025-01-08 07:45:00,South,Police,569,2,17,Normal,0,19,7,2,0,17.0,65.0,21.666666666666668
2110,2025-01-08 07:50:00,Central,Other,251,1,16,Normal,0,14,7,2,0,19.0,50.0,16.666666666666668
2111,2025-01-08 07:55:00,West,Medical,823,3,21,Normal,0,17,7,2,0,14.0,50.0,16.666666666666668
2112,2025-01-08 08:00:00,South,Medical,334,3,24,Normal,0,28,8,2,0,17.0,59.0,19.666666666666668
2113,2025-01-08 08:05:00,Central,Medical,713,3,5,Normal,0,28,8,2,0,28.0,73.0,24.333333333333332
2114,2025-01-08 08:10:00,South,Police,770,2,28,Severe,0,44,8,2,0,28.0,100.0,33.333333333333336
2115,2025-01-08 08:15:00,South,Medical,588,3,25,Normal,0,27,8,2,0,44.0,99.0,33.0
2116,2025-01-08 08:20:00,South,Medical,473,3,24,Severe,0,45,8,2,0,27.0,116.0,38.666666666666664
2117,2025-01-08 08:25:00,East,Medical,317,3,26,Normal,0,27,8,2,0,45.0,99.0,33.0
2118,2025-01-08 08:30:00,South,Police,556,2,10,Severe,0,46,8,2,0,27.0,118.0,39.333333333333336
2119,2025-01-08 08:35:00,North,Medical,509,3,26,Normal,1,49,8,2,0,46.0,122.0,40.666666666666664
2120,2025-01-08 08:40:00,East,Other,156,1,13,Normal,0,26,8,2,0,49.0,121.0,40.333333333333336
2121,2025-01-08 08:45:00,Central,Police,605,2,11,Normal,0,29,8,2,0,26.0,104.0,34.666666666666664
2122,2025-01-08 08:50:00,South,Medical,388,3,25,Normal,0,27,8,2,0,29.0,82.0,27.333333333333332
2123,2025-01-08 08:55:00,North,Medical,570,3,8,Severe,0,61,8,2,0,27.0,117.0,39.0
2124,2025-01-08 09:00:00,South,Medical,622,3,23,Normal,0,39,9,2,0,61.0,127.0,42.333333333333336
2125,2025-01-08 09:05:00,East,Other,299,1,16,Normal,0,24,9,2,0,39.0,124.0,41.333333333333336
2126,2025-01-08 09:10:00,South,Medical,879,3,27,Normal,0,34,9,2,0,24.0,97.0,32.333333333333336
2127,2025-01-08 09:15:00,South,Medical,849,3,15,Normal,0,29,9,2,0,34.0,87.0,29.0
2128,2025-01-08 09:20:00,West,Police,478,2,25,Normal,0,28,9,2,0,29.0,91.0,30.333333333333332
2129,2025-01-08 09:25:00,South,Fire,722,4,25,Severe,0,46,9,2,0,28.0,103.0,34.333333333333336
2130,2025-01-08 09:30:00,East,Other,216,1,18,Normal,0,38,9,2,0,46.0,112.0,37.333333333333336
2131,2025-01-08 09:35:00,North,Medical,466,3,16,Severe,0,51,9,2,0,38.0,135.0,45.0
2132,2025-01-08 09:40:00,East,Police,662,2,19,Normal,0,32,9,2,0,51.0,121.0,40.333333333333336
2133,2025-01-08 09:45:00,Central,Medical,687,3,11,Normal,0,29,9,2,0,32.0,112.0,37.333333333333336
2134,2025-01-08 09:50:00,East,Other,327,1,9,Severe,0,50,9,2,0,29.0,111.0,37.0
2135,2025-01-08 09:55:00,West,Other,117,1,23,Normal,0,36,9,2,0,50.0,115.0,38.333333333333336
2136,2025-01-08 10:00:00,West,Police,580,2,14,Normal,0,19,10,2,0,36.0,105.0,35.0
2137,2025-01-08 10:05:00,North,Medical,432,3,19,Normal,0,13,10,2,0,19.0,68.0,22.666666666666668
2138,2025-01-08 10:10:00,South,Medical,694,3,14,Normal,0,20,10,2,0,13.0,52.0,17.333333333333332
2139,2025-01-08 10:15:00,East,Medical,360,3,20,Severe,0,50,10,2,0,20.0,83.0,27.666666666666668
2140,2025-01-08 10:20:00,South,Medical,596,3,11,Normal,0,23,10,2,0,50.0,93.0,31.0
2141,2025-01-08 10:25:00,South,Medical,748,3,6,Normal,0,23,10,2,0,23.0,96.0,32.0
2142,2025-01-08 10:30:00,North,Police,643,2,8,Normal,0,17,10,2,0,23.0,63.0,21.0
2143,2025-01-08 10:35:00,East,Other,221,1,5,Normal,0,22,10,2,0,17.0,62.0,20.666666666666668
2144,2025-01-08 10:40:00,North,Medical,647,3,15,Normal,0,16,10,2,0,22.0,55.0,18.333333333333332
2145,2025-01-08 10:45:00,West,Medical,881,3,20,Normal,0,20,10,2,0,16.0,58.0,19.333333333333332
2146,2025-01-08 10:50:00,East,Medical,542,3,12,Normal,0,21,10,2,0,20.0,57.0,19.0
2147,2025-01-08 10:55:00,West,Medical,356,3,6,Normal,0,22,10,2,0,21.0,63.0,21.0
2148,2025-01-08 11:00:00,West,Police,203,2,27,Normal,0,13,11,2,0,22.0,56.0,18.666666666666668
2149,2025-01-08 11:05:00,South,Police,770,2,29,Normal,0,27,11,2,0,13.0,62.0,20.666666666666668
2150,2025-01-08 11:10:00,North,Medical,376,3,12,Normal,0,15,11,2,0,27.0,55.0,18.333333333333332
2151,2025-01-08 11:15:00,West,Fire,627,4,7,Normal,0,20,11,2,0,15.0,62.0,20.666666666666668
2152,2025-01-08 11:20:00,East,Police,233,2,6,Normal,0,25,11,2,0,20.0,60.0,20.0
2153,2025-01-08 11:25:00,North,Police,280,2,19,Normal,0,18,11,2,0,25.0,63.0,21.0
2154,2025-01-08 11:30:00,North,Police,775,2,24,Normal,0,24,11,2,0,18.0,67.0,22.333333333333332
2155,2025-01-08 11:35:00,East,Police,662,2,18,Normal,0,19,11,2,0,24.0,61.0,20.333333333333332
2156,2025-01-08 11:40:00,East,Police,605,2,26,Normal,0,17,11,2,0,19.0,60.0,20.0
2157,2025-01-08 11:45:00,North,Medical,404,3,7,Normal,0,22,11,2,0,17.0,58.0,19.333333333333332
2158,2025-01-08 11:50:00,East,Fire,813,4,7,Normal,0,20,11,2,0,22.0,59.0,19.666666666666668
2159,2025-01-08 11:55:00,East,Medical,541,3,27,Normal,0,17,11,2,0,20.0,59.0,19.666666666666668
2160,2025-01-08 12:00:00,North,Police,467,2,26,Normal,0,23,12,2,0,17.0,60.0,20.0
2161,2025-01-08 12:05:00,North,Other,352,1,17,Normal,0,27,12,2,0,23.0,67.0,22.333333333333332
2162,2025-01-08 12:10:00,North,Police,439,2,14,Normal,0,15,12,2,0,27.0,65.0,21.666666666666668
2163,2025-01-08 12:15:00,South,Fire,828,4,27,Normal,0,21,12,2,0,15.0,63.0,21.0
2164,2025-01-08 12:20:00,Central,Police,240,2,20,Severe,0,32,12,2,0,21.0,68.0,22.666666666666668
2165,2025-01-08 12:25:00,East,Other,295,1,15,Normal,0,22,12,2,0,32.0,75.0,25.0
2166,2025-01-08 12:30:00,East,Other,279,1,18,Normal,0,21,12,2,0,22.0,75.0,25.0
2167,2025-01-08 12:35:00,East,Medical,601,3,10,Normal,0,19,12,2,0,21.0,62.0,20.666666666666668
2168,2025-01-08 12:40:00,Central,Fire,1103,4,11,Normal,0,21,12,2,0,19.0,61.0,20.333333333333332
2169,2025-01-08 12:45:00,North,Police,757,2,13,Normal,0,20,12,2,0,21.0,60.0,20.0
2170,2025-01-08 12:50:00,South,Other,215,1,10,Normal,1,47,12,2,0,20.0,88.0,29.333333333333332
2171,2025-01-08 12:55:00,West,Police,504,2,26,Normal,0,22,12,2,0,47.0,89.0,29.666666666666668
2172,2025-01-08 13:00:00,West,Medical,351,3,19,Normal,0,19,13,2,0,22.0,88.0,29.333333333333332
2173,2025-01-08 13:05:00,North,Police,483,2,9,Normal,0,25,13,2,0,19.0,66.0,22.0
2174,2025-01-08 13:10:00,Central,Medical,634,3,18,Normal,0,23,13,2,0,25.0,67.0,22.333333333333332
2175,2025-01-08 13:15:00,North,Other,316,1,18,Normal,0,17,13,2,0,23.0,65.0,21.666666666666668
2176,2025-01-08 13:20:00,North,Medical,875,3,6,Normal,0,23,13,2,0,17.0,63.0,21.0
2177,2025-01-08 13:25:00,Central,Police,350,2,11,Normal,0,20,13,2,0,23.0,60.0,20.0
2178,2025-01-08 13:30:00,West,Other,284,1,19,Normal,0,25,13,2,0,20.0,68.0,22.666666666666668
2179,2025-01-08 13:35:00,West,Police,248,2,7,Normal,0,20,13,2,0,25.0,65.0,21.666666666666668
2180,2025-01-08 13:40:00,West,Medical,346,3,16,Normal,0,22,13,2,0,20.0,67.0,22.333333333333332
2181,2025-01-08 13:45:00,South,Medical,849,3,25,Normal,0,18,13,2,0,22.0,60.0,20.0
2182,2025-01-08 13:50:00,South,Other,276,1,26,Normal,0,15,13,2,0,18.0,55.0,18.333333333333332
2183,2025-01-08 13:55:00,East,Medical,395,3,15,Normal,0,21,13,2,0,15.0,54.0,18.0
2184,2025-01-08 14:00:00,East,Police,369,2,27,Normal,0,24,14,2,0,21.0,60.0,20.0
2185,2025-01-08 14:05:00,East,Other,158,1,24,Normal,0,19,14,2,0,24.0,64.0,21.333333333333332
2186,2025-01-08 14:10:00,South,Medical,884,3,18,Normal,0,15,14,2,0,19.0,58.0,19.333333333333332
2187,2025-01-08 14:15:00,West,Fire,678,4,16,Normal,0,22,14,2,0,15.0,56.0,18.666666666666668
2188,2025-01-08 14:20:00,North,Other,282,1,19,Normal,0,22,14,2,0,22.0,59.0,19.666666666666668
2189,2025-01-08 14:25:00,North,Other,390,1,11,Normal,0,23,14,2,0,22.0,67.0,22.333333333333332
2190,2025-01-08 14:30:00,East,Police,254,2,6,Normal,0,20,14,2,0,23.0,65.0,21.666666666666668
2191,2025-01-08 14:35:00,East,Other,102,1,10,Normal,0,16,14,2,0,20.0,59.0,19.666666666666668
2192,2025-01-08 14:40:00,Central,Fire,669,4,23,Severe,0,33,14,2,0,16.0,69.0,23.0
2193,2025-01-08 14:45:00,South,Other,305,1,25,Normal,0,15,14,2,0,33.0,64.0,21.333333333333332
2194,2025-01-08 14:50:00,North,Medical,413,3,11,Normal,0,17,14,2,0,15.0,65.0,21.666666666666668
2195,2025-01-08 14:55:00,West,Medical,598,3,22,Normal,0,17,14,2,0,17.0,49.0,16.333333333333332
2196,2025-01-08 15:00:00,South,Other,284,1,18,Normal,0,22,15,2,0,17.0,56.0,18.666666666666668
2197,2025-01-08 15:05:00,South,Police,365,2,8,Normal,0,14,15,2,0,22.0,53.0,17.666666666666668
2198,2025-01-08 15:10:00,Central,Fire,899,4,10,Normal,0,18,15,2,0,14.0,54.0,18.0
2199,2025-01-08 15:15:00,Central,Medical,851,3,11,Normal,0,25,15,2,0,18.0,57.0,19.0
2200,2025-01-08 15:20:00,South,Police,589,2,15,Normal,0,25,15,2,0,25.0,68.0,22.666666666666668
2201,2025-01-08 15:25:00,Central,Medical,331,3,23,Normal,0,18,15,2,0,25.0,68.0,22.666666666666668
2202,2025-01-08 15:30:00,South,Police,229,2,18,Normal,0,16,15,2,0,18.0,59.0,19.666666666666668
2203,2025-01-08 15:35:00,Central,Other,267,1,11,Normal,0,19,15,2,0,16.0,53.0,17.666666666666668
2204,2025-01-08 15:40:00,Central,Medical,609,3,24,Normal,0,21,15,2,0,19.0,56.0,18.666666666666668
2205,2025-01-08 15:45:00,West,Medical,718,3,24,Normal,0,25,15,2,0,21.0,65.0,21.666666666666668
2206,2025-01-08 15:50:00,West,Police,501,2,21,Normal,0,22,15,2,0,25.0,68.0,22.666666666666668
2207,2025-01-08 15:55:00,West,Medical,765,3,22,Severe,0,30,15,2,0,22.0,77.0,25.666666666666668
2208,2025-01-08 16:00:00,Central,Medical,408,3,15,Normal,0,22,16,2,0,30.0,74.0,24.666666666666668
2209,2025-01-08 16:05:00,West,Police,725,2,24,Normal,0,19,16,2,0,22.0,71.0,23.666666666666668
2210,2025-01-08 16:10:00,East,Medical,874,3,7,Normal,0,18,16,2,0,19.0,59.0,19.666666666666668
2211,2025-01-08 16:15:00,East,Medical,822,3,8,Normal,0,15,16,2,0,18.0,52.0,17.333333333333332
2212,2025-01-08 16:20:00,North,Medical,895,3,26,Normal,0,18,16,2,0,15.0,51.0,17.0
2213,2025-01-08 16:25:00,West,Police,535,2,20,Normal,0,27,16,2,0,18.0,60.0,20.0
2214,2025-01-08 16:30:00,East,Fire,1058,4,6,Normal,0,7,16,2,0,27.0,52.0,17.333333333333332
2215,2025-01-08 16:35:00,West,Police,398,2,21,Normal,0,16,16,2,0,7.0,50.0,16.666666666666668
2216,2025-01-08 16:40:00,North,Medical,651,3,7,Normal,0,21,16,2,0,16.0,44.0,14.666666666666666
2217,2025-01-08 16:45:00,Central,Police,457,2,23,Normal,0,19,16,2,0,21.0,56.0,18.666666666666668
2218,2025-01-08 16:50:00,East,Police,509,2,19,Normal,0,18,16,2,0,19.0,58.0,19.333333333333332
2219,2025-01-08 16:55:00,East,Medical,368,3,20,Normal,0,15,16,2,0,18.0,52.0,17.333333333333332
2220,2025-01-08 17:00:00,South,Medical,536,3,16,Normal,0,13,17,2,0,15.0,46.0,15.333333333333334
2221,2025-01-08 17:05:00,West,Fire,656,4,17,Normal,0,20,17,2,0,13.0,48.0,16.0
2222,2025-01-08 17:10:00,West,Fire,763,4,27,Normal,0,16,17,2,0,20.0,49.0,16.333333333333332
2223,2025-01-08 17:15:00,Central,Medical,658,3,15,Normal,0,28,17,2,0,16.0,64.0,21.333333333333332
2224,2025-01-08 17:20:00,Central,Police,726,2,5,Severe,0,38,17,2,0,28.0,82.0,27.333333333333332
2225,2025-01-08 17:25:00,East,Police,792,2,17,Normal,0,16,17,2,0,38.0,82.0,27.333333333333332
2226,2025-01-08 17:30:00,East,Police,288,2,6,Normal,0,19,17,2,0,16.0,73.0,24.333333333333332
2227,2025-01-08 17:35:00,South,Police,586,2,13,Normal,0,13,17,2,0,19.0,48.0,16.0
2228,2025-01-08 17:40:00,West,Fire,1177,4,15,Normal,1,39,17,2,0,13.0,71.0,23.666666666666668
2229,2025-01-08 17:45:00,West,Other,203,1,7,Normal,0,22,17,2,0,39.0,74.0,24.666666666666668
2230,2025-01-08 17:50:00,East,Medical,664,3,29,Normal,0,18,17,2,0,22.0,79.0,26.333333333333332
2231,2025-01-08 17:55:00,West,Medical,865,3,18,Normal,0,18,17,2,0,18.0,58.0,19.333333333333332
2232,2025-01-08 18:00:00,South,Police,505,2,22,Normal,0,34,18,2,0,18.0,70.0,23.333333333333332
2233,2025-01-08 18:05:00,South,Police,404,2,21,Normal,0,31,18,2,0,34.0,83.0,27.666666666666668
2234,2025-01-08 18:10:00,South,Medical,406,3,7,Normal,0,19,18,2,0,31.0,84.0,28.0
2235,2025-01-08 18:15:00,Central,Police,755,2,16,Normal,0,38,18,2,0,19.0,88.0,29.333333333333332
2236,2025-01-08 18:20:00,West,Medical,878,3,14,Normal,0,34,18,2,0,38.0,91.0,30.333333333333332
2237,2025-01-08 18:25:00,North,Medical,659,3,15,Normal,0,22,18,2,0,34.0,94.0,31.333333333333332
2238,2025-01-08 18:30:00,West,Medical,841,3,9,Normal,0,32,18,2,0,22.0,88.0,29.333333333333332
2239,2025-01-08 18:35:00,North,Police,709,2,13,Normal,0,33,18,2,0,32.0,87.0,29.0
2240,2025-01-08 18:40:00,West,Police,251,2,20,Normal,0,32,18,2,0,33.0,97.0,32.333333333333336
2241,2025-01-08 18:45:00,Central,Police,572,2,5,Normal,0,32,18,2,0,32.0,97.0,32.333333333333336
2242,2025-01-08 18:50:00,West,Medical,805,3,8,Normal,0,32,18,2,0,32.0,96.0,32.0
2243,2025-01-08 18:55:00,Central,Other,115,1,27,Normal,0,36,18,2,0,32.0,100.0,33.333333333333336
2244,2025-01-08 19:00:00,North,Medical,663,3,6,Normal,0,30,19,2,0,36.0,98.0,32.666666666666664
2245,2025-01-08 19:05:00,South,Other,342,1,25,Normal,0,27,19,2,0,30.0,93.0,31.0
2246,2025-01-08 19:10:00,West,Other,225,1,27,Normal,0,29,19,2,0,27.0,86.0,28.666666666666668
2247,2025-01-08 19:15:00,North,Medical,647,3,16,Normal,0,31,19,2,0,29.0,87.0,29.0
2248,2025-01-08 19:20:00,East,Police,346,2,20,Normal,0,27,19,2,0,31.0,87.0,29.0
2249,2025-01-08 19:25:00,South,Medical,317,3,16,Severe,0,47,19,2,0,27.0,105.0,35.0
2250,2025-01-08 19:30:00,West,Other,195,1,23,Normal,1,25,19,2,0,47.0,99.0,33.0
2251,2025-01-08 19:35:00,South,Fire,481,4,20,Severe,0,50,19,2,0,25.0,122.0,40.666666666666664
2252,2025-01-08 19:40:00,Central,Police,385,2,27,Normal,0,29,19,2,0,50.0,104.0,34.666666666666664
2253,2025-01-08 19:45:00,East,Medical,372,3,24,Severe,0,46,19,2,0,29.0,125.0,41.666666666666664
2254,2025-01-08 19:50:00,East,Other,169,1,28,Normal,0,28,19,2,0,46.0,103.0,34.333333333333336
2255,2025-01-08 19:55:00,West,Medical,736,3,18,Normal,0,28,19,2,0,28.0,102.0,34.0
2256,2025-01-08 20:00:00,West,Police,761,2,5,Normal,0,31,20,2,0,28.0,87.0,29.0
2257,2025-01-08 20:05:00,North,Other,309,1,20,Normal,1,43,20,2,0,31.0,102.0,34.0
2258,2025-01-08 20:10:00,East,Police,216,2,22,Normal,0,36,20,2,0,43.0,110.0,36.666666666666664
2259,2025-01-08 20:15:00,South,Police,755,2,16,Normal,0,24,20,2,0,36.0,103.0,34.333333333333336
2260,2025-01-08 20:20:00,Central,Police,741,2,25,Normal,0,23,20,2,0,24.0,83.0,27.666666666666668
2261,2025-01-08 20:25:00,South,Medical,857,3,22,Normal,0,31,20,2,0,23.0,78.0,26.0
2262,2025-01-08 20:30:00,North,Police,290,2,25,Normal,0,24,20,2,0,31.0,78.0,26.0
2263,2025-01-08 20:35:00,North,Other,380,1,12,Normal,0,34,20,2,0,24.0,89.0,29.666666666666668
2264,2025-01-08 20:40:00,West,Police,359,2,17,Normal,0,42,20,2,0,34.0,100.0,33.333333333333336
2265,2025-01-08 20:45:00,East,Police,782,2,20,Normal,0,20,20,2,0,42.0,96.0,32.0
2266,2025-01-08 20:50:00,South,Other,278,1,24,Normal,0,26,20,2,0,20.0,88.0,29.333333333333332
2267,2025-01-08 20:55:00,West,Medical,515,3,19,Normal,0,31,20,2,0,26.0,77.0,25.666666666666668
2268,2025-01-08 21:00:00,North,Medical,718,3,14,Normal,0,27,21,2,0,31.0,84.0,28.0
2269,2025-01-08 21:05:00,South,Medical,512,3,19,Normal,0,11,21,2,0,27.0,69.0,23.0
2270,2025-01-08 21:10:00,East,Other,211,1,17,Normal,0,22,21,2,0,11.0,60.0,20.0
2271,2025-01-08 21:15:00,North,Police,609,2,8,Normal,0,20,21,2,0,22.0,53.0,17.666666666666668
2272,2025-01-08 21:20:00,North,Police,772,2,22,Normal,0,24,21,2,0,20.0,66.0,22.0
2273,2025-01-08 21:25:00,West,Police,362,2,29,Normal,0,23,21,2,0,24.0,67.0,22.333333333333332
2274,2025-01-08 21:30:00,East,Other,201,1,18,Normal,0,18,21,2,0,23.0,65.0,21.666666666666668
2275,2025-01-08 21:35:00,South,Other,361,1,11,Normal,0,25,21,2,0,18.0,66.0,22.0
2276,2025-01-08 21:40:00,South,Other,192,1,13,Normal,0,30,21,2,0,25.0,73.0,24.333333333333332
2277,2025-01-08 21:45:00,South,Medical,830,3,10,Normal,0,19,21,2,0,30.0,74.0,24.666666666666668
2278,2025-01-08 21:50:00,South,Other,182,1,20,Normal,0,17,21,2,0,19.0,66.0,22.0
2279,2025-01-08 21:55:00,South,Medical,580,3,18,Normal,0,17,21,2,0,17.0,53.0,17.666666666666668
2280,2025-01-08 22:00:00,East,Fire,1190,4,29,Normal,0,9,22,2,0,17.0,43.0,14.333333333333334
2281,2025-01-08 22:05:00,North,Medical,452,3,14,Normal,1,26,22,2,0,9.0,52.0,17.333333333333332
2282,2025-01-08 22:10:00,West,Police,681,2,10,Normal,0,14,22,2,0,26.0,49.0,16.333333333333332
2283,2025-01-08 22:15:00,South,Medical,639,3,24,Severe,0,39,22,2,0,14.0,79.0,26.333333333333332
2284,2025-01-08 22:20:00,South,Medical,328,3,18,Normal,0,23,22,2,0,39.0,76.0,25.333333333333332
2285,2025-01-08 22:25:00,East,Police,431,2,16,Normal,0,21,22,2,0,23.0,83.0,27.666666666666668
2286,2025-01-08 22:30:00,East,Other,203,1,19,Normal,0,19,22,2,0,21.0,63.0,21.0
2287,2025-01-08 22:35:00,North,Other,221,1,18,Normal,0,13,22,2,0,19.0,53.0,17.666666666666668
2288,2025-01-08 22:40:00,North,Police,761,2,11,Normal,0,17,22,2,0,13.0,49.0,16.333333333333332
2289,2025-01-08 22:45:00,North,Police,756,2,16,Normal,0,20,22,2,0,17.0,50.0,16.666666666666668
2290,2025-01-08 22:50:00,Central,Fire,1093,4,28,Normal,0,15,22,2,0,20.0,52.0,17.333333333333332
2291,2025-01-08 22:55:00,West,Police,690,2,21,Normal,0,17,22,2,0,15.0,52.0,17.333333333333332
2292,2025-01-08 23:00:00,West,Medical,871,3,9,Severe,0,44,23,2,0,17.0,76.0,25.333333333333332
2293,2025-01-08 23:05:00,North,Medical,783,3,6,Normal,0,14,23,2,0,44.0,75.0,25.0
2294,2025-01-08 23:10:00,East,Fire,787,4,11,Normal,0,25,23,2,0,14.0,83.0,27.666666666666668
2295,2025-01-08 23:15:00,Central,Police,543,2,10,Normal,0,17,23,2,0,25.0,56.0,18.666666666666668
2296,2025-01-08 23:20:00,North,Medical,846,3,23,Normal,0,23,23,2,0,17.0,65.0,21.666666666666668
2297,2025-01-08 23:25:00,West,Medical,889,3,11,Normal,0,13,23,2,0,23.0,53.0,17.666666666666668
2298,2025-01-08 23:30:00,East,Fire,1092,4,6,Severe,0,32,23,2,0,13.0,68.0,22.666666666666668
2299,2025-01-08 23:35:00,South,Other,395,1,20,Normal,0,15,23,2,0,32.0,60.0,20.0
2300,2025-01-08 23:40:00,North,Medical,478,3,9,Normal,0,22,23,2,0,15.0,69.0,23.0
2301,2025-01-08 23:45:00,North,Medical,568,3,16,Normal,0,19,23,2,0,22.0,56.0,18.666666666666668
2302,2025-01-08 23:50:00,West,Medical,589,3,16,Normal,0,14,23,2,0,19.0,55.0,18.333333333333332
2303,2025-01-08 23:55:00,South,Other,156,1,26,Normal,0,15,23,2,0,14.0,48.0,16.0
2304,2025-01-09 00:00:00,South,Other,358,1,28,Normal,0,21,0,3,0,15.0,50.0,16.666666666666668
2305,2025-01-09 00:05:00,North,Medical,805,3,26,Normal,0,18,0,3,0,21.0,54.0,18.0
2306,2025-01-09 00:10:00,North,Fire,579,4,22,Severe,0,35,0,3,0,18.0,74.0,24.666666666666668
2307,2025-01-09 00:15:00,East,Police,361,2,25,Normal,0,17,0,3,0,35.0,70.0,23.333333333333332
2308,2025-01-09 00:20:00,East,Police,657,2,13,Normal,0,30,0,3,0,17.0,82.0,27.333333333333332
2309,2025-01-09 00:25:00,North,Medical,549,3,20,Normal,0,24,0,3,0,30.0,71.0,23.666666666666668
2310,2025-01-09 00:30:00,North,Medical,614,3,28,Severe,0,45,0,3,0,24.0,99.0,33.0
2311,2025-01-09 00:35:00,Central,Other,279,1,19,Severe,0,41,0,3,0,45.0,110.0,36.666666666666664
2312,2025-01-09 00:40:00,East,Medical,422,3,17,Normal,0,18,0,3,0,41.0,104.0,34.666666666666664
2313,2025-01-09 00:45:00,Central,Other,368,1,17,Normal,0,21,0,3,0,18.0,80.0,26.666666666666668
2314,2025-01-09 00:50:00,South,Other,215,1,15,Normal,0,17,0,3,0,21.0,56.0,18.666666666666668
2315,2025-01-09 00:55:00,East,Medical,892,3,27,Normal,0,25,0,3,0,17.0,63.0,21.0
2316,2025-01-09 01:00:00,South,Medical,461,3,23,Normal,0,20,1,3,0,25.0,62.0,20.666666666666668
2317,2025-01-09 01:05:00,West,Other,244,1,14,Normal,0,22,1,3,0,20.0,67.0,22.333333333333332
2318,2025-01-09 01:10:00,North,Other,112,1,5,Normal,0,19,1,3,0,22.0,61.0,20.333333333333332
2319,2025-01-09 01:15:00,West,Other,212,1,25,Normal,0,20,1,3,0,19.0,61.0,20.333333333333332
2320,2025-01-09 01:20:00,West,Medical,463,3,8,Severe,0,35,1,3,0,20.0,74.0,24.666666666666668
2321,2025-01-09 01:25:00,Central,Medical,506,3,26,Normal,0,19,1,3,0,35.0,74.0,24.666666666666668
2322,2025-01-09 01:30:00,North,Medical,548,3,12,Normal,0,19,1,3,0,19.0,73.0,24.333333333333332
2323,2025-01-09 01:35:00,North,Fire,794,4,9,Normal,0,15,1,3,0,19.0,53.0,17.666666666666668
2324,2025-01-09 01:40:00,East,Police,297,2,24,Normal,0,17,1,3,0,15.0,51.0,17.0
2325,2025-01-09 01:45:00,South,Police,687,2,25,Severe,0,35,1,3,0,17.0,67.0,22.333333333333332
2326,2025-01-09 01:50:00,South,Medical,596,3,14,Normal,0,28,1,3,0,35.0,80.0,26.666666666666668
2327,2025-01-09 01:55:00,Central,Police,293,2,21,Normal,0,22,1,3,0,28.0,85.0,28.333333333333332
2328,2025-01-09 02:00:00,North,Fire,1066,4,23,Severe,0,36,2,3,0,22.0,86.0,28.666666666666668
2329,2025-01-09 02:05:00,East,Police,515,2,8,Severe,0,47,2,3,0,36.0,105.0,35.0
2330,2025-01-09 02:10:00,West,Fire,509,4,28,Normal,0,16,2,3,0,47.0,99.0,33.0
2331,2025-01-09 02:15:00,South,Police,651,2,19,Normal,0,19,2,3,0,16.0,82.0,27.333333333333332
2332,2025-01-09 02:20:00,West,Police,621,2,7,Normal,0,27,2,3,0,19.0,62.0,20.666666666666668
2333,2025-01-09 02:25:00,North,Medical,339,3,28,Normal,0,19,2,3,0,27.0,65.0,21.666666666666668
2334,2025-01-09 02:30:00,West,Other,352,1,26,Normal,0,24,2,3,0,19.0,70.0,23.333333333333332
2335,2025-01-09 02:35:00,South,Medical,749,3,17,Normal,0,26,2,3,0,24.0,69.0,23.0
2336,2025-01-09 02:40:00,West,Other,215,1,17,Normal,0,20,2,3,0,26.0,70.0,23.333333333333332
2337,2025-01-09 02:45:00,East,Medical,742,3,12,Normal,0,20,2,3,0,20.0,66.0,22.0
2338,2025-01-09 02:50:00,North,Fire,553,4,21,Normal,0,22,2,3,0,20.0,62.0,20.666666666666668
2339,2025-01-09 02:55:00,South,Fire,1194,4,10,Normal,0,10,2,3,0,22.0,52.0,17.333333333333332
2340,2025-01-09 03:00:00,Central,Police,542,2,10,Normal,0,25,3,3,0,10.0,57.0,19.0
2341,2025-01-09 03:05:00,Central,Police,431,2,5,Normal,0,15,3,3,0,25.0,50.0,16.666666666666668
2342,2025-01-09 03:10:00,North,Other,331,1,12,Normal,0,20,3,3,0,15.0,60.0,20.0
2343,2025-01-09 03:15:00,Central,Medical,500,3,17,Normal,1,31,3,3,0,20.0,66.0,22.0
2344,2025-01-09 03:20:00,East,Medical,771,3,17,Normal,0,18,3,3,0,31.0,69.0,23.0
2345,2025-01-09 03:25:00,East,Medical,465,3,26,Normal,0,13,3,3,0,18.0,62.0,20.666666666666668
2346,2025-01-09 03:30:00,East,Medical,666,3,8,Normal,0,32,3,3,0,13.0,63.0,21.0
2347,2025-01-09 03:35:00,North,Medical,473,3,10,Normal,0,19,3,3,0,32.0,64.0,21.333333333333332
2348,2025-01-09 03:40:00,East,Medical,392,3,7,Severe,0,27,3,3,0,19.0,78.0,26.0
2349,2025-01-09 03:45:00,South,Medical,538,3,12,Normal,0,14,3,3,0,27.0,60.0,20.0
2350,2025-01-09 03:50:00,East,Medical,751,3,7,Normal,0,19,3,3,0,14.0,60.0,20.0
2351,2025-01-09 03:55:00,North,Medical,526,3,24,Normal,1,20,3,3,0,19.0,53.0,17.666666666666668
2352,2025-01-09 04:00:00,South,Police,276,2,29,Normal,0,20,4,3,0,20.0,59.0,19.666666666666668
2353,2025-01-09 04:05:00,East,Police,448,2,16,Normal,0,18,4,3,0,20.0,58.0,19.333333333333332
2354,2025-01-09 04:10:00,North,Police,364,2,20,Normal,0,20,4,3,0,18.0,58.0,19.333333333333332
2355,2025-01-09 04:15:00,Central,Medical,695,3,17,Normal,0,17,4,3,0,20.0,55.0,18.333333333333332
2356,2025-01-09 04:20:00,Central,Medical,861,3,11,Severe,0,39,4,3,0,17.0,76.0,25.333333333333332
2357,2025-01-09 04:25:00,East,Medical,623,3,11,Normal,0,11,4,3,0,39.0,67.0,22.333333333333332
2358,2025-01-09 04:30:00,Central,Fire,559,4,13,Normal,0,25,4,3,0,11.0,75.0,25.0
2359,2025-01-09 04:35:00,Central,Police,489,2,19,Normal,0,15,4,3,0,25.0,51.0,17.0
2360,2025-01-09 04:40:00,East,Police,528,2,7,Normal,0,15,4,3,0,15.0,55.0,18.333333333333332
2361,2025-01-09 04:45:00,East,Medical,878,3,8,Normal,0,17,4,3,0,15.0,47.0,15.666666666666666
2362,2025-01-09 04:50:00,North,Police,455,2,28,Severe,0,47,4,3,0,17.0,79.0,26.333333333333332
2363,2025-01-09 04:55:00,West,Medical,717,3,26,Normal,0,22,4,3,0,47.0,86.0,28.666666666666668
2364,2025-01-09 05:00:00,South,Police,413,2,8,Normal,0,16,5,3,0,22.0,85.0,28.333333333333332
2365,2025-01-09 05:05:00,West,Other,324,1,24,Normal,0,26,5,3,0,16.0,64.0,21.333333333333332
2366,2025-01-09 05:10:00,East,Police,628,2,21,Normal,0,17,5,3,0,26.0,59.0,19.666666666666668
2367,2025-01-09 05:15:00,West,Police,519,2,16,Normal,0,16,5,3,0,17.0,59.0,19.666666666666668
2368,2025-01-09 05:20:00,Central,Police,799,2,20,Normal,0,16,5,3,0,16.0,49.0,16.333333333333332
2369,2025-01-09 05:25:00,Central,Police,605,2,7,Normal,0,20,5,3,0,16.0,52.0,17.333333333333332
2370,2025-01-09 05:30:00,South,Medical,305,3,7,Normal,0,11,5,3,0,20.0,47.0,15.666666666666666
2371,2025-01-09 05:35:00,Central,Fire,928,4,13,Normal,0,18,5,3,0,11.0,49.0,16.333333333333332
2372,2025-01-09 05:40:00,South,Medical,899,3,21,Normal,0,14,5,3,0,18.0,43.0,14.333333333333334
2373,2025-01-09 05:45:00,West,Other,189,1,5,Normal,0,29,5,3,0,14.0,61.0,20.333333333333332
2374,2025-01-09 05:50:00,East,Police,252,2,26,Normal,0,11,5,3,0,29.0,54.0,18.0
2375,2025-01-09 05:55:00,South,Other,248,1,20,Normal,0,17,5,3,0,11.0,57.0,19.0
2376,2025-01-09 06:00:00,West,Police,553,2,18,Normal,0,21,6,3,0,17.0,49.0,16.333333333333332
2377,2025-01-09 06:05:00,East,Medical,398,3,17,Normal,0,15,6,3,0,21.0,53.0,17.666666666666668
2378,2025-01-09 06:10:00,West,Medical,844,3,9,Normal,0,22,6,3,0,15.0,58.0,19.333333333333332
2379,2025-01-09 06:15:00,West,Medical,650,3,23,Normal,0,12,6,3,0,22.0,49.0,16.333333333333332
2380,2025-01-09 06:20:00,South,Police,574,2,24,Normal,0,18,6,3,0,12.0,52.0,17.333333333333332
2381,2025-01-09 06:25:00,East,Medical,370,3,29,Normal,0,21,6,3,0,18.0,51.0,17.0
2382,2025-01-09 06:30:00,East,Police,244,2,25,Normal,1,38,6,3,0,21.0,77.0,25.666666666666668
2383,2025-01-09 06:35:00,Central,Medical,834,3,12,Normal,0,24,6,3,0,38.0,83.0,27.666666666666668
2384,2025-01-09 06:40:00,West,Medical,755,3,23,Normal,0,20,6,3,0,24.0,82.0,27.333333333333332
2385,2025-01-09 06:45:00,North,Medical,436,3,22,Normal,0,21,6,3,0,20.0,65.0,21.666666666666668
2386,2025-01-09 06:50:00,North,Police,546,2,24,Normal,0,22,6,3,0,21.0,63.0,21.0
2387,2025-01-09 06:55:00,South,Other,136,1,17,Normal,0,23,6,3,0,22.0,66.0,22.0
2388,2025-01-09 07:00:00,South,Other,341,1,12,Normal,0,22,7,3,0,23.0,67.0,22.333333333333332
2389,2025-01-09 07:05:00,East,Other,160,1,11,Normal,0,14,7,3,0,22.0,59.0,19.666666666666668
2390,2025-01-09 07:10:00,West,Police,216,2,19,Normal,0,15,7,3,0,14.0,51.0,17.0
2391,2025-01-09 07:15:00,Central,Medical,583,3,17,Severe,0,47,7,3,0,15.0,76.0,25.333333333333332
2392,2025-01-09 07:20:00,West,Other,118,1,19,Normal,0,18,7,3,0,47.0,80.0,26.666666666666668
2393,2025-01-09 07:25:00,West,Other,347,1,18,Normal,0,19,7,3,0,18.0,84.0,28.0
2394,2025-01-09 07:30:00,North,Medical,412,3,25,Severe,0,35,7,3,0,19.0,72.0,24.0
2395,2025-01-09 07:35:00,East,Other,102,1,18,Normal,0,25,7,3,0,35.0,79.0,26.333333333333332
2396,2025-01-09 07:40:00,North,Police,287,2,16,Severe,0,41,7,3,0,25.0,101.0,33.666666666666664
2397,2025-01-09 07:45:00,North,Other,138,1,17,Normal,0,14,7,3,0,41.0,80.0,26.666666666666668
2398,2025-01-09 07:50:00,Central,Police,308,2,19,Normal,0,26,7,3,0,14.0,81.0,27.0
2399,2025-01-09 07:55:00,Central,Medical,461,3,21,Normal,0,23,7,3,0,26.0,63.0,21.0
2400,2025-01-09 08:00:00,West,Medical,695,3,15,Normal,0,34,8,3,0,23.0,83.0,27.666666666666668
2401,2025-01-09 08:05:00,East,Medical,563,3,29,Normal,0,25,8,3,0,34.0,82.0,27.333333333333332
2402,2025-01-09 08:10:00,South,Police,565,2,8,Normal,0,26,8,3,0,25.0,85.0,28.333333333333332
2403,2025-01-09 08:15:00,North,Police,274,2,6,Normal,0,29,8,3,0,26.0,80.0,26.666666666666668
2404,2025-01-09 08:20:00,Central,Fire,746,4,27,Normal,0,26,8,3,0,29.0,81.0,27.0
2405,2025-01-09 08:25:00,East,Fire,1160,4,16,Normal,0,32,8,3,0,26.0,87.0,29.0
2406,2025-01-09 08:30:00,South,Medical,335,3,18,Normal,0,27,8,3,0,32.0,85.0,28.333333333333332
2407,2025-01-09 08:35:00,East,Medical,719,3,16,Normal,0,13,8,3,0,27.0,72.0,24.0
2408,2025-01-09 08:40:00,Central,Other,192,1,7,Normal,0,25,8,3,0,13.0,65.0,21.666666666666668
2409,2025-01-09 08:45:00,East,Other,166,1,24,Normal,0,36,8,3,0,25.0,74.0,24.666666666666668
2410,2025-01-09 08:50:00,South,Other,118,1,18,Normal,0,32,8,3,0,36.0,93.0,31.0
2411,2025-01-09 08:55:00,North,Police,698,2,17,Severe,0,49,8,3,0,32.0,117.0,39.0
2412,2025-01-09 09:00:00,North,Police,318,2,19,Normal,0,37,9,3,0,49.0,118.0,39.333333333333336
2413,2025-01-09 09:05:00,East,Police,699,2,19,Normal,1,39,9,3,0,37.0,125.0,41.666666666666664
2414,2025-01-09 09:10:00,West,Police,329,2,21,Normal,0,28,9,3,0,39.0,104.0,34.666666666666664
2415,2025-01-09 09:15:00,South,Medical,886,3,11,Normal,0,27,9,3,0,28.0,94.0,31.333333333333332
2416,2025-01-09 09:20:00,Central,Other,163,1,21,Normal,0,21,9,3,0,27.0,76.0,25.333333333333332
2417,2025-01-09 09:25:00,Central,Other,229,1,21,Normal,0,39,9,3,0,21.0,87.0,29.0
2418,2025-01-09 09:30:00,North,Other,199,1,22,Normal,0,34,9,3,0,39.0,94.0,31.333333333333332
2419,2025-01-09 09:35:00,Central,Medical,778,3,24,Normal,0,20,9,3,0,34.0,93.0,31.0
2420,2025-01-09 09:40:00,West,Police,637,2,24,Severe,0,42,9,3,0,20.0,96.0,32.0
2421,2025-01-09 09:45:00,Central,Police,669,2,28,Normal,0,30,9,3,0,42.0,92.0,30.666666666666668
2422,2025-01-09 09:50:00,Central,Medical,636,3,21,Normal,0,27,9,3,0,30.0,99.0,33.0
2423,2025-01-09 09:55:00,West,Other,176,1,28,Normal,0,35,9,3,0,27.0,92.0,30.666666666666668
2424,2025-01-09 10:00:00,Central,Medical,404,3,15,Normal,0,13,10,3,0,35.0,75.0,25.0
2425,2025-01-09 10:05:00,North,Medical,591,3,6,Normal,0,22,10,3,0,13.0,70.0,23.333333333333332
2426,2025-01-09 10:10:00,West,Police,729,2,22,Normal,0,21,10,3,0,22.0,56.0,18.666666666666668
2427,2025-01-09 10:15:00,East,Fire,429,4,28,Normal,0,17,10,3,0,21.0,60.0,20.0
2428,2025-01-09 10:20:00,East,Other,120,1,9,Normal,0,23,10,3,0,17.0,61.0,20.333333333333332
2429,2025-01-09 10:25:00,East,Medical,648,3,13,Normal,0,20,10,3,0,23.0,60.0,20.0
2430,2025-01-09 10:30:00,East,Medical,418,3,18,Severe,0,36,10,3,0,20.0,79.0,26.333333333333332
2431,2025-01-09 10:35:00,West,Medical,430,3,29,Normal,0,26,10,3,0,36.0,82.0,27.333333333333332
2432,2025-01-09 10:40:00,South,Medical,555,3,15,Normal,0,17,10,3,0,26.0,79.0,26.333333333333332
2433,2025-01-09 10:45:00,South,Police,468,2,16,Normal,1,35,10,3,0,17.0,78.0,26.0
2434,2025-01-09 10:50:00,North,Medical,751,3,5,Normal,0,17,10,3,0,35.0,69.0,23.0
2435,2025-01-09 10:55:00,West,Police,339,2,6,Normal,0,23,10,3,0,17.0,75.0,25.0
2436,2025-01-09 11:00:00,East,Medical,510,3,12,Normal,0,15,11,3,0,23.0,55.0,18.333333333333332
2437,2025-01-09 11:05:00,West,Medical,846,3,6,Normal,0,23,11,3,0,15.0,61.0,20.333333333333332
2438,2025-01-09 11:10:00,Central,Medical,899,3,18,Normal,1,24,11,3,0,23.0,62.0,20.666666666666668
2439,2025-01-09 11:15:00,South,Medical,465,3,13,Normal,0,29,11,3,0,24.0,76.0,25.333333333333332
2440,2025-01-09 11:20:00,South,Police,430,2,27,Normal,0,18,11,3,0,29.0,71.0,23.666666666666668
2441,2025-01-09 11:25:00,North,Medical,356,3,19,Normal,0,24,11,3,0,18.0,71.0,23.666666666666668
2442,2025-01-09 11:30:00,North,Other,337,1,10,Normal,0,16,11,3,0,24.0,58.0,19.333333333333332
2443,2025-01-09 11:35:00,East,Medical,518,3,13,Normal,0,18,11,3,0,16.0,58.0,19.333333333333332
2444,2025-01-09 11:40:00,South,Medical,802,3,28,Normal,0,18,11,3,0,18.0,52.0,17.333333333333332
2445,2025-01-09 11:45:00,South,Other,150,1,6,Normal,0,17,11,3,0,18.0,53.0,17.666666666666668
2446,2025-01-09 11:50:00,West,Other,140,1,8,Normal,0,19,11,3,0,17.0,54.0,18.0
2447,2025-01-09 11:55:00,Central,Police,547,2,26,Normal,0,15,11,3,0,19.0,51.0,17.0
2448,2025-01-09 12:00:00,South,Other,158,1,28,Normal,0,20,12,3,0,15.0,54.0,18.0
2449,2025-01-09 12:05:00,Central,Medical,854,3,24,Normal,0,15,12,3,0,20.0,50.0,16.666666666666668
2450,2025-01-09 12:10:00,East,Medical,395,3,26,Normal,0,20,12,3,0,15.0,55.0,18.333333333333332
2451,2025-01-09 12:15:00,West,Police,647,2,27,Normal,0,17,12,3,0,20.0,52.0,17.333333333333332
2452,2025-01-09 12:20:00,South,Other,362,1,27,Normal,0,19,12,3,0,17.0,56.0,18.666666666666668
2453,2025-01-09 12:25:00,Central,Police,493,2,16,Normal,0,27,12,3,0,19.0,63.0,21.0
2454,2025-01-09 12:30:00,South,Medical,860,3,7,Normal,0,18,12,3,0,27.0,64.0,21.333333333333332
2455,2025-01-09 12:35:00,East,Police,711,2,21,Normal,0,17,12,3,0,18.0,62.0,20.666666666666668
2456,2025-01-09 12:40:00,Central,Other,305,1,16,Normal,0,19,12,3,0,17.0,54.0,18.0
2457,2025-01-09 12:45:00,South,Other,179,1,8,Severe,0,40,12,3,0,19.0,76.0,25.333333333333332
2458,2025-01-09 12:50:00,South,Medical,341,3,9,Normal,0,19,12,3,0,40.0,78.0,26.0
2459,2025-01-09 12:55:00,North,Medical,633,3,9,Normal,1,41,12,3,0,19.0,100.0,33.333333333333336
2460,2025-01-09 13:00:00,West,Police,664,2,7,Normal,0,29,13,3,0,41.0,89.0,29.666666666666668
2461,2025-01-09 13:05:00,Central,Fire,981,4,8,Severe,0,42,13,3,0,29.0,112.0,37.333333333333336
2462,2025-01-09 13:10:00,South,Police,546,2,20,Normal,0,17,13,3,0,42.0,88.0,29.333333333333332
2463,2025-01-09 13:15:00,Central,Police,757,2,23,Normal,0,29,13,3,0,17.0,88.0,29.333333333333332
2464,2025-01-09 13:20:00,Central,Police,301,2,22,Severe,0,39,13,3,0,29.0,85.0,28.333333333333332
2465,2025-01-09 13:25:00,North,Medical,533,3,20,Normal,0,15,13,3,0,39.0,83.0,27.666666666666668
2466,2025-01-09 13:30:00,West,Police,515,2,24,Normal,0,22,13,3,0,15.0,76.0,25.333333333333332
2467,2025-01-09 13:35:00,West,Medical,327,3,11,Normal,0,18,13,3,0,22.0,55.0,18.333333333333332
2468,2025-01-09 13:40:00,South,Police,497,2,10,Normal,0,18,13,3,0,18.0,58.0,19.333333333333332
2469,2025-01-09 13:45:00,Central,Other,167,1,11,Normal,0,22,13,3,0,18.0,58.0,19.333333333333332
2470,2025-01-09 13:50:00,Central,Fire,643,4,15,Normal,1,29,13,3,0,22.0,69.0,23.0
2471,2025-01-09 13:55:00,Central,Other,149,1,21,Normal,0,21,13,3,0,29.0,72.0,24.0
2472,2025-01-09 14:00:00,North,Fire,798,4,15,Normal,0,21,14,3,0,21.0,71.0,23.666666666666668
2473,2025-01-09 14:05:00,North,Police,439,2,19,Normal,0,17,14,3,0,21.0,59.0,19.666666666666668
2474,2025-01-09 14:10:00,East,Police,517,2,15,Normal,0,22,14,3,0,17.0,60.0,20.0
2475,2025-01-09 14:15:00,West,Other,177,1,11,Normal,0,12,14,3,0,22.0,51.0,17.0
2476,2025-01-09 14:20:00,West,Fire,653,4,12,Normal,0,18,14,3,0,12.0,52.0,17.333333333333332
2477,2025-01-09 14:25:00,West,Other,121,1,6,Normal,0,18,14,3,0,18.0,48.0,16.0
2478,2025-01-09 14:30:00,East,Police,486,2,17,Normal,0,19,14,3,0,18.0,55.0,18.333333333333332
2479,2025-01-09 14:35:00,Central,Police,490,2,19,Normal,0,18,14,3,0,19.0,55.0,18.333333333333332
2480,2025-01-09 14:40:00,West,Police,780,2,16,Normal,0,25,14,3,0,18.0,62.0,20.666666666666668
2481,2025-01-09 14:45:00,Central,Fire,1129,4,7,Normal,1,47,14,3,0,25.0,90.0,30.0
2482,2025-01-09 14:50:00,South,Fire,488,4,14,Normal,0,18,14,3,0,47.0,90.0,30.0
2483,2025-01-09 14:55:00,South,Police,331,2,16,Normal,0,24,14,3,0,18.0,89.0,29.666666666666668
2484,2025-01-09 15:00:00,South,Other,224,1,27,Normal,0,18,15,3,0,24.0,60.0,20.0
2485,2025-01-09 15:05:00,South,Medical,468,3,18,Normal,0,28,15,3,0,18.0,70.0,23.333333333333332
2486,2025-01-09 15:10:00,North,Medical,552,3,10,Normal,1,36,15,3,0,28.0,82.0,27.333333333333332
2487,2025-01-09 15:15:00,East,Medical,671,3,29,Normal,0,17,15,3,0,36.0,81.0,27.0
2488,2025-01-09 15:20:00,North,Medical,645,3,23,Normal,0,23,15,3,0,17.0,76.0,25.333333333333332
2489,2025-01-09 15:25:00,Central,Fire,768,4,20,Normal,0,9,15,3,0,23.0,49.0,16.333333333333332
2490,2025-01-09 15:30:00,North,Police,259,2,5,Normal,0,26,15,3,0,9.0,58.0,19.333333333333332
2491,2025-01-09 15:35:00,South,Medical,326,3,11,Normal,0,23,15,3,0,26.0,58.0,19.333333333333332
2492,2025-01-09 15:40:00,North,Other,264,1,12,Normal,0,22,15,3,0,23.0,71.0,23.666666666666668
2493,2025-01-09 15:45:00,West,Medical,470,3,13,Normal,0,22,15,3,0,22.0,67.0,22.333333333333332
2494,2025-01-09 15:50:00,East,Police,546,2,28,Normal,0,21,15,3,0,22.0,65.0,21.666666666666668
2495,2025-01-09 15:55:00,South,Medical,750,3,11,Normal,0,15,15,3,0,21.0,58.0,19.333333333333332
2496,2025-01-09 16:00:00,North,Medical,632,3,21,Normal,0,17,16,3,0,15.0,53.0,17.666666666666668
2497,2025-01-09 16:05:00,North,Other,308,1,12,Normal,0,21,16,3,0,17.0,53.0,17.666666666666668
2498,2025-01-09 16:10:00,Central,Police,681,2,28,Normal,0,21,16,3,0,21.0,59.0,19.666666666666668
2499,2025-01-09 16:15:00,Central,Police,662,2,18,Normal,0,13,16,3,0,21.0,55.0,18.333333333333332
2500,2025-01-09 16:20:00,Central,Other,231,1,6,Severe,0,33,16,3,0,13.0,67.0,22.333333333333332
2501,2025-01-09 16:25:00,East,Police,235,2,21,Normal,0,25,16,3,0,33.0,71.0,23.666666666666668
2502,2025-01-09 16:30:00,Central,Police,365,2,28,Normal,0,20,16,3,0,25.0,78.0,26.0
2503,2025-01-09 16:35:00,North,Fire,703,4,11,Normal,0,23,16,3,0,20.0,68.0,22.666666666666668
2504,2025-01-09 16:40:00,North,Medical,326,3,18,Normal,0,21,16,3,0,23.0,64.0,21.333333333333332
2505,2025-01-09 16:45:00,North,Fire,1006,4,21,Normal,0,21,16,3,0,21.0,65.0,21.666666666666668
2506,2025-01-09 16:50:00,Central,Medical,502,3,18,Normal,0,26,16,3,0,21.0,68.0,22.666666666666668
2507,2025-01-09 16:55:00,Central,Other,248,1,21,Normal,0,19,16,3,0,26.0,66.0,22.0
2508,2025-01-09 17:00:00,South,Police,253,2,11,Normal,0,26,17,3,0,19.0,71.0,23.666666666666668
2509,2025-01-09 17:05:00,East,Medical,868,3,11,Normal,0,29,17,3,0,26.0,74.0,24.666666666666668
2510,2025-01-09 17:10:00,West,Police,367,2,18,Normal,0,16,17,3,0,29.0,71.0,23.666666666666668
2511,2025-01-09 17:15:00,South,Fire,820,4,16,Normal,0,20,17,3,0,16.0,65.0,21.666666666666668
2512,2025-01-09 17:20:00,South,Medical,549,3,23,Severe,0,48,17,3,0,20.0,84.0,28.0
2513,2025-01-09 17:25:00,Central,Medical,773,3,17,Normal,0,25,17,3,0,48.0,93.0,31.0
2514,2025-01-09 17:30:00,West,Fire,628,4,29,Normal,0,35,17,3,0,25.0,108.0,36.0
2515,2025-01-09 17:35:00,North,Medical,669,3,24,Normal,0,17,17,3,0,35.0,77.0,25.666666666666668
2516,2025-01-09 17:40:00,East,Other,181,1,29,Normal,1,28,17,3,0,17.0,80.0,26.666666666666668
2517,2025-01-09 17:45:00,Central,Other,358,1,11,Severe,0,41,17,3,0,28.0,86.0,28.666666666666668
2518,2025-01-09 17:50:00,South,Other,245,1,18,Normal,0,22,17,3,0,41.0,91.0,30.333333333333332
2519,2025-01-09 17:55:00,North,Other,386,1,6,Normal,0,17,17,3,0,22.0,80.0,26.666666666666668
2520,2025-01-09 18:00:00,Central,Other,313,1,19,Normal,0,36,18,3,0,17.0,75.0,25.0
2521,2025-01-09 18:05:00,Central,Police,530,2,21,Normal,0,34,18,3,0,36.0,87.0,29.0
2522,2025-01-09 18:10:00,South,Other,227,1,20,Severe,0,35,18,3,0,34.0,105.0,35.0
2523,2025-01-09 18:15:00,East,Medical,695,3,12,Normal,0,34,18,3,0,35.0,103.0,34.333333333333336
2524,2025-01-09 18:20:00,South,Police,729,2,16,Normal,0,22,18,3,0,34.0,91.0,30.333333333333332
2525,2025-01-09 18:25:00,West,Fire,668,4,16,Normal,0,23,18,3,0,22.0,79.0,26.333333333333332
2526,2025-01-09 18:30:00,North,Medical,837,3,20,Normal,0,34,18,3,0,23.0,79.0,26.333333333333332
2527,2025-01-09 18:35:00,East,Police,255,2,9,Normal,0,38,18,3,0,34.0,95.0,31.666666666666668
2528,2025-01-09 18:40:00,West,Medical,837,3,14,Normal,0,26,18,3,0,38.0,98.0,32.666666666666664
2529,2025-01-09 18:45:00,East,Police,254,2,18,Normal,0,37,18,3,0,26.0,101.0,33.666666666666664
2530,2025-01-09 18:50:00,Central,Police,474,2,18,Normal,0,38,18,3,0,37.0,101.0,33.666666666666664
2531,2025-01-09 18:55:00,North,Fire,593,4,11,Normal,0,26,18,3,0,38.0,101.0,33.666666666666664
2532,2025-01-09 19:00:00,Central,Medical,760,3,15,Normal,0,19,19,3,0,26.0,83.0,27.666666666666668
2533,2025-01-09 19:05:00,Central,Police,461,2,26,Normal,0,32,19,3,0,19.0,77.0,25.666666666666668
2534,2025-01-09 19:10:00,South,Medical,499,3,5,Normal,0,32,19,3,0,32.0,83.0,27.666666666666668
2535,2025-01-09 19:15:00,East,Medical,679,3,20,Normal,0,36,19,3,0,32.0,100.0,33.333333333333336
2536,2025-01-09 19:20:00,North,Police,321,2,6,Normal,0,29,19,3,0,36.0,97.0,32.333333333333336
2537,2025-01-09 19:25:00,Central,Other,118,1,21,Normal,0,26,19,3,0,29.0,91.0,30.333333333333332
2538,2025-01-09 19:30:00,East,Medical,730,3,19,Normal,0,35,19,3,0,26.0,90.0,30.0
2539,2025-01-09 19:35:00,East,Other,147,1,20,Normal,0,30,19,3,0,35.0,91.0,30.333333333333332
2540,2025-01-09 19:40:00,North,Medical,769,3,18,Normal,1,46,19,3,0,30.0,111.0,37.0
2541,2025-01-09 19:45:00,North,Medical,497,3,26,Normal,0,32,19,3,0,46.0,108.0,36.0
2542,2025-01-09 19:50:00,North,Police,311,2,20,Normal,0,22,19,3,0,32.0,100.0,33.333333333333336
2543,2025-01-09 19:55:00,East,Other,346,1,8,Normal,0,27,19,3,0,22.0,81.0,27.0
2544,2025-01-09 20:00:00,North,Police,518,2,27,Severe,0,65,20,3,0,27.0,114.0,38.0
2545,2025-01-09 20:05:00,West,Police,491,2,22,Normal,0,29,20,3,0,65.0,121.0,40.333333333333336
2546,2025-01-09 20:10:00,Central,Medical,598,3,16,Normal,0,36,20,3,0,29.0,130.0,43.333333333333336
2547,2025-01-09 20:15:00,Central,Other,122,1,6,Normal,0,28,20,3,0,36.0,93.0,31.0
2548,2025-01-09 20:20:00,East,Other,183,1,14,Normal,0,26,20,3,0,28.0,90.0,30.0
2549,2025-01-09 20:25:00,East,Police,736,2,13,Normal,0,35,20,3,0,26.0,89.0,29.666666666666668
2550,2025-01-09 20:30:00,West,Police,784,2,27,Normal,0,30,20,3,0,35.0,91.0,30.333333333333332
2551,2025-01-09 20:35:00,West,Medical,400,3,20,Normal,0,21,20,3,0,30.0,86.0,28.666666666666668
2552,2025-01-09 20:40:00,Central,Other,372,1,16,Normal,1,62,20,3,0,21.0,113.0,37.666666666666664
2553,2025-01-09 20:45:00,South,Other,120,1,19,Normal,0,27,20,3,0,62.0,110.0,36.666666666666664
2554,2025-01-09 20:50:00,South,Police,462,2,28,Normal,0,28,20,3,0,27.0,117.0,39.0
2555,2025-01-09 20:55:00,South,Medical,886,3,14,Normal,0,36,20,3,0,28.0,91.0,30.333333333333332
2556,2025-01-09 21:00:00,East,Police,280,2,20,Normal,0,21,21,3,0,36.0,85.0,28.333333333333332
2557,2025-01-09 21:05:00,South,Medical,721,3,20,Normal,0,21,21,3,0,21.0,78.0,26.0
2558,2025-01-09 21:10:00,East,Other,380,1,5,Normal,0,23,21,3,0,21.0,65.0,21.666666666666668
2559,2025-01-09 21:15:00,West,Other,386,1,29,Normal,0,16,21,3,0,23.0,60.0,20.0
2560,2025-01-09 21:20:00,Central,Medical,803,3,23,Severe,0,29,21,3,0,16.0,68.0,22.666666666666668
2561,2025-01-09 21:25:00,Central,Fire,462,4,12,Normal,0,16,21,3,0,29.0,61.0,20.333333333333332
2562,2025-01-09 21:30:00,East,Other,193,1,8,Normal,0,19,21,3,0,16.0,64.0,21.333333333333332
2563,2025-01-09 21:35:00,East,Medical,446,3,12,Normal,0,17,21,3,0,19.0,52.0,17.333333333333332
2564,2025-01-09 21:40:00,East,Medical,600,3,5,Normal,0,15,21,3,0,17.0,51.0,17.0
2565,2025-01-09 21:45:00,North,Medical,382,3,10,Normal,0,16,21,3,0,15.0,48.0,16.0
2566,2025-01-09 21:50:00,East,Medical,468,3,15,Normal,0,10,21,3,0,16.0,41.0,13.666666666666666
2567,2025-01-09 21:55:00,East,Other,106,1,18,Normal,0,21,21,3,0,10.0,47.0,15.666666666666666
2568,2025-01-09 22:00:00,Central,Medical,406,3,20,Normal,1,38,22,3,0,21.0,69.0,23.0
2569,2025-01-09 22:05:00,East,Medical,571,3,28,Normal,0,25,22,3,0,38.0,84.0,28.0
2570,2025-01-09 22:10:00,North,Medical,829,3,19,Normal,0,20,22,3,0,25.0,83.0,27.666666666666668
2571,2025-01-09 22:15:00,East,Medical,719,3,22,Normal,0,23,22,3,0,20.0,68.0,22.666666666666668
2572,2025-01-09 22:20:00,Central,Police,611,2,7,Normal,0,23,22,3,0,23.0,66.0,22.0
2573,2025-01-09 22:25:00,South,Medical,311,3,23,Normal,0,14,22,3,0,23.0,60.0,20.0
2574,2025-01-09 22:30:00,North,Medical,751,3,24,Normal,0,17,22,3,0,14.0,54.0,18.0
2575,2025-01-09 22:35:00,West,Medical,518,3,9,Normal,0,19,22,3,0,17.0,50.0,16.666666666666668
2576,2025-01-09 22:40:00,East,Other,157,1,21,Normal,0,23,22,3,0,19.0,59.0,19.666666666666668
2577,2025-01-09 22:45:00,East,Medical,731,3,7,Normal,0,21,22,3,0,23.0,63.0,21.0
2578,2025-01-09 22:50:00,Central,Fire,790,4,23,Normal,0,23,22,3,0,21.0,67.0,22.333333333333332
2579,2025-01-09 22:55:00,North,Police,711,2,17,Normal,0,21,22,3,0,23.0,65.0,21.666666666666668
2580,2025-01-09 23:00:00,West,Medical,382,3,7,Normal,0,20,23,3,0,21.0,64.0,21.333333333333332
2581,2025-01-09 23:05:00,East,Medical,750,3,11,Normal,0,22,23,3,0,20.0,63.0,21.0
2582,2025-01-09 23:10:00,South,Medical,687,3,16,Normal,0,19,23,3,0,22.0,61.0,20.333333333333332
2583,2025-01-09 23:15:00,South,Medical,436,3,18,Normal,0,23,23,3,0,19.0,64.0,21.333333333333332
2584,2025-01-09 23:20:00,East,Other,249,1,29,Normal,0,21,23,3,0,23.0,63.0,21.0
2585,2025-01-09 23:25:00,South,Medical,568,3,27,Normal,0,19,23,3,0,21.0,63.0,21.0
2586,2025-01-09 23:30:00,Central,Medical,574,3,18,Normal,0,14,23,3,0,19.0,54.0,18.0
2587,2025-01-09 23:35:00,North,Medical,776,3,27,Normal,0,17,23,3,0,14.0,50.0,16.666666666666668
2588,2025-01-09 23:40:00,West,Medical,468,3,12,Normal,1,31,23,3,0,17.0,62.0,20.666666666666668
2589,2025-01-09 23:45:00,East,Police,261,2,23,Normal,0,23,23,3,0,31.0,71.0,23.666666666666668
2590,2025-01-09 23:50:00,South,Medical,460,3,19,Normal,0,11,23,3,0,23.0,65.0,21.666666666666668
2591,2025-01-09 23:55:00,West,Police,331,2,16,Normal,0,15,23,3,0,11.0,49.0,16.333333333333332
2592,2025-01-10 00:00:00,West,Police,710,2,25,Normal,0,16,0,4,0,15.0,42.0,14.0
2593,2025-01-10 00:05:00,Central,Police,412,2,5,Normal,0,17,0,4,0,16.0,48.0,16.0
2594,2025-01-10 00:10:00,East,Medical,686,3,27,Normal,0,22,0,4,0,17.0,55.0,18.333333333333332
2595,2025-01-10 00:15:00,North,Other,298,1,27,Normal,0,22,0,4,0,22.0,61.0,20.333333333333332
2596,2025-01-10 00:20:00,Central,Police,758,2,27,Normal,0,16,0,4,0,22.0,60.0,20.0
2597,2025-01-10 00:25:00,East,Fire,976,4,23,Normal,0,23,0,4,0,16.0,61.0,20.333333333333332
2598,2025-01-10 00:30:00,South,Fire,632,4,10,Normal,0,27,0,4,0,23.0,66.0,22.0
2599,2025-01-10 00:35:00,South,Other,238,1,9,Normal,0,24,0,4,0,27.0,74.0,24.666666666666668
2600,2025-01-10 00:40:00,East,Fire,568,4,19,Normal,0,19,0,4,0,24.0,70.0,23.333333333333332
2601,2025-01-10 00:45:00,Central,Police,510,2,12,Normal,0,26,0,4,0,19.0,69.0,23.0
2602,2025-01-10 00:50:00,North,Police,523,2,25,Normal,0,17,0,4,0,26.0,62.0,20.666666666666668
2603,2025-01-10 00:55:00,East,Police,695,2,22,Normal,1,41,0,4,0,17.0,84.0,28.0
2604,2025-01-10 01:00:00,North,Medical,846,3,25,Normal,0,20,1,4,0,41.0,78.0,26.0
2605,2025-01-10 01:05:00,South,Other,162,1,23,Normal,1,32,1,4,0,20.0,93.0,31.0
2606,2025-01-10 01:10:00,Central,Other,386,1,14,Normal,0,20,1,4,0,32.0,72.0,24.0
2607,2025-01-10 01:15:00,South,Police,246,2,7,Normal,1,20,1,4,0,20.0,72.0,24.0
2608,2025-01-10 01:20:00,West,Fire,931,4,17,Normal,0,27,1,4,0,20.0,67.0,22.333333333333332
2609,2025-01-10 01:25:00,North,Other,146,1,9,Normal,0,15,1,4,0,27.0,62.0,20.666666666666668
2610,2025-01-10 01:30:00,North,Other,158,1,23,Normal,0,20,1,4,0,15.0,62.0,20.666666666666668
2611,2025-01-10 01:35:00,East,Other,182,1,27,Normal,0,17,1,4,0,20.0,52.0,17.333333333333332
2612,2025-01-10 01:40:00,South,Other,346,1,22,Normal,0,17,1,4,0,17.0,54.0,18.0
2613,2025-01-10 01:45:00,West,Fire,1051,4,21,Normal,0,26,1,4,0,17.0,60.0,20.0
2614,2025-01-10 01:50:00,East,Medical,683,3,15,Normal,0,18,1,4,0,26.0,61.0,20.333333333333332
2615,2025-01-10 01:55:00,South,Medical,835,3,6,Normal,0,28,1,4,0,18.0,72.0,24.0
2616,2025-01-10 02:00:00,Central,Medical,839,3,26,Normal,0,20,2,4,0,28.0,66.0,22.0
2617,2025-01-10 02:05:00,Central,Other,136,1,9,Normal,0,19,2,4,0,20.0,67.0,22.333333333333332
2618,2025-01-10 02:10:00,South,Police,565,2,29,Normal,0,26,2,4,0,19.0,65.0,21.666666666666668
2619,2025-01-10 02:15:00,Central,Other,173,1,8,Normal,0,16,2,4,0,26.0,61.0,20.333333333333332
2620,2025-01-10 02:20:00,Central,Other,276,1,22,Normal,0,18,2,4,0,16.0,60.0,20.0
2621,2025-01-10 02:25:00,Central,Other,184,1,27,Normal,0,16,2,4,0,18.0,50.0,16.666666666666668
2622,2025-01-10 02:30:00,East,Police,723,2,18,Normal,0,16,2,4,0,16.0,50.0,16.666666666666668
2623,2025-01-10 02:35:00,West,Police,732,2,19,Normal,0,17,2,4,0,16.0,49.0,16.333333333333332
2624,2025-01-10 02:40:00,South,Medical,802,3,7,Normal,0,20,2,4,0,17.0,53.0,17.666666666666668
2625,2025-01-10 02:45:00,North,Other,186,1,13,Normal,0,24,2,4,0,20.0,61.0,20.333333333333332
2626,2025-01-10 02:50:00,Central,Police,299,2,13,Normal,0,27,2,4,0,24.0,71.0,23.666666666666668
2627,2025-01-10 02:55:00,East,Police,500,2,15,Normal,0,19,2,4,0,27.0,70.0,23.333333333333332
2628,2025-01-10 03:00:00,North,Other,245,1,28,Normal,0,25,3,4,0,19.0,71.0,23.666666666666668
2629,2025-01-10 03:05:00,North,Medical,363,3,24,Normal,0,21,3,4,0,25.0,65.0,21.666666666666668
2630,2025-01-10 03:10:00,North,Fire,1002,4,8,Normal,0,16,3,4,0,21.0,62.0,20.666666666666668
2631,2025-01-10 03:15:00,South,Police,235,2,10,Normal,0,14,3,4,0,16.0,51.0,17.0
2632,2025-01-10 03:20:00,Central,Medical,651,3,27,Normal,0,19,3,4,0,14.0,49.0,16.333333333333332
2633,2025-01-10 03:25:00,West,Medical,655,3,20,Normal,0,20,3,4,0,19.0,53.0,17.666666666666668
2634,2025-01-10 03:30:00,West,Medical,511,3,28,Normal,0,10,3,4,0,20.0,49.0,16.333333333333332
2635,2025-01-10 03:35:00,West,Police,292,2,9,Normal,0,14,3,4,0,10.0,44.0,14.666666666666666
2636,2025-01-10 03:40:00,South,Police,727,2,13,Severe,0,44,3,4,0,14.0,68.0,22.666666666666668
2637,2025-01-10 03:45:00,Central,Police,735,2,23,Normal,0,16,3,4,0,44.0,74.0,24.666666666666668
2638,2025-01-10 03:50:00,South,Police,303,2,10,Normal,0,17,3,4,0,16.0,77.0,25.666666666666668
2639,2025-01-10 03:55:00,North,Medical,755,3,10,Normal,0,25,3,4,0,17.0,58.0,19.333333333333332
2640,2025-01-10 04:00:00,Central,Medical,847,3,27,Normal,0,20,4,4,0,25.0,62.0,20.666666666666668
2641,2025-01-10 04:05:00,West,Medical,812,3,18,Normal,0,17,4,4,0,20.0,62.0,20.666666666666668
2642,2025-01-10 04:10:00,Central,Medical,785,3,29,Normal,0,24,4,4,0,17.0,61.0,20.333333333333332
2643,2025-01-10 04:15:00,North,Other,289,1,9,Normal,0,22,4,4,0,24.0,63.0,21.0
2644,2025-01-10 04:20:00,West,Fire,509,4,21,Normal,0,14,4,4,0,22.0,60.0,20.0
2645,2025-01-10 04:25:00,Central,Police,231,2,20,Normal,0,16,4,4,0,14.0,52.0,17.333333333333332
2646,2025-01-10 04:30:00,West,Other,179,1,26,Normal,0,18,4,4,0,16.0,48.0,16.0
2647,2025-01-10 04:35:00,Central,Police,536,2,13,Normal,0,21,4,4,0,18.0,55.0,18.333333333333332
2648,2025-01-10 04:40:00,South,Fire,719,4,20,Normal,0,30,4,4,0,21.0,69.0,23.0
2649,2025-01-10 04:45:00,North,Medical,564,3,17,Normal,0,15,4,4,0,30.0,66.0,22.0
2650,2025-01-10 04:50:00,South,Medical,555,3,29,Normal,1,36,4,4,0,15.0,81.0,27.0
2651,2025-01-10 04:55:00,East,Police,254,2,29,Normal,1,34,4,4,0,36.0,85.0,28.333333333333332
2652,2025-01-10 05:00:00,South,Police,707,2,6,Normal,0,14,5,4,0,34.0,84.0,28.0
2653,2025-01-10 05:05:00,Central,Police,200,2,21,Normal,0,19,5,4,0,14.0,67.0,22.333333333333332
2654,2025-01-10 05:10:00,East,Police,296,2,14,Normal,0,25,5,4,0,19.0,58.0,19.333333333333332
2655,2025-01-10 05:15:00,West,Fire,456,4,18,Severe,0,35,5,4,0,25.0,79.0,26.333333333333332
2656,2025-01-10 05:20:00,South,Medical,663,3,27,Normal,1,32,5,4,0,35.0,92.0,30.666666666666668
2657,2025-01-10 05:25:00,West,Police,522,2,16,Normal,0,21,5,4,0,32.0,88.0,29.333333333333332
2658,2025-01-10 05:30:00,Central,Medical,590,3,22,Normal,0,19,5,4,0,21.0,72.0,24.0
2659,2025-01-10 05:35:00,North,Medical,310,3,9,Normal,0,24,5,4,0,19.0,64.0,21.333333333333332
2660,2025-01-10 05:40:00,North,Medical,610,3,29,Normal,0,24,5,4,0,24.0,67.0,22.333333333333332
2661,2025-01-10 05:45:00,East,Medical,416,3,23,Severe,0,44,5,4,0,24.0,92.0,30.666666666666668
2662,2025-01-10 05:50:00,South,Other,195,1,21,Normal,0,24,5,4,0,44.0,92.0,30.666666666666668
2663,2025-01-10 05:55:00,South,Medical,309,3,29,Normal,0,17,5,4,0,24.0,85.0,28.333333333333332
2664,2025-01-10 06:00:00,West,Other,108,1,19,Normal,0,28,6,4,0,17.0,69.0,23.0
2665,2025-01-10 06:05:00,East,Medical,487,3,16,Normal,0,25,6,4,0,28.0,70.0,23.333333333333332
2666,2025-01-10 06:10:00,East,Other,352,1,11,Normal,0,13,6,4,0,25.0,66.0,22.0
2667,2025-01-10 06:15:00,Central,Medical,863,3,6,Normal,0,23,6,4,0,13.0,61.0,20.333333333333332
2668,2025-01-10 06:20:00,North,Police,304,2,20,Normal,0,14,6,4,0,23.0,50.0,16.666666666666668
2669,2025-01-10 06:25:00,Central,Medical,411,3,18,Normal,0,26,6,4,0,14.0,63.0,21.0
2670,2025-01-10 06:30:00,South,Medical,326,3,14,Normal,0,25,6,4,0,26.0,65.0,21.666666666666668
2671,2025-01-10 06:35:00,West,Police,594,2,9,Normal,0,21,6,4,0,25.0,72.0,24.0
2672,2025-01-10 06:40:00,West,Medical,479,3,10,Normal,0,17,6,4,0,21.0,63.0,21.0
2673,2025-01-10 06:45:00,Central,Police,778,2,27,Normal,1,43,6,4,0,17.0,81.0,27.0
2674,2025-01-10 06:50:00,Central,Fire,614,4,19,Normal,0,19,6,4,0,43.0,79.0,26.333333333333332
2675,2025-01-10 06:55:00,Central,Fire,596,4,12,Normal,0,19,6,4,0,19.0,81.0,27.0
2676,2025-01-10 07:00:00,South,Police,395,2,23,Normal,0,19,7,4,0,19.0,57.0,19.0
2677,2025-01-10 07:05:00,South,Police,753,2,27,Normal,0,21,7,4,0,19.0,59.0,19.666666666666668
2678,2025-01-10 07:10:00,West,Police,461,2,13,Normal,1,33,7,4,0,21.0,73.0,24.333333333333332
2679,2025-01-10 07:15:00,Central,Police,287,2,12,Normal,0,17,7,4,0,33.0,71.0,23.666666666666668
2680,2025-01-10 07:20:00,North,Other,164,1,5,Normal,1,28,7,4,0,17.0,78.0,26.0
2681,2025-01-10 07:25:00,West,Medical,308,3,26,Normal,0,18,7,4,0,28.0,63.0,21.0
2682,2025-01-10 07:30:00,South,Medical,652,3,15,Normal,0,19,7,4,0,18.0,65.0,21.666666666666668
2683,2025-01-10 07:35:00,West,Medical,371,3,21,Normal,0,18,7,4,0,19.0,55.0,18.333333333333332
2684,2025-01-10 07:40:00,South,Police,304,2,17,Normal,0,27,7,4,0,18.0,64.0,21.333333333333332
2685,2025-01-10 07:45:00,Central,Medical,688,3,29,Normal,0,24,7,4,0,27.0,69.0,23.0
2686,2025-01-10 07:50:00,East,Medical,458,3,9,Normal,0,22,7,4,0,24.0,73.0,24.333333333333332
2687,2025-01-10 07:55:00,West,Police,759,2,5,Normal,0,20,7,4,0,22.0,66.0,22.0
2688,2025-01-10 08:00:00,West,Medical,621,3,9,Normal,0,31,8,4,0,20.0,73.0,24.333333333333332
2689,2025-01-10 08:05:00,South,Medical,399,3,5,Normal,0,34,8,4,0,31.0,85.0,28.333333333333332
2690,2025-01-10 08:10:00,Central,Medical,779,3,21,Normal,0,29,8,4,0,34.0,94.0,31.333333333333332
2691,2025-01-10 08:15:00,North,Fire,1166,4,25,Normal,0,27,8,4,0,29.0,90.0,30.0
2692,2025-01-10 08:20:00,Central,Medical,433,3,22,Normal,0,32,8,4,0,27.0,88.0,29.333333333333332
2693,2025-01-10 08:25:00,North,Other,151,1,19,Severe,1,72,8,4,0,32.0,131.0,43.666666666666664
2694,2025-01-10 08:30:00,West,Police,313,2,28,Normal,0,40,8,4,0,72.0,144.0,48.0
2695,2025-01-10 08:35:00,Central,Other,244,1,23,Normal,1,47,8,4,0,40.0,159.0,53.0
2696,2025-01-10 08:40:00,West,Police,748,2,8,Normal,0,33,8,4,0,47.0,120.0,40.0
2697,2025-01-10 08:45:00,North,Other,157,1,25,Severe,0,44,8,4,0,33.0,124.0,41.333333333333336
2698,2025-01-10 08:50:00,West,Other,180,1,5,Normal,0,28,8,4,0,44.0,105.0,35.0
2699,2025-01-10 08:55:00,Central,Police,288,2,20,Normal,0,22,8,4,0,28.0,94.0,31.333333333333332
2700,2025-01-10 09:00:00,West,Medical,857,3,23,Normal,0,38,9,4,0,22.0,88.0,29.333333333333332
2701,2025-01-10 09:05:00,Central,Fire,675,4,22,Normal,1,46,9,4,0,38.0,106.0,35.333333333333336
2702,2025-01-10 09:10:00,East,Medical,399,3,11,Normal,0,29,9,4,0,46.0,113.0,37.666666666666664
2703,2025-01-10 09:15:00,East,Police,253,2,20,Normal,0,39,9,4,0,29.0,114.0,38.0
2704,2025-01-10 09:20:00,Central,Other,218,1,9,Normal,0,23,9,4,0,39.0,91.0,30.333333333333332
2705,2025-01-10 09:25:00,Central,Fire,538,4,5,Normal,0,28,9,4,0,23.0,90.0,30.0
2706,2025-01-10 09:30:00,South,Other,100,1,5,Normal,0,21,9,4,0,28.0,72.0,24.0
2707,2025-01-10 09:35:00,West,Other,274,1,5,Normal,0,27,9,4,0,21.0,76.0,25.333333333333332
2708,2025-01-10 09:40:00,West,Medical,638,3,13,Normal,0,34,9,4,0,27.0,82.0,27.333333333333332
2709,2025-01-10 09:45:00,West,Police,396,2,9,Severe,0,54,9,4,0,34.0,115.0,38.333333333333336
2710,2025-01-10 09:50:00,Central,Medical,865,3,24,Normal,0,23,9,4,0,54.0,111.0,37.0
2711,2025-01-10 09:55:00,North,Police,291,2,8,Normal,0,30,9,4,0,23.0,107.0,35.666666666666664
2712,2025-01-10 10:00:00,Central,Other,138,1,14,Normal,0,18,10,4,0,30.0,71.0,23.666666666666668
2713,2025-01-10 10:05:00,East,Other,235,1,11,Normal,0,12,10,4,0,18.0,60.0,20.0
2714,2025-01-10 10:10:00,South,Police,327,2,21,Normal,0,22,10,4,0,12.0,52.0,17.333333333333332
2715,2025-01-10 10:15:00,North,Police,301,2,21,Normal,0,17,10,4,0,22.0,51.0,17.0
2716,2025-01-10 10:20:00,Central,Other,268,1,20,Normal,0,27,10,4,0,17.0,66.0,22.0
2717,2025-01-10 10:25:00,South,Police,716,2,11,Normal,0,24,10,4,0,27.0,68.0,22.666666666666668
2718,2025-01-10 10:30:00,North,Other,335,1,10,Normal,0,23,10,4,0,24.0,74.0,24.666666666666668
2719,2025-01-10 10:35:00,South,Other,399,1,15,Normal,0,16,10,4,0,23.0,63.0,21.0
2720,2025-01-10 10:40:00,South,Other,252,1,26,Normal,0,17,10,4,0,16.0,56.0,18.666666666666668
2721,2025-01-10 10:45:00,Central,Medical,851,3,25,Normal,0,17,10,4,0,17.0,50.0,16.666666666666668
2722,2025-01-10 10:50:00,North,Police,305,2,9,Normal,0,22,10,4,0,17.0,56.0,18.666666666666668
2723,2025-01-10 10:55:00,Central,Other,339,1,19,Normal,0,17,10,4,0,22.0,56.0,18.666666666666668
2724,2025-01-10 11:00:00,West,Medical,508,3,27,Normal,0,15,11,4,0,17.0,54.0,18.0
2725,2025-01-10 11:05:00,West,Police,282,2,14,Normal,0,20,11,4,0,15.0,52.0,17.333333333333332
2726,2025-01-10 11:10:00,South,Police,470,2,18,Normal,1,35,11,4,0,20.0,70.0,23.333333333333332
2727,2025-01-10 11:15:00,Central,Medical,359,3,26,Normal,0,12,11,4,0,35.0,67.0,22.333333333333332
2728,2025-01-10 11:20:00,East,Fire,682,4,17,Normal,0,16,11,4,0,12.0,63.0,21.0
2729,2025-01-10 11:25:00,East,Fire,850,4,26,Normal,0,15,11,4,0,16.0,43.0,14.333333333333334
2730,2025-01-10 11:30:00,East,Medical,317,3,19,Normal,0,15,11,4,0,15.0,46.0,15.333333333333334
2731,2025-01-10 11:35:00,West,Medical,646,3,19,Normal,0,20,11,4,0,15.0,50.0,16.666666666666668
2732,2025-01-10 11:40:00,West,Medical,830,3,6,Normal,0,9,11,4,0,20.0,44.0,14.666666666666666
2733,2025-01-10 11:45:00,West,Medical,682,3,25,Normal,0,16,11,4,0,9.0,45.0,15.0
2734,2025-01-10 11:50:00,South,Medical,788,3,12,Normal,0,18,11,4,0,16.0,43.0,14.333333333333334
2735,2025-01-10 11:55:00,Central,Other,151,1,13,Normal,0,23,11,4,0,18.0,57.0,19.0
2736,2025-01-10 12:00:00,East,Police,554,2,17,Normal,0,25,12,4,0,23.0,66.0,22.0
2737,2025-01-10 12:05:00,North,Police,476,2,7,Severe,0,36,12,4,0,25.0,84.0,28.0
2738,2025-01-10 12:10:00,East,Police,724,2,15,Normal,0,24,12,4,0,36.0,85.0,28.333333333333332
2739,2025-01-10 12:15:00,East,Police,576,2,12,Normal,0,19,12,4,0,24.0,79.0,26.333333333333332
2740,2025-01-10 12:20:00,North,Medical,393,3,8,Normal,0,21,12,4,0,19.0,64.0,21.333333333333332
2741,2025-01-10 12:25:00,West,Medical,505,3,9,Normal,0,23,12,4,0,21.0,63.0,21.0
2742,2025-01-10 12:30:00,West,Police,740,2,15,Normal,0,17,12,4,0,23.0,61.0,20.333333333333332
2743,2025-01-10 12:35:00,East,Fire,998,4,17,Normal,0,24,12,4,0,17.0,64.0,21.333333333333332
2744,2025-01-10 12:40:00,West,Medical,676,3,12,Normal,0,15,12,4,0,24.0,56.0,18.666666666666668
2745,2025-01-10 12:45:00,East,Medical,786,3,15,Normal,0,20,12,4,0,15.0,59.0,19.666666666666668
2746,2025-01-10 12:50:00,East,Police,668,2,5,Normal,0,20,12,4,0,20.0,55.0,18.333333333333332
2747,2025-01-10 12:55:00,South,Police,417,2,13,Severe,0,46,12,4,0,20.0,86.0,28.666666666666668
2748,2025-01-10 13:00:00,North,Medical,755,3,26,Normal,0,18,13,4,0,46.0,84.0,28.0
2749,2025-01-10 13:05:00,North,Police,530,2,17,Normal,0,17,13,4,0,18.0,81.0,27.0
2750,2025-01-10 13:10:00,South,Fire,754,4,25,Normal,0,25,13,4,0,17.0,60.0,20.0
2751,2025-01-10 13:15:00,North,Other,198,1,18,Normal,0,15,13,4,0,25.0,57.0,19.0
2752,2025-01-10 13:20:00,Central,Other,332,1,11,Normal,1,33,13,4,0,15.0,73.0,24.333333333333332
2753,2025-01-10 13:25:00,Central,Other,136,1,5,Normal,0,16,13,4,0,33.0,64.0,21.333333333333332
2754,2025-01-10 13:30:00,East,Police,267,2,25,Normal,0,17,13,4,0,16.0,66.0,22.0
2755,2025-01-10 13:35:00,South,Police,721,2,8,Normal,0,11,13,4,0,17.0,44.0,14.666666666666666
2756,2025-01-10 13:40:00,Central,Fire,1001,4,11,Severe,0,34,13,4,0,11.0,62.0,20.666666666666668
2757,2025-01-10 13:45:00,South,Other,181,1,10,Normal,0,18,13,4,0,34.0,63.0,21.0
2758,2025-01-10 13:50:00,North,Other,270,1,18,Normal,1,24,13,4,0,18.0,76.0,25.333333333333332
2759,2025-01-10 13:55:00,West,Other,297,1,19,Normal,0,22,13,4,0,24.0,64.0,21.333333333333332
2760,2025-01-10 14:00:00,East,Police,221,2,23,Normal,0,17,14,4,0,22.0,63.0,21.0
2761,2025-01-10 14:05:00,East,Police,688,2,27,Normal,0,25,14,4,0,17.0,64.0,21.333333333333332
2762,2025-01-10 14:10:00,West,Police,380,2,25,Normal,0,23,14,4,0,25.0,65.0,21.666666666666668
2763,2025-01-10 14:15:00,Central,Other,123,1,21,Severe,0,49,14,4,0,23.0,97.0,32.333333333333336
2764,2025-01-10 14:20:00,Central,Fire,585,4,10,Normal,0,14,14,4,0,49.0,86.0,28.666666666666668
2765,2025-01-10 14:25:00,West,Other,217,1,6,Normal,1,41,14,4,0,14.0,104.0,34.666666666666664
2766,2025-01-10 14:30:00,West,Fire,811,4,20,Normal,0,17,14,4,0,41.0,72.0,24.0
2767,2025-01-10 14:35:00,Central,Police,437,2,29,Normal,0,32,14,4,0,17.0,90.0,30.0
2768,2025-01-10 14:40:00,West,Medical,494,3,21,Normal,0,15,14,4,0,32.0,64.0,21.333333333333332
2769,2025-01-10 14:45:00,Central,Police,472,2,25,Normal,0,28,14,4,0,15.0,75.0,25.0
2770,2025-01-10 14:50:00,West,Fire,460,4,13,Normal,0,25,14,4,0,28.0,68.0,22.666666666666668
2771,2025-01-10 14:55:00,Central,Medical,773,3,14,Severe,0,37,14,4,0,25.0,90.0,30.0
2772,2025-01-10 15:00:00,Central,Other,349,1,25,Normal,0,21,15,4,0,37.0,83.0,27.666666666666668
2773,2025-01-10 15:05:00,East,Police,243,2,17,Severe,0,45,15,4,0,21.0,103.0,34.333333333333336
2774,2025-01-10 15:10:00,Central,Other,386,1,28,Normal,0,26,15,4,0,45.0,92.0,30.666666666666668
2775,2025-01-10 15:15:00,North,Police,322,2,10,Normal,0,17,15,4,0,26.0,88.0,29.333333333333332
2776,2025-01-10 15:20:00,North,Police,320,2,28,Normal,0,17,15,4,0,17.0,60.0,20.0
2777,2025-01-10 15:25:00,North,Medical,563,3,22,Normal,0,26,15,4,0,17.0,60.0,20.0
2778,2025-01-10 15:30:00,East,Police,492,2,20,Normal,0,21,15,4,0,26.0,64.0,21.333333333333332
2779,2025-01-10 15:35:00,North,Police,702,2,23,Normal,0,22,15,4,0,21.0,69.0,23.0
2780,2025-01-10 15:40:00,West,Other,290,1,8,Normal,0,23,15,4,0,22.0,66.0,22.0
2781,2025-01-10 15:45:00,North,Medical,836,3,20,Normal,0,18,15,4,0,23.0,63.0,21.0
2782,2025-01-10 15:50:00,West,Other,352,1,19,Normal,0,19,15,4,0,18.0,60.0,20.0
2783,2025-01-10 15:55:00,East,Medical,723,3,27,Normal,0,29,15,4,0,19.0,66.0,22.0
2784,2025-01-10 16:00:00,South,Medical,574,3,11,Normal,0,26,16,4,0,29.0,74.0,24.666666666666668
2785,2025-01-10 16:05:00,East,Police,460,2,19,Normal,0,25,16,4,0,26.0,80.0,26.666666666666668
2786,2025-01-10 16:10:00,South,Other,277,1,20,Normal,0,21,16,4,0,25.0,72.0,24.0
2787,2025-01-10 16:15:00,West,Police,465,2,15,Normal,0,26,16,4,0,21.0,72.0,24.0
2788,2025-01-10 16:20:00,West,Medical,706,3,17,Normal,0,20,16,4,0,26.0,67.0,22.333333333333332
2789,2025-01-10 16:25:00,West,Medical,858,3,22,Normal,0,23,16,4,0,20.0,69.0,23.0
2790,2025-01-10 16:30:00,South,Police,268,2,5,Normal,0,13,16,4,0,23.0,56.0,18.666666666666668
2791,2025-01-10 16:35:00,South,Other,384,1,10,Normal,0,26,16,4,0,13.0,62.0,20.666666666666668
2792,2025-01-10 16:40:00,South,Other,322,1,28,Normal,0,15,16,4,0,26.0,54.0,18.0
2793,2025-01-10 16:45:00,West,Police,201,2,26,Severe,0,47,16,4,0,15.0,88.0,29.333333333333332
2794,2025-01-10 16:50:00,South,Medical,586,3,27,Normal,0,16,16,4,0,47.0,78.0,26.0
2795,2025-01-10 16:55:00,South,Other,148,1,20,Normal,0,15,16,4,0,16.0,78.0,26.0
2796,2025-01-10 17:00:00,West,Police,470,2,20,Normal,0,25,17,4,0,15.0,56.0,18.666666666666668
2797,2025-01-10 17:05:00,West,Police,468,2,28,Normal,0,16,17,4,0,25.0,56.0,18.666666666666668
2798,2025-01-10 17:10:00,South,Medical,338,3,29,Normal,0,20,17,4,0,16.0,61.0,20.333333333333332
2799,2025-01-10 17:15:00,West,Fire,953,4,8,Normal,1,38,17,4,0,20.0,74.0,24.666666666666668
2800,2025-01-10 17:20:00,South,Medical,580,3,8,Normal,0,18,17,4,0,38.0,76.0,25.333333333333332
2801,2025-01-10 17:25:00,Central,Police,601,2,19,Severe,0,36,17,4,0,18.0,92.0,30.666666666666668
2802,2025-01-10 17:30:00,Central,Fire,696,4,24,Normal,0,26,17,4,0,36.0,80.0,26.666666666666668
2803,2025-01-10 17:35:00,Central,Police,204,2,12,Normal,0,15,17,4,0,26.0,77.0,25.666666666666668
2804,2025-01-10 17:40:00,West,Fire,643,4,13,Normal,0,19,17,4,0,15.0,60.0,20.0
2805,2025-01-10 17:45:00,North,Other,229,1,10,Normal,0,19,17,4,0,19.0,53.0,17.666666666666668
2806,2025-01-10 17:50:00,South,Medical,324,3,21,Normal,0,21,17,4,0,19.0,59.0,19.666666666666668
2807,2025-01-10 17:55:00,East,Medical,484,3,5,Normal,0,17,17,4,0,21.0,57.0,19.0
2808,2025-01-10 18:00:00,South,Police,328,2,5,Normal,0,35,18,4,0,17.0,73.0,24.333333333333332
2809,2025-01-10 18:05:00,Central,Fire,757,4,7,Normal,0,24,18,4,0,35.0,76.0,25.333333333333332
2810,2025-01-10 18:10:00,East,Medical,650,3,5,Normal,0,39,18,4,0,24.0,98.0,32.666666666666664
2811,2025-01-10 18:15:00,South,Police,418,2,9,Normal,0,31,18,4,0,39.0,94.0,31.333333333333332
2812,2025-01-10 18:20:00,Central,Medical,335,3,7,Normal,0,38,18,4,0,31.0,108.0,36.0
2813,2025-01-10 18:25:00,West,Fire,1003,4,6,Normal,0,27,18,4,0,38.0,96.0,32.0
2814,2025-01-10 18:30:00,Central,Police,436,2,27,Severe,0,65,18,4,0,27.0,130.0,43.333333333333336
2815,2025-01-10 18:35:00,East,Medical,317,3,27,Normal,0,29,18,4,0,65.0,121.0,40.333333333333336
2816,2025-01-10 18:40:00,West,Other,201,1,25,Normal,0,20,18,4,0,29.0,114.0,38.0
2817,2025-01-10 18:45:00,Central,Medical,466,3,16,Normal,0,26,18,4,0,20.0,75.0,25.0
2818,2025-01-10 18:50:00,West,Other,180,1,18,Normal,0,17,18,4,0,26.0,63.0,21.0
2819,2025-01-10 18:55:00,Central,Police,243,2,22,Normal,0,26,18,4,0,17.0,69.0,23.0
2820,2025-01-10 19:00:00,Central,Fire,761,4,28,Severe,0,50,19,4,0,26.0,93.0,31.0
2821,2025-01-10 19:05:00,Central,Police,309,2,19,Normal,0,21,19,4,0,50.0,97.0,32.333333333333336
2822,2025-01-10 19:10:00,East,Police,376,2,12,Normal,1,50,19,4,0,21.0,121.0,40.333333333333336
2823,2025-01-10 19:15:00,Central,Other,275,1,14,Severe,0,48,19,4,0,50.0,119.0,39.666666666666664
2824,2025-01-10 19:20:00,South,Other,314,1,27,Normal,1,47,19,4,0,48.0,145.0,48.333333333333336
2825,2025-01-10 19:25:00,East,Police,447,2,28,Normal,0,25,19,4,0,47.0,120.0,40.0
2826,2025-01-10 19:30:00,Central,Police,742,2,17,Normal,0,27,19,4,0,25.0,99.0,33.0
2827,2025-01-10 19:35:00,Central,Other,138,1,17,Normal,0,23,19,4,0,27.0,75.0,25.0
2828,2025-01-10 19:40:00,East,Medical,505,3,27,Normal,0,41,19,4,0,23.0,91.0,30.333333333333332
2829,2025-01-10 19:45:00,North,Medical,328,3,9,Normal,0,35,19,4,0,41.0,99.0,33.0
2830,2025-01-10 19:50:00,Central,Medical,572,3,24,Normal,0,35,19,4,0,35.0,111.0,37.0
2831,2025-01-10 19:55:00,North,Other,257,1,10,Normal,0,40,19,4,0,35.0,110.0,36.666666666666664
2832,2025-01-10 20:00:00,Central,Other,317,1,22,Normal,0,32,20,4,0,40.0,107.0,35.666666666666664
2833,2025-01-10 20:05:00,East,Other,375,1,21,Normal,0,32,20,4,0,32.0,104.0,34.666666666666664
2834,2025-01-10 20:10:00,South,Medical,696,3,14,Normal,0,25,20,4,0,32.0,89.0,29.666666666666668
2835,2025-01-10 20:15:00,West,Other,266,1,11,Normal,0,26,20,4,0,25.0,83.0,27.666666666666668
2836,2025-01-10 20:20:00,Central,Medical,764,3,7,Normal,0,30,20,4,0,26.0,81.0,27.0
2837,2025-01-10 20:25:00,East,Other,207,1,26,Normal,0,29,20,4,0,30.0,85.0,28.333333333333332
2838,2025-01-10 20:30:00,Central,Medical,703,3,6,Normal,0,28,20,4,0,29.0,87.0,29.0
2839,2025-01-10 20:35:00,North,Medical,767,3,19,Normal,0,29,20,4,0,28.0,86.0,28.666666666666668
2840,2025-01-10 20:40:00,East,Medical,474,3,29,Normal,0,35,20,4,0,29.0,92.0,30.666666666666668
2841,2025-01-10 20:45:00,North,Police,347,2,13,Normal,0,35,20,4,0,35.0,99.0,33.0
2842,2025-01-10 20:50:00,East,Other,169,1,19,Normal,0,30,20,4,0,35.0,100.0,33.333333333333336
2843,2025-01-10 20:55:00,South,Medical,343,3,16,Normal,0,34,20,4,0,30.0,99.0,33.0
2844,2025-01-10 21:00:00,South,Other,350,1,11,Normal,0,22,21,4,0,34.0,86.0,28.666666666666668
2845,2025-01-10 21:05:00,North,Medical,753,3,26,Normal,0,17,21,4,0,22.0,73.0,24.333333333333332
2846,2025-01-10 21:10:00,South,Medical,642,3,11,Normal,0,14,21,4,0,17.0,53.0,17.666666666666668
2847,2025-01-10 21:15:00,South,Medical,797,3,16,Severe,0,33,21,4,0,14.0,64.0,21.333333333333332
2848,2025-01-10 21:20:00,South,Other,391,1,23,Normal,0,26,21,4,0,33.0,73.0,24.333333333333332
2849,2025-01-10 21:25:00,East,Other,324,1,25,Normal,0,16,21,4,0,26.0,75.0,25.0
2850,2025-01-10 21:30:00,South,Police,212,2,23,Severe,0,35,21,4,0,16.0,77.0,25.666666666666668
2851,2025-01-10 21:35:00,North,Other,123,1,21,Normal,0,14,21,4,0,35.0,65.0,21.666666666666668
2852,2025-01-10 21:40:00,East,Other,244,1,6,Normal,0,15,21,4,0,14.0,64.0,21.333333333333332
2853,2025-01-10 21:45:00,North,Medical,436,3,18,Severe,0,46,21,4,0,15.0,75.0,25.0
2854,2025-01-10 21:50:00,North,Medical,366,3,22,Normal,0,19,21,4,0,46.0,80.0,26.666666666666668
2855,2025-01-10 21:55:00,East,Police,473,2,15,Normal,0,15,21,4,0,19.0,80.0,26.666666666666668
2856,2025-01-10 22:00:00,Central,Police,651,2,28,Normal,0,23,22,4,0,15.0,57.0,19.0
2857,2025-01-10 22:05:00,East,Medical,408,3,11,Severe,0,38,22,4,0,23.0,76.0,25.333333333333332
2858,2025-01-10 22:10:00,Central,Police,228,2,14,Severe,0,42,22,4,0,38.0,103.0,34.333333333333336
2859,2025-01-10 22:15:00,Central,Police,525,2,23,Normal,0,19,22,4,0,42.0,99.0,33.0
2860,2025-01-10 22:20:00,South,Medical,780,3,24,Normal,0,24,22,4,0,19.0,85.0,28.333333333333332
2861,2025-01-10 22:25:00,Central,Other,115,1,20,Normal,0,18,22,4,0,24.0,61.0,20.333333333333332
2862,2025-01-10 22:30:00,Central,Medical,853,3,13,Normal,0,19,22,4,0,18.0,61.0,20.333333333333332
2863,2025-01-10 22:35:00,North,Police,223,2,10,Normal,0,18,22,4,0,19.0,55.0,18.333333333333332
2864,2025-01-10 22:40:00,Central,Police,293,2,9,Normal,0,19,22,4,0,18.0,56.0,18.666666666666668
2865,2025-01-10 22:45:00,West,Other,179,1,27,Normal,0,17,22,4,0,19.0,54.0,18.0
2866,2025-01-10 22:50:00,West,Police,630,2,26,Severe,0,35,22,4,0,17.0,71.0,23.666666666666668
2867,2025-01-10 22:55:00,East,Medical,569,3,9,Normal,0,18,22,4,0,35.0,70.0,23.333333333333332
2868,2025-01-10 23:00:00,South,Police,257,2,13,Normal,0,24,23,4,0,18.0,77.0,25.666666666666668
2869,2025-01-10 23:05:00,East,Police,472,2,7,Normal,0,21,23,4,0,24.0,63.0,21.0
2870,2025-01-10 23:10:00,South,Medical,763,3,21,Normal,0,13,23,4,0,21.0,58.0,19.333333333333332
2871,2025-01-10 23:15:00,East,Police,408,2,13,Normal,0,21,23,4,0,13.0,55.0,18.333333333333332
2872,2025-01-10 23:20:00,Central,Other,187,1,17,Normal,0,19,23,4,0,21.0,53.0,17.666666666666668
2873,2025-01-10 23:25:00,West,Police,799,2,18,Normal,0,17,23,4,0,19.0,57.0,19.0
2874,2025-01-10 23:30:00,Central,Other,165,1,16,Normal,0,17,23,4,0,17.0,53.0,17.666666666666668
2875,2025-01-10 23:35:00,North,Medical,731,3,23,Normal,0,14,23,4,0,17.0,48.0,16.0
2876,2025-01-10 23:40:00,East,Medical,881,3,16,Normal,0,22,23,4,0,14.0,53.0,17.666666666666668
2877,2025-01-10 23:45:00,North,Police,336,2,9,Normal,0,25,23,4,0,22.0,61.0,20.333333333333332
2878,2025-01-10 23:50:00,West,Police,372,2,26,Severe,0,42,23,4,0,25.0,89.0,29.666666666666668
2879,2025-01-10 23:55:00,North,Medical,336,3,15,Normal,0,15,23,4,0,42.0,82.0,27.333333333333332
2880,2025-01-11 00:00:00,North,Police,472,2,22,Normal,0,15,0,5,1,15.0,72.0,24.0
2881,2025-01-11 00:05:00,South,Police,387,2,29,Normal,0,22,0,5,1,15.0,52.0,17.333333333333332
2882,2025-01-11 00:10:00,North,Other,276,1,14,Normal,0,15,0,5,1,22.0,52.0,17.333333333333332
2883,2025-01-11 00:15:00,South,Other,372,1,27,Normal,0,18,0,5,1,15.0,55.0,18.333333333333332
2884,2025-01-11 00:20:00,Central,Police,241,2,20,Normal,0,21,0,5,1,18.0,54.0,18.0
2885,2025-01-11 00:25:00,Central,Medical,510,3,17,Normal,0,14,0,5,1,21.0,53.0,17.666666666666668
2886,2025-01-11 00:30:00,East,Other,158,1,9,Normal,0,35,0,5,1,14.0,70.0,23.333333333333332
2887,2025-01-11 00:35:00,West,Other,294,1,23,Normal,0,20,0,5,1,35.0,69.0,23.0
2888,2025-01-11 00:40:00,East,Medical,358,3,7,Normal,0,14,0,5,1,20.0,69.0,23.0
2889,2025-01-11 00:45:00,West,Medical,676,3,11,Normal,0,16,0,5,1,14.0,50.0,16.666666666666668
2890,2025-01-11 00:50:00,East,Medical,580,3,8,Normal,0,27,0,5,1,16.0,57.0,19.0
2891,2025-01-11 00:55:00,Central,Police,420,2,13,Normal,0,16,0,5,1,27.0,59.0,19.666666666666668
2892,2025-01-11 01:00:00,South,Police,581,2,16,Normal,0,29,1,5,1,16.0,72.0,24.0
2893,2025-01-11 01:05:00,South,Police,700,2,29,Severe,0,36,1,5,1,29.0,81.0,27.0
2894,2025-01-11 01:10:00,Central,Police,298,2,24,Severe,0,35,1,5,1,36.0,100.0,33.333333333333336
2895,2025-01-11 01:15:00,West,Police,274,2,12,Normal,0,26,1,5,1,35.0,97.0,32.333333333333336
2896,2025-01-11 01:20:00,East,Medical,432,3,12,Normal,0,21,1,5,1,26.0,82.0,27.333333333333332
2897,2025-01-11 01:25:00,Central,Medical,832,3,13,Normal,0,17,1,5,1,21.0,64.0,21.333333333333332
2898,2025-01-11 01:30:00,East,Police,484,2,9,Normal,1,34,1,5,1,17.0,72.0,24.0
2899,2025-01-11 01:35:00,East,Police,643,2,18,Normal,0,23,1,5,1,34.0,74.0,24.666666666666668
2900,2025-01-11 01:40:00,West,Police,550,2,11,Severe,0,43,1,5,1,23.0,100.0,33.333333333333336
2901,2025-01-11 01:45:00,West,Fire,927,4,9,Normal,0,18,1,5,1,43.0,84.0,28.0
2902,2025-01-11 01:50:00,East,Medical,517,3,14,Normal,0,24,1,5,1,18.0,85.0,28.333333333333332
2903,2025-01-11 01:55:00,South,Police,662,2,15,Normal,0,22,1,5,1,24.0,64.0,21.333333333333332
2904,2025-01-11 02:00:00,North,Police,552,2,9,Normal,0,22,2,5,1,22.0,68.0,22.666666666666668
2905,2025-01-11 02:05:00,East,Police,692,2,27,Normal,0,25,2,5,1,22.0,69.0,23.0
2906,2025-01-11 02:10:00,North,Medical,696,3,13,Normal,0,16,2,5,1,25.0,63.0,21.0
2907,2025-01-11 02:15:00,Central,Medical,666,3,22,Normal,0,24,2,5,1,16.0,65.0,21.666666666666668
2908,2025-01-11 02:20:00,Central,Other,391,1,18,Normal,0,19,2,5,1,24.0,59.0,19.666666666666668
2909,2025-01-11 02:25:00,West,Fire,887,4,15,Normal,0,20,2,5,1,19.0,63.0,21.0
2910,2025-01-11 02:30:00,Central,Other,166,1,19,Normal,1,37,2,5,1,20.0,76.0,25.333333333333332
2911,2025-01-11 02:35:00,North,Police,746,2,15,Normal,0,13,2,5,1,37.0,70.0,23.333333333333332
2912,2025-01-11 02:40:00,North,Other,190,1,22,Severe,0,40,2,5,1,13.0,90.0,30.0
2913,2025-01-11 02:45:00,North,Medical,376,3,21,Normal,0,17,2,5,1,40.0,70.0,23.333333333333332
2914,2025-01-11 02:50:00,West,Police,421,2,9,Normal,0,12,2,5,1,17.0,69.0,23.0
2915,2025-01-11 02:55:00,West,Police,543,2,29,Normal,0,26,2,5,1,12.0,55.0,18.333333333333332
2916,2025-01-11 03:00:00,Central,Medical,759,3,29,Normal,0,12,3,5,1,26.0,50.0,16.666666666666668
2917,2025-01-11 03:05:00,West,Medical,626,3,20,Normal,0,15,3,5,1,12.0,53.0,17.666666666666668
2918,2025-01-11 03:10:00,East,Medical,708,3,27,Severe,0,35,3,5,1,15.0,62.0,20.666666666666668
2919,2025-01-11 03:15:00,South,Other,173,1,22,Normal,0,34,3,5,1,35.0,84.0,28.0
2920,2025-01-11 03:20:00,South,Medical,544,3,14,Normal,0,23,3,5,1,34.0,92.0,30.666666666666668
2921,2025-01-11 03:25:00,South,Police,775,2,26,Severe,0,40,3,5,1,23.0,97.0,32.333333333333336
2922,2025-01-11 03:30:00,South,Police,445,2,25,Normal,0,15,3,5,1,40.0,78.0,26.0
2923,2025-01-11 03:35:00,East,Medical,403,3,7,Normal,0,18,3,5,1,15.0,73.0,24.333333333333332
2924,2025-01-11 03:40:00,East,Other,304,1,10,Normal,0,19,3,5,1,18.0,52.0,17.333333333333332
2925,2025-01-11 03:45:00,North,Police,466,2,9,Severe,0,38,3,5,1,19.0,75.0,25.0
2926,2025-01-11 03:50:00,West,Medical,879,3,29,Normal,1,32,3,5,1,38.0,89.0,29.666666666666668
2927,2025-01-11 03:55:00,North,Medical,591,3,26,Normal,0,23,3,5,1,32.0,93.0,31.0
2928,2025-01-11 04:00:00,South,Medical,589,3,29,Normal,0,14,4,5,1,23.0,69.0,23.0
2929,2025-01-11 04:05:00,East,Police,324,2,12,Normal,0,19,4,5,1,14.0,56.0,18.666666666666668
2930,2025-01-11 04:10:00,North,Police,518,2,9,Normal,0,26,4,5,1,19.0,59.0,19.666666666666668
2931,2025-01-11 04:15:00,West,Other,290,1,14,Normal,0,30,4,5,1,26.0,75.0,25.0
2932,2025-01-11 04:20:00,East,Police,374,2,6,Severe,0,53,4,5,1,30.0,109.0,36.333333333333336
2933,2025-01-11 04:25:00,East,Medical,369,3,26,Severe,0,47,4,5,1,53.0,130.0,43.333333333333336
2934,2025-01-11 04:30:00,North,Medical,309,3,8,Normal,0,28,4,5,1,47.0,128.0,42.666666666666664
2935,2025-01-11 04:35:00,West,Other,276,1,5,Normal,0,17,4,5,1,28.0,92.0,30.666666666666668
2936,2025-01-11 04:40:00,East,Fire,791,4,15,Normal,0,16,4,5,1,17.0,61.0,20.333333333333332
2937,2025-01-11 04:45:00,Central,Other,203,1,7,Normal,0,26,4,5,1,16.0,59.0,19.666666666666668
2938,2025-01-11 04:50:00,East,Fire,1116,4,15,Normal,0,19,4,5,1,26.0,61.0,20.333333333333332
2939,2025-01-11 04:55:00,East,Police,511,2,29,Normal,0,14,4,5,1,19.0,59.0,19.666666666666668
2940,2025-01-11 05:00:00,North,Police,395,2,13,Severe,0,42,5,5,1,14.0,75.0,25.0
2941,2025-01-11 05:05:00,North,Medical,724,3,25,Normal,0,22,5,5,1,42.0,78.0,26.0
2942,2025-01-11 05:10:00,North,Police,765,2,19,Normal,0,16,5,5,1,22.0,80.0,26.666666666666668
2943,2025-01-11 05:15:00,Central,Medical,449,3,20,Normal,0,15,5,5,1,16.0,53.0,17.666666666666668
2944,2025-01-11 05:20:00,Central,Medical,835,3,27,Normal,0,15,5,5,1,15.0,46.0,15.333333333333334
2945,2025-01-11 05:25:00,North,Medical,834,3,28,Normal,0,15,5,5,1,15.0,45.0,15.0
2946,2025-01-11 05:30:00,West,Police,478,2,13,Normal,0,21,5,5,1,15.0,51.0,17.0
2947,2025-01-11 05:35:00,East,Other,305,1,26,Normal,0,23,5,5,1,21.0,59.0,19.666666666666668
2948,2025-01-11 05:40:00,South,Medical,627,3,11,Normal,0,23,5,5,1,23.0,67.0,22.333333333333332
2949,2025-01-11 05:45:00,South,Police,296,2,11,Severe,0,66,5,5,1,23.0,112.0,37.333333333333336
2950,2025-01-11 05:50:00,West,Police,275,2,25,Normal,0,15,5,5,1,66.0,104.0,34.666666666666664
2951,2025-01-11 05:55:00,Central,Medical,703,3,17,Normal,0,24,5,5,1,15.0,105.0,35.0
2952,2025-01-11 06:00:00,West,Medical,538,3,16,Normal,0,27,6,5,1,24.0,66.0,22.0
2953,2025-01-11 06:05:00,South,Police,605,2,12,Normal,0,25,6,5,1,27.0,76.0,25.333333333333332
2954,2025-01-11 06:10:00,South,Police,479,2,24,Severe,0,42,6,5,1,25.0,94.0,31.333333333333332
2955,2025-01-11 06:15:00,North,Medical,852,3,12,Severe,0,36,6,5,1,42.0,103.0,34.333333333333336
2956,2025-01-11 06:20:00,Central,Other,364,1,13,Normal,0,18,6,5,1,36.0,96.0,32.0
2957,2025-01-11 06:25:00,Central,Medical,694,3,23,Normal,0,20,6,5,1,18.0,74.0,24.666666666666668
2958,2025-01-11 06:30:00,South,Other,280,1,16,Normal,0,17,6,5,1,20.0,55.0,18.333333333333332
2959,2025-01-11 06:35:00,West,Police,587,2,25,Normal,0,25,6,5,1,17.0,62.0,20.666666666666668
2960,2025-01-11 06:40:00,South,Other,361,1,17,Normal,0,16,6,5,1,25.0,58.0,19.333333333333332
2961,2025-01-11 06:45:00,East,Police,408,2,17,Normal,0,24,6,5,1,16.0,65.0,21.666666666666668
2962,2025-01-11 06:50:00,Central,Other,324,1,26,Severe,0,47,6,5,1,24.0,87.0,29.0
2963,2025-01-11 06:55:00,East,Police,439,2,17,Normal,0,15,6,5,1,47.0,86.0,28.666666666666668
2964,2025-01-11 07:00:00,North,Police,336,2,24,Normal,0,23,7,5,1,15.0,85.0,28.333333333333332
2965,2025-01-11 07:05:00,North,Medical,634,3,10,Normal,0,16,7,5,1,23.0,54.0,18.0
2966,2025-01-11 07:10:00,South,Medical,788,3,9,Normal,0,17,7,5,1,16.0,56.0,18.666666666666668
2967,2025-01-11 07:15:00,North,Medical,392,3,25,Normal,0,17,7,5,1,17.0,50.0,16.666666666666668
2968,2025-01-11 07:20:00,East,Medical,492,3,13,Normal,0,13,7,5,1,17.0,47.0,15.666666666666666
2969,2025-01-11 07:25:00,Central,Other,164,1,26,Normal,0,17,7,5,1,13.0,47.0,15.666666666666666
2970,2025-01-11 07:30:00,East,Medical,714,3,16,Normal,0,21,7,5,1,17.0,51.0,17.0
2971,2025-01-11 07:35:00,South,Police,665,2,17,Normal,0,20,7,5,1,21.0,58.0,19.333333333333332
2972,2025-01-11 07:40:00,Central,Medical,306,3,10,Normal,0,14,7,5,1,20.0,55.0,18.333333333333332
2973,2025-01-11 07:45:00,Central,Medical,519,3,9,Normal,0,21,7,5,1,14.0,55.0,18.333333333333332
2974,2025-01-11 07:50:00,South,Fire,645,4,16,Normal,0,22,7,5,1,21.0,57.0,19.0
2975,2025-01-11 07:55:00,West,Medical,707,3,22,Normal,0,27,7,5,1,22.0,70.0,23.333333333333332
2976,2025-01-11 08:00:00,North,Police,490,2,24,Normal,0,24,8,5,1,27.0,73.0,24.333333333333332
2977,2025-01-11 08:05:00,West,Police,496,2,10,Normal,0,21,8,5,1,24.0,72.0,24.0
2978,2025-01-11 08:10:00,West,Police,331,2,17,Normal,0,42,8,5,1,21.0,87.0,29.0
2979,2025-01-11 08:15:00,North,Medical,691,3,20,Normal,0,26,8,5,1,42.0,89.0,29.666666666666668
2980,2025-01-11 08:20:00,West,Medical,777,3,17,Normal,0,40,8,5,1,26.0,108.0,36.0
2981,2025-01-11 08:25:00,Central,Police,388,2,15,Severe,0,51,8,5,1,40.0,117.0,39.0
2982,2025-01-11 08:30:00,West,Other,368,1,17,Normal,0,20,8,5,1,51.0,111.0,37.0
2983,2025-01-11 08:35:00,Central,Fire,783,4,14,Normal,0,35,8,5,1,20.0,106.0,35.333333333333336
2984,2025-01-11 08:40:00,North,Other,393,1,16,Normal,0,30,8,5,1,35.0,85.0,28.333333333333332
2985,2025-01-11 08:45:00,Central,Other,145,1,12,Severe,0,47,8,5,1,30.0,112.0,37.333333333333336
2986,2025-01-11 08:50:00,Central,Medical,490,3,19,Normal,0,26,8,5,1,47.0,103.0,34.333333333333336
2987,2025-01-11 08:55:00,West,Police,491,2,15,Severe,0,49,8,5,1,26.0,122.0,40.666666666666664
2988,2025-01-11 09:00:00,North,Medical,854,3,22,Severe,0,50,9,5,1,49.0,125.0,41.666666666666664
2989,2025-01-11 09:05:00,South,Police,410,2,14,Normal,0,25,9,5,1,50.0,124.0,41.333333333333336
2990,2025-01-11 09:10:00,East,Police,472,2,14,Normal,0,22,9,5,1,25.0,97.0,32.333333333333336
2991,2025-01-11 09:15:00,West,Police,576,2,28,Normal,0,21,9,5,1,22.0,68.0,22.666666666666668
2992,2025-01-11 09:20:00,West,Medical,430,3,13,Normal,0,32,9,5,1,21.0,75.0,25.0
2993,2025-01-11 09:25:00,North,Medical,325,3,16,Normal,0,25,9,5,1,32.0,78.0,26.0
2994,2025-01-11 09:30:00,East,Medical,407,3,17,Normal,0,32,9,5,1,25.0,89.0,29.666666666666668
2995,2025-01-11 09:35:00,West,Police,488,2,9,Normal,1,45,9,5,1,32.0,102.0,34.0
2996,2025-01-11 09:40:00,Central,Other,152,1,13,Normal,1,54,9,5,1,45.0,131.0,43.666666666666664
2997,2025-01-11 09:45:00,Central,Medical,368,3,15,Normal,1,54,9,5,1,54.0,153.0,51.0
2998,2025-01-11 09:50:00,North,Medical,871,3,14,Normal,0,23,9,5,1,54.0,131.0,43.666666666666664
2999,2025-01-11 09:55:00,North,Police,725,2,7,Normal,0,22,9,5,1,23.0,99.0,33.0
3000,2025-01-11 10:00:00,North,Police,366,2,29,Normal,0,21,10,5,1,22.0,66.0,22.0
3001,2025-01-11 10:05:00,East,Police,549,2,18,Normal,0,29,10,5,1,21.0,72.0,24.0
3002,2025-01-11 10:10:00,West,Police,271,2,23,Normal,0,21,10,5,1,29.0,71.0,23.666666666666668
3003,2025-01-11 10:15:00,South,Medical,351,3,15,Normal,0,22,10,5,1,21.0,72.0,24.0
3004,2025-01-11 10:20:00,South,Other,358,1,21,Normal,0,24,10,5,1,22.0,67.0,22.333333333333332
3005,2025-01-11 10:25:00,Central,Other,174,1,5,Normal,0,23,10,5,1,24.0,69.0,23.0
3006,2025-01-11 10:30:00,South,Medical,663,3,25,Normal,0,17,10,5,1,23.0,64.0,21.333333333333332
3007,2025-01-11 10:35:00,West,Police,408,2,25,Normal,0,13,10,5,1,17.0,53.0,17.666666666666668
3008,2025-01-11 10:40:00,South,Police,793,2,23,Severe,0,55,10,5,1,13.0,85.0,28.333333333333332
3009,2025-01-11 10:45:00,North,Medical,647,3,17,Normal,0,24,10,5,1,55.0,92.0,30.666666666666668
3010,2025-01-11 10:50:00,South,Medical,814,3,10,Normal,0,18,10,5,1,24.0,97.0,32.333333333333336
3011,2025-01-11 10:55:00,North,Other,154,1,15,Normal,0,18,10,5,1,18.0,60.0,20.0
3012,2025-01-11 11:00:00,North,Medical,318,3,7,Normal,0,25,11,5,1,18.0,61.0,20.333333333333332
3013,2025-01-11 11:05:00,North,Police,700,2,21,Normal,0,15,11,5,1,25.0,58.0,19.333333333333332
3014,2025-01-11 11:10:00,Central,Other,189,1,24,Normal,1,32,11,5,1,15.0,72.0,24.0
3015,2025-01-11 11:15:00,East,Other,267,1,14,Normal,0,20,11,5,1,32.0,67.0,22.333333333333332
3016,2025-01-11 11:20:00,East,Police,673,2,12,Normal,0,17,11,5,1,20.0,69.0,23.0
3017,2025-01-11 11:25:00,North,Police,331,2,23,Normal,0,20,11,5,1,17.0,57.0,19.0
3018,2025-01-11 11:30:00,North,Police,705,2,22,Normal,0,22,11,5,1,20.0,59.0,19.666666666666668
3019,2025-01-11 11:35:00,North,Police,273,2,19,Normal,0,23,11,5,1,22.0,65.0,21.666666666666668
3020,2025-01-11 11:40:00,East,Medical,696,3,17,Normal,0,27,11,5,1,23.0,72.0,24.0
3021,2025-01-11 11:45:00,Central,Other,155,1,18,Normal,0,19,11,5,1,27.0,69.0,23.0
3022,2025-01-11 11:50:00,North,Other,302,1,11,Normal,0,28,11,5,1,19.0,74.0,24.666666666666668
3023,2025-01-11 11:55:00,Central,Medical,510,3,7,Normal,0,19,11,5,1,28.0,66.0,22.0
3024,2025-01-11 12:00:00,South,Medical,489,3,14,Normal,0,18,12,5,1,19.0,65.0,21.666666666666668
3025,2025-01-11 12:05:00,North,Medical,759,3,27,Severe,0,32,12,5,1,18.0,69.0,23.0
3026,2025-01-11 12:10:00,South,Medical,449,3,5,Normal,0,20,12,5,1,32.0,70.0,23.333333333333332
3027,2025-01-11 12:15:00,East,Other,287,1,19,Normal,0,17,12,5,1,20.0,69.0,23.0
3028,2025-01-11 12:20:00,North,Fire,595,4,17,Normal,0,19,12,5,1,17.0,56.0,18.666666666666668
3029,2025-01-11 12:25:00,West,Medical,890,3,27,Normal,0,20,12,5,1,19.0,56.0,18.666666666666668
3030,2025-01-11 12:30:00,South,Fire,1013,4,15,Normal,0,24,12,5,1,20.0,63.0,21.0
3031,2025-01-11 12:35:00,South,Police,324,2,7,Normal,0,24,12,5,1,24.0,68.0,22.666666666666668
3032,2025-01-11 12:40:00,West,Fire,824,4,20,Normal,0,20,12,5,1,24.0,68.0,22.666666666666668
3033,2025-01-11 12:45:00,West,Medical,337,3,15,Normal,0,22,12,5,1,20.0,66.0,22.0
3034,2025-01-11 12:50:00,North,Other,262,1,9,Normal,0,26,12,5,1,22.0,68.0,22.666666666666668
3035,2025-01-11 12:55:00,South,Medical,387,3,13,Normal,0,15,12,5,1,26.0,63.0,21.0
3036,2025-01-11 13:00:00,North,Medical,847,3,15,Normal,0,20,13,5,1,15.0,61.0,20.333333333333332
3037,2025-01-11 13:05:00,Central,Medical,526,3,9,Normal,0,24,13,5,1,20.0,59.0,19.666666666666668
3038,2025-01-11 13:10:00,North,Police,445,2,19,Normal,0,16,13,5,1,24.0,60.0,20.0
3039,2025-01-11 13:15:00,Central,Police,296,2,11,Normal,1,33,13,5,1,16.0,73.0,24.333333333333332
3040,2025-01-11 13:20:00,East,Medical,465,3,8,Normal,0,20,13,5,1,33.0,69.0,23.0
3041,2025-01-11 13:25:00,South,Other,185,1,24,Normal,0,16,13,5,1,20.0,69.0,23.0
3042,2025-01-11 13:30:00,West,Police,262,2,27,Normal,0,18,13,5,1,16.0,54.0,18.0
3043,2025-01-11 13:35:00,Central,Medical,656,3,7,Normal,0,17,13,5,1,18.0,51.0,17.0
3044,2025-01-11 13:40:00,East,Medical,718,3,16,Normal,0,18,13,5,1,17.0,53.0,17.666666666666668
3045,2025-01-11 13:45:00,Central,Medical,652,3,7,Normal,0,19,13,5,1,18.0,54.0,18.0
3046,2025-01-11 13:50:00,Central,Police,342,2,17,Severe,0,41,13,5,1,19.0,78.0,26.0
3047,2025-01-11 13:55:00,West,Other,314,1,6,Normal,0,24,13,5,1,41.0,84.0,28.0
3048,2025-01-11 14:00:00,East,Fire,1016,4,25,Normal,0,19,14,5,1,24.0,84.0,28.0
3049,2025-01-11 14:05:00,East,Fire,1128,4,21,Normal,0,22,14,5,1,19.0,65.0,21.666666666666668
3050,2025-01-11 14:10:00,East,Fire,830,4,9,Normal,0,21,14,5,1,22.0,62.0,20.666666666666668
3051,2025-01-11 14:15:00,West,Fire,836,4,20,Normal,0,23,14,5,1,21.0,66.0,22.0
3052,2025-01-11 14:20:00,Central,Police,628,2,14,Normal,0,18,14,5,1,23.0,62.0,20.666666666666668
3053,2025-01-11 14:25:00,Central,Other,374,1,23,Normal,0,16,14,5,1,18.0,57.0,19.0
3054,2025-01-11 14:30:00,West,Other,336,1,10,Normal,0,27,14,5,1,16.0,61.0,20.333333333333332
3055,2025-01-11 14:35:00,East,Medical,572,3,19,Normal,0,19,14,5,1,27.0,62.0,20.666666666666668
3056,2025-01-11 14:40:00,East,Medical,816,3,24,Normal,1,33,14,5,1,19.0,79.0,26.333333333333332
3057,2025-01-11 14:45:00,West,Fire,620,4,19,Normal,0,18,14,5,1,33.0,70.0,23.333333333333332
3058,2025-01-11 14:50:00,North,Police,330,2,13,Normal,0,18,14,5,1,18.0,69.0,23.0
3059,2025-01-11 14:55:00,South,Fire,430,4,10,Normal,0,25,14,5,1,18.0,61.0,20.333333333333332
3060,2025-01-11 15:00:00,West,Police,326,2,11,Normal,0,28,15,5,1,25.0,71.0,23.666666666666668
3061,2025-01-11 15:05:00,West,Fire,578,4,6,Normal,0,23,15,5,1,28.0,76.0,25.333333333333332
3062,2025-01-11 15:10:00,South,Other,181,1,10,Severe,0,38,15,5,1,23.0,89.0,29.666666666666668
3063,2025-01-11 15:15:00,Central,Medical,592,3,17,Normal,0,15,15,5,1,38.0,76.0,25.333333333333332
3064,2025-01-11 15:20:00,East,Police,471,2,9,Normal,0,21,15,5,1,15.0,74.0,24.666666666666668
3065,2025-01-11 15:25:00,North,Police,390,2,17,Normal,0,23,15,5,1,21.0,59.0,19.666666666666668
3066,2025-01-11 15:30:00,North,Police,761,2,25,Normal,0,15,15,5,1,23.0,59.0,19.666666666666668
3067,2025-01-11 15:35:00,East,Other,299,1,24,Normal,0,19,15,5,1,15.0,57.0,19.0
3068,2025-01-11 15:40:00,Central,Medical,571,3,27,Normal,0,14,15,5,1,19.0,48.0,16.0
3069,2025-01-11 15:45:00,East,Police,457,2,24,Normal,0,24,15,5,1,14.0,57.0,19.0
3070,2025-01-11 15:50:00,Central,Police,402,2,8,Normal,0,24,15,5,1,24.0,62.0,20.666666666666668
3071,2025-01-11 15:55:00,South,Police,493,2,27,Normal,0,18,15,5,1,24.0,66.0,22.0
3072,2025-01-11 16:00:00,East,Police,387,2,7,Normal,0,25,16,5,1,18.0,67.0,22.333333333333332
3073,2025-01-11 16:05:00,North,Police,205,2,11,Normal,0,17,16,5,1,25.0,60.0,20.0
3074,2025-01-11 16:10:00,North,Medical,852,3,15,Normal,0,19,16,5,1,17.0,61.0,20.333333333333332
3075,2025-01-11 16:15:00,South,Police,648,2,16,Normal,0,24,16,5,1,19.0,60.0,20.0
3076,2025-01-11 16:20:00,West,Police,294,2,8,Normal,0,17,16,5,1,24.0,60.0,20.0
3077,2025-01-11 16:25:00,South,Police,616,2,17,Normal,0,18,16,5,1,17.0,59.0,19.666666666666668
3078,2025-01-11 16:30:00,West,Medical,320,3,7,Normal,0,17,16,5,1,18.0,52.0,17.333333333333332
3079,2025-01-11 16:35:00,East,Medical,815,3,26,Normal,0,25,16,5,1,17.0,60.0,20.0
3080,2025-01-11 16:40:00,Central,Medical,487,3,19,Normal,1,45,16,5,1,25.0,87.0,29.0
3081,2025-01-11 16:45:00,Central,Police,374,2,16,Normal,1,38,16,5,1,45.0,108.0,36.0
3082,2025-01-11 16:50:00,West,Medical,513,3,23,Normal,0,15,16,5,1,38.0,98.0,32.666666666666664
3083,2025-01-11 16:55:00,South,Fire,593,4,15,Normal,0,16,16,5,1,15.0,69.0,23.0
3084,2025-01-11 17:00:00,Central,Medical,621,3,9,Normal,0,16,17,5,1,16.0,47.0,15.666666666666666
3085,2025-01-11 17:05:00,West,Police,424,2,11,Normal,0,16,17,5,1,16.0,48.0,16.0
3086,2025-01-11 17:10:00,North,Medical,668,3,14,Normal,0,21,17,5,1,16.0,53.0,17.666666666666668
3087,2025-01-11 17:15:00,Central,Police,564,2,26,Normal,1,32,17,5,1,21.0,69.0,23.0
3088,2025-01-11 17:20:00,East,Medical,672,3,25,Normal,0,19,17,5,1,32.0,72.0,24.0
3089,2025-01-11 17:25:00,South,Police,582,2,21,Normal,0,17,17,5,1,19.0,68.0,22.666666666666668
3090,2025-01-11 17:30:00,South,Medical,335,3,25,Normal,0,25,17,5,1,17.0,61.0,20.333333333333332
3091,2025-01-11 17:35:00,North,Medical,651,3,19,Normal,0,23,17,5,1,25.0,65.0,21.666666666666668
3092,2025-01-11 17:40:00,East,Medical,733,3,10,Normal,0,26,17,5,1,23.0,74.0,24.666666666666668
3093,2025-01-11 17:45:00,South,Medical,359,3,17,Normal,0,22,17,5,1,26.0,71.0,23.666666666666668
3094,2025-01-11 17:50:00,Central,Medical,812,3,16,Severe,0,48,17,5,1,22.0,96.0,32.0
3095,2025-01-11 17:55:00,North,Other,132,1,7,Normal,0,26,17,5,1,48.0,96.0,32.0
3096,2025-01-11 18:00:00,Central,Police,423,2,29,Normal,0,28,18,5,1,26.0,102.0,34.0
3097,2025-01-11 18:05:00,East,Medical,800,3,25,Normal,0,28,18,5,1,28.0,82.0,27.333333333333332
3098,2025-01-11 18:10:00,East,Fire,728,4,6,Normal,0,32,18,5,1,28.0,88.0,29.333333333333332
3099,2025-01-11 18:15:00,East,Police,597,2,6,Normal,0,21,18,5,1,32.0,81.0,27.0
3100,2025-01-11 18:20:00,Central,Medical,412,3,25,Normal,0,27,18,5,1,21.0,80.0,26.666666666666668
3101,2025-01-11 18:25:00,North,Police,334,2,25,Normal,0,26,18,5,1,27.0,74.0,24.666666666666668
3102,2025-01-11 18:30:00,East,Police,466,2,20,Normal,0,34,18,5,1,26.0,87.0,29.0
3103,2025-01-11 18:35:00,North,Police,294,2,14,Normal,0,28,18,5,1,34.0,88.0,29.333333333333332
3104,2025-01-11 18:40:00,Central,Police,542,2,21,Normal,0,34,18,5,1,28.0,96.0,32.0
3105,2025-01-11 18:45:00,South,Medical,494,3,18,Normal,0,22,18,5,1,34.0,84.0,28.0
3106,2025-01-11 18:50:00,North,Other,392,1,22,Normal,0,29,18,5,1,22.0,85.0,28.333333333333332
3107,2025-01-11 18:55:00,Central,Medical,809,3,11,Severe,0,51,18,5,1,29.0,102.0,34.0
3108,2025-01-11 19:00:00,East,Police,465,2,13,Normal,0,35,19,5,1,51.0,115.0,38.333333333333336
3109,2025-01-11 19:05:00,East,Medical,879,3,9,Normal,0,26,19,5,1,35.0,112.0,37.333333333333336
3110,2025-01-11 19:10:00,South,Police,396,2,12,Normal,0,27,19,5,1,26.0,88.0,29.333333333333332
3111,2025-01-11 19:15:00,East,Fire,422,4,19,Normal,0,45,19,5,1,27.0,98.0,32.666666666666664
3112,2025-01-11 19:20:00,Central,Other,273,1,20,Severe,0,55,19,5,1,45.0,127.0,42.333333333333336
3113,2025-01-11 19:25:00,South,Medical,354,3,16,Normal,0,29,19,5,1,55.0,129.0,43.0
3114,2025-01-11 19:30:00,North,Medical,783,3,5,Normal,0,31,19,5,1,29.0,115.0,38.333333333333336
3115,2025-01-11 19:35:00,North,Other,316,1,22,Severe,0,52,19,5,1,31.0,112.0,37.333333333333336
3116,2025-01-11 19:40:00,South,Fire,639,4,20,Normal,1,38,19,5,1,52.0,121.0,40.333333333333336
3117,2025-01-11 19:45:00,North,Other,270,1,8,Normal,0,35,19,5,1,38.0,125.0,41.666666666666664
3118,2025-01-11 19:50:00,South,Other,126,1,5,Normal,0,31,19,5,1,35.0,104.0,34.666666666666664
3119,2025-01-11 19:55:00,Central,Medical,391,3,20,Normal,0,30,19,5,1,31.0,96.0,32.0
3120,2025-01-11 20:00:00,East,Police,689,2,25,Normal,0,32,20,5,1,30.0,93.0,31.0
3121,2025-01-11 20:05:00,East,Fire,449,4,26,Normal,0,31,20,5,1,32.0,93.0,31.0
3122,2025-01-11 20:10:00,East,Other,105,1,29,Normal,0,35,20,5,1,31.0,98.0,32.666666666666664
3123,2025-01-11 20:15:00,West,Other,162,1,9,Normal,0,28,20,5,1,35.0,94.0,31.333333333333332
3124,2025-01-11 20:20:00,North,Police,405,2,23,Normal,0,41,20,5,1,28.0,104.0,34.666666666666664
3125,2025-01-11 20:25:00,West,Police,495,2,21,Severe,0,48,20,5,1,41.0,117.0,39.0
3126,2025-01-11 20:30:00,West,Medical,341,3,9,Normal,0,44,20,5,1,48.0,133.0,44.333333333333336
3127,2025-01-11 20:35:00,East,Medical,332,3,17,Normal,0,32,20,5,1,44.0,124.0,41.333333333333336
3128,2025-01-11 20:40:00,East,Police,408,2,26,Severe,0,52,20,5,1,32.0,128.0,42.666666666666664
3129,2025-01-11 20:45:00,East,Other,380,1,12,Severe,0,52,20,5,1,52.0,136.0,45.333333333333336
3130,2025-01-11 20:50:00,North,Police,324,2,18,Normal,0,30,20,5,1,52.0,134.0,44.666666666666664
3131,2025-01-11 20:55:00,Central,Fire,478,4,9,Normal,0,19,20,5,1,30.0,101.0,33.666666666666664
3132,2025-01-11 21:00:00,South,Medical,348,3,5,Normal,0,21,21,5,1,19.0,70.0,23.333333333333332
3133,2025-01-11 21:05:00,East,Fire,1001,4,28,Normal,0,17,21,5,1,21.0,57.0,19.0
3134,2025-01-11 21:10:00,Central,Police,208,2,15,Normal,0,22,21,5,1,17.0,60.0,20.0
3135,2025-01-11 21:15:00,West,Medical,855,3,24,Normal,0,32,21,5,1,22.0,71.0,23.666666666666668
3136,2025-01-11 21:20:00,West,Medical,721,3,9,Normal,0,22,21,5,1,32.0,76.0,25.333333333333332
3137,2025-01-11 21:25:00,East,Medical,857,3,18,Normal,0,19,21,5,1,22.0,73.0,24.333333333333332
3138,2025-01-11 21:30:00,West,Police,785,2,28,Normal,0,15,21,5,1,19.0,56.0,18.666666666666668
3139,2025-01-11 21:35:00,South,Police,255,2,7,Normal,0,23,21,5,1,15.0,57.0,19.0
3140,2025-01-11 21:40:00,West,Other,356,1,22,Normal,0,15,21,5,1,23.0,53.0,17.666666666666668
3141,2025-01-11 21:45:00,North,Medical,335,3,27,Normal,0,19,21,5,1,15.0,57.0,19.0
3142,2025-01-11 21:50:00,North,Medical,527,3,22,Normal,0,26,21,5,1,19.0,60.0,20.0
3143,2025-01-11 21:55:00,Central,Medical,456,3,12,Normal,0,26,21,5,1,26.0,71.0,23.666666666666668
3144,2025-01-11 22:00:00,East,Medical,435,3,15,Normal,0,24,22,5,1,26.0,76.0,25.333333333333332
3145,2025-01-11 22:05:00,North,Police,574,2,20,Normal,0,22,22,5,1,24.0,72.0,24.0
3146,2025-01-11 22:10:00,North,Police,321,2,6,Normal,0,17,22,5,1,22.0,63.0,21.0
3147,2025-01-11 22:15:00,East,Medical,732,3,11,Normal,0,23,22,5,1,17.0,62.0,20.666666666666668
3148,2025-01-11 22:20:00,North,Fire,845,4,10,Normal,0,27,22,5,1,23.0,67.0,22.333333333333332
3149,2025-01-11 22:25:00,Central,Medical,660,3,18,Normal,0,14,22,5,1,27.0,64.0,21.333333333333332
3150,2025-01-11 22:30:00,North,Fire,651,4,17,Normal,0,24,22,5,1,14.0,65.0,21.666666666666668
3151,2025-01-11 22:35:00,South,Medical,705,3,14,Severe,0,42,22,5,1,24.0,80.0,26.666666666666668
3152,2025-01-11 22:40:00,South,Police,699,2,19,Severe,0,35,22,5,1,42.0,101.0,33.666666666666664
3153,2025-01-11 22:45:00,Central,Fire,709,4,10,Normal,0,19,22,5,1,35.0,96.0,32.0
3154,2025-01-11 22:50:00,South,Medical,636,3,24,Normal,0,20,22,5,1,19.0,74.0,24.666666666666668
3155,2025-01-11 22:55:00,North,Police,513,2,27,Normal,0,27,22,5,1,20.0,66.0,22.0
3156,2025-01-11 23:00:00,North,Other,225,1,16,Normal,0,14,23,5,1,27.0,61.0,20.333333333333332
3157,2025-01-11 23:05:00,East,Other,309,1,17,Normal,0,16,23,5,1,14.0,57.0,19.0
3158,2025-01-11 23:10:00,West,Other,155,1,12,Normal,0,21,23,5,1,16.0,51.0,17.0
3159,2025-01-11 23:15:00,North,Other,188,1,21,Normal,0,24,23,5,1,21.0,61.0,20.333333333333332
3160,2025-01-11 23:20:00,South,Police,223,2,11,Normal,0,15,23,5,1,24.0,60.0,20.0
3161,2025-01-11 23:25:00,North,Police,339,2,28,Normal,0,18,23,5,1,15.0,57.0,19.0
3162,2025-01-11 23:30:00,South,Police,210,2,28,Normal,0,22,23,5,1,18.0,55.0,18.333333333333332
3163,2025-01-11 23:35:00,West,Fire,985,4,19,Normal,0,15,23,5,1,22.0,55.0,18.333333333333332
3164,2025-01-11 23:40:00,Central,Other,162,1,14,Normal,0,26,23,5,1,15.0,63.0,21.0
3165,2025-01-11 23:45:00,West,Police,293,2,27,Normal,0,17,23,5,1,26.0,58.0,19.333333333333332
3166,2025-01-11 23:50:00,South,Medical,858,3,16,Normal,0,13,23,5,1,17.0,56.0,18.666666666666668
3167,2025-01-11 23:55:00,Central,Police,541,2,11,Normal,0,23,23,5,1,13.0,53.0,17.666666666666668
3168,2025-01-12 00:00:00,West,Police,759,2,20,Normal,0,15,0,6,1,23.0,51.0,17.0
3169,2025-01-12 00:05:00,North,Fire,1102,4,6,Normal,0,20,0,6,1,15.0,58.0,19.333333333333332
3170,2025-01-12 00:10:00,North,Police,592,2,22,Normal,0,16,0,6,1,20.0,51.0,17.0
3171,2025-01-12 00:15:00,South,Other,131,1,10,Normal,0,18,0,6,1,16.0,54.0,18.0
3172,2025-01-12 00:20:00,South,Other,169,1,23,Normal,0,21,0,6,1,18.0,55.0,18.333333333333332
3173,2025-01-12 00:25:00,East,Fire,860,4,18,Severe,0,38,0,6,1,21.0,77.0,25.666666666666668
3174,2025-01-12 00:30:00,Central,Medical,427,3,22,Normal,0,26,0,6,1,38.0,85.0,28.333333333333332
3175,2025-01-12 00:35:00,North,Medical,520,3,18,Normal,1,40,0,6,1,26.0,104.0,34.666666666666664
3176,2025-01-12 00:40:00,West,Other,113,1,17,Normal,0,13,0,6,1,40.0,79.0,26.333333333333332
3177,2025-01-12 00:45:00,South,Medical,323,3,26,Normal,0,23,0,6,1,13.0,76.0,25.333333333333332
3178,2025-01-12 00:50:00,Central,Fire,969,4,18,Normal,0,21,0,6,1,23.0,57.0,19.0
3179,2025-01-12 00:55:00,East,Other,338,1,10,Severe,0,41,0,6,1,21.0,85.0,28.333333333333332
3180,2025-01-12 01:00:00,Central,Other,368,1,26,Normal,1,33,1,6,1,41.0,95.0,31.666666666666668
3181,2025-01-12 01:05:00,East,Police,500,2,6,Normal,0,22,1,6,1,33.0,96.0,32.0
3182,2025-01-12 01:10:00,North,Other,358,1,28,Normal,0,24,1,6,1,22.0,79.0,26.333333333333332
3183,2025-01-12 01:15:00,Central,Medical,684,3,20,Normal,0,14,1,6,1,24.0,60.0,20.0
3184,2025-01-12 01:20:00,West,Medical,848,3,7,Normal,0,20,1,6,1,14.0,58.0,19.333333333333332
3185,2025-01-12 01:25:00,East,Other,122,1,13,Normal,0,20,1,6,1,20.0,54.0,18.0
3186,2025-01-12 01:30:00,South,Medical,721,3,19,Normal,0,20,1,6,1,20.0,60.0,20.0
3187,2025-01-12 01:35:00,West,Medical,706,3,6,Normal,0,22,1,6,1,20.0,62.0,20.666666666666668
3188,2025-01-12 01:40:00,West,Other,169,1,14,Normal,0,24,1,6,1,22.0,66.0,22.0
3189,2025-01-12 01:45:00,North,Medical,331,3,29,Normal,0,23,1,6,1,24.0,69.0,23.0
3190,2025-01-12 01:50:00,Central,Fire,1149,4,26,Normal,0,21,1,6,1,23.0,68.0,22.666666666666668
3191,2025-01-12 01:55:00,East,Police,655,2,6,Normal,0,23,1,6,1,21.0,67.0,22.333333333333332
3192,2025-01-12 02:00:00,South,Medical,592,3,26,Normal,0,23,2,6,1,23.0,67.0,22.333333333333332
3193,2025-01-12 02:05:00,West,Other,294,1,24,Normal,0,16,2,6,1,23.0,62.0,20.666666666666668
3194,2025-01-12 02:10:00,Central,Police,708,2,23,Normal,0,25,2,6,1,16.0,64.0,21.333333333333332
3195,2025-01-12 02:15:00,South,Other,109,1,29,Normal,0,22,2,6,1,25.0,63.0,21.0
3196,2025-01-12 02:20:00,North,Police,688,2,14,Normal,1,39,2,6,1,22.0,86.0,28.666666666666668
3197,2025-01-12 02:25:00,West,Police,653,2,19,Normal,0,26,2,6,1,39.0,87.0,29.0
3198,2025-01-12 02:30:00,South,Police,203,2,18,Normal,0,13,2,6,1,26.0,78.0,26.0
3199,2025-01-12 02:35:00,North,Medical,797,3,22,Severe,0,40,2,6,1,13.0,79.0,26.333333333333332
3200,2025-01-12 02:40:00,South,Medical,810,3,13,Normal,0,17,2,6,1,40.0,70.0,23.333333333333332
3201,2025-01-12 02:45:00,West,Police,273,2,18,Normal,0,26,2,6,1,17.0,83.0,27.666666666666668
3202,2025-01-12 02:50:00,South,Medical,400,3,6,Normal,0,22,2,6,1,26.0,65.0,21.666666666666668
3203,2025-01-12 02:55:00,South,Other,121,1,17,Normal,0,16,2,6,1,22.0,64.0,21.333333333333332
3204,2025-01-12 03:00:00,Central,Medical,337,3,23,Normal,1,40,3,6,1,16.0,78.0,26.0
3205,2025-01-12 03:05:00,East,Medical,885,3,29,Normal,1,35,3,6,1,40.0,91.0,30.333333333333332
3206,2025-01-12 03:10:00,West,Other,263,1,16,Normal,0,16,3,6,1,35.0,91.0,30.333333333333332
3207,2025-01-12 03:15:00,Central,Police,482,2,10,Normal,0,14,3,6,1,16.0,65.0,21.666666666666668
3208,2025-01-12 03:20:00,West,Fire,920,4,20,Normal,0,23,3,6,1,14.0,53.0,17.666666666666668
3209,2025-01-12 03:25:00,South,Police,601,2,15,Normal,0,18,3,6,1,23.0,55.0,18.333333333333332
3210,2025-01-12 03:30:00,South,Medical,817,3,26,Normal,0,23,3,6,1,18.0,64.0,21.333333333333332
3211,2025-01-12 03:35:00,South,Other,267,1,26,Severe,0,39,3,6,1,23.0,80.0,26.666666666666668
3212,2025-01-12 03:40:00,North,Police,348,2,29,Normal,0,22,3,6,1,39.0,84.0,28.0
3213,2025-01-12 03:45:00,South,Medical,520,3,14,Normal,0,22,3,6,1,22.0,83.0,27.666666666666668
3214,2025-01-12 03:50:00,West,Fire,1020,4,8,Normal,0,27,3,6,1,22.0,71.0,23.666666666666668
3215,2025-01-12 03:55:00,East,Police,491,2,21,Normal,0,19,3,6,1,27.0,68.0,22.666666666666668
3216,2025-01-12 04:00:00,East,Medical,404,3,14,Normal,0,24,4,6,1,19.0,70.0,23.333333333333332
3217,2025-01-12 04:05:00,West,Medical,449,3,29,Normal,0,21,4,6,1,24.0,64.0,21.333333333333332
3218,2025-01-12 04:10:00,South,Medical,337,3,9,Normal,0,21,4,6,1,21.0,66.0,22.0
3219,2025-01-12 04:15:00,West,Police,396,2,28,Normal,0,20,4,6,1,21.0,62.0,20.666666666666668
3220,2025-01-12 04:20:00,East,Other,124,1,9,Severe,0,30,4,6,1,20.0,71.0,23.666666666666668
3221,2025-01-12 04:25:00,South,Police,492,2,16,Normal,0,17,4,6,1,30.0,67.0,22.333333333333332
3222,2025-01-12 04:30:00,Central,Other,139,1,14,Normal,0,26,4,6,1,17.0,73.0,24.333333333333332
3223,2025-01-12 04:35:00,West,Other,312,1,14,Normal,0,20,4,6,1,26.0,63.0,21.0
3224,2025-01-12 04:40:00,South,Medical,425,3,11,Normal,0,24,4,6,1,20.0,70.0,23.333333333333332
3225,2025-01-12 04:45:00,West,Medical,615,3,12,Normal,1,34,4,6,1,24.0,78.0,26.0
3226,2025-01-12 04:50:00,East,Other,183,1,25,Normal,0,20,4,6,1,34.0,78.0,26.0
3227,2025-01-12 04:55:00,Central,Other,191,1,28,Normal,1,39,4,6,1,20.0,93.0,31.0
3228,2025-01-12 05:00:00,South,Medical,313,3,17,Normal,0,13,5,6,1,39.0,72.0,24.0
3229,2025-01-12 05:05:00,East,Police,682,2,19,Normal,0,16,5,6,1,13.0,68.0,22.666666666666668
3230,2025-01-12 05:10:00,Central,Police,719,2,27,Normal,0,26,5,6,1,16.0,55.0,18.333333333333332
3231,2025-01-12 05:15:00,West,Police,254,2,13,Normal,0,19,5,6,1,26.0,61.0,20.333333333333332
3232,2025-01-12 05:20:00,West,Police,415,2,21,Normal,0,22,5,6,1,19.0,67.0,22.333333333333332
3233,2025-01-12 05:25:00,East,Police,375,2,9,Severe,0,40,5,6,1,22.0,81.0,27.0
3234,2025-01-12 05:30:00,East,Police,735,2,22,Normal,0,14,5,6,1,40.0,76.0,25.333333333333332
3235,2025-01-12 05:35:00,East,Other,157,1,16,Normal,0,15,5,6,1,14.0,69.0,23.0
3236,2025-01-12 05:40:00,West,Medical,811,3,15,Normal,0,22,5,6,1,15.0,51.0,17.0
3237,2025-01-12 05:45:00,South,Other,327,1,8,Normal,0,29,5,6,1,22.0,66.0,22.0
3238,2025-01-12 05:50:00,South,Police,639,2,15,Normal,0,15,5,6,1,29.0,66.0,22.0
3239,2025-01-12 05:55:00,Central,Medical,883,3,19,Normal,0,28,5,6,1,15.0,72.0,24.0
3240,2025-01-12 06:00:00,Central,Other,383,1,10,Normal,0,19,6,6,1,28.0,62.0,20.666666666666668
3241,2025-01-12 06:05:00,South,Medical,677,3,12,Severe,0,35,6,6,1,19.0,82.0,27.333333333333332
3242,2025-01-12 06:10:00,West,Other,345,1,26,Normal,0,19,6,6,1,35.0,73.0,24.333333333333332
3243,2025-01-12 06:15:00,North,Medical,817,3,11,Normal,0,21,6,6,1,19.0,75.0,25.0
3244,2025-01-12 06:20:00,North,Police,588,2,25,Normal,0,24,6,6,1,21.0,64.0,21.333333333333332
3245,2025-01-12 06:25:00,West,Medical,560,3,18,Normal,0,20,6,6,1,24.0,65.0,21.666666666666668
3246,2025-01-12 06:30:00,South,Police,455,2,13,Normal,0,22,6,6,1,20.0,66.0,22.0
3247,2025-01-12 06:35:00,North,Police,687,2,14,Normal,0,29,6,6,1,22.0,71.0,23.666666666666668
3248,2025-01-12 06:40:00,South,Medical,899,3,9,Normal,1,39,6,6,1,29.0,90.0,30.0
3249,2025-01-12 06:45:00,South,Police,789,2,15,Normal,0,24,6,6,1,39.0,92.0,30.666666666666668
3250,2025-01-12 06:50:00,West,Medical,701,3,9,Normal,0,23,6,6,1,24.0,86.0,28.666666666666668
3251,2025-01-12 06:55:00,West,Police,501,2,12,Normal,0,22,6,6,1,23.0,69.0,23.0
3252,2025-01-12 07:00:00,West,Police,360,2,29,Normal,0,18,7,6,1,22.0,63.0,21.0
3253,2025-01-12 07:05:00,North,Police,412,2,20,Normal,0,25,7,6,1,18.0,65.0,21.666666666666668
3254,2025-01-12 07:10:00,Central,Police,724,2,5,Normal,1,38,7,6,1,25.0,81.0,27.0
3255,2025-01-12 07:15:00,West,Medical,687,3,23,Normal,0,13,7,6,1,38.0,76.0,25.333333333333332
3256,2025-01-12 07:20:00,West,Other,311,1,14,Normal,0,24,7,6,1,13.0,75.0,25.0
3257,2025-01-12 07:25:00,North,Medical,334,3,27,Normal,0,21,7,6,1,24.0,58.0,19.333333333333332
3258,2025-01-12 07:30:00,West,Other,275,1,14,Normal,0,22,7,6,1,21.0,67.0,22.333333333333332
3259,2025-01-12 07:35:00,East,Medical,426,3,26,Severe,0,41,7,6,1,22.0,84.0,28.0
3260,2025-01-12 07:40:00,West,Medical,355,3,20,Normal,0,16,7,6,1,41.0,79.0,26.333333333333332
3261,2025-01-12 07:45:00,Central,Medical,899,3,28,Normal,0,7,7,6,1,16.0,64.0,21.333333333333332
3262,2025-01-12 07:50:00,East,Police,786,2,11,Severe,0,50,7,6,1,7.0,73.0,24.333333333333332
3263,2025-01-12 07:55:00,Central,Medical,515,3,10,Normal,0,21,7,6,1,50.0,78.0,26.0
3264,2025-01-12 08:00:00,West,Police,532,2,28,Normal,0,20,8,6,1,21.0,91.0,30.333333333333332
3265,2025-01-12 08:05:00,North,Police,470,2,11,Normal,0,26,8,6,1,20.0,67.0,22.333333333333332
3266,2025-01-12 08:10:00,East,Other,183,1,20,Normal,0,26,8,6,1,26.0,72.0,24.0
3267,2025-01-12 08:15:00,West,Police,596,2,18,Normal,0,28,8,6,1,26.0,80.0,26.666666666666668
3268,2025-01-12 08:20:00,West,Fire,684,4,9,Normal,0,28,8,6,1,28.0,82.0,27.333333333333332
3269,2025-01-12 08:25:00,South,Medical,776,3,11,Normal,0,33,8,6,1,28.0,89.0,29.666666666666668
3270,2025-01-12 08:30:00,North,Medical,637,3,14,Normal,1,50,8,6,1,33.0,111.0,37.0
3271,2025-01-12 08:35:00,South,Other,174,1,29,Normal,0,24,8,6,1,50.0,107.0,35.666666666666664
3272,2025-01-12 08:40:00,Central,Medical,872,3,10,Normal,0,29,8,6,1,24.0,103.0,34.333333333333336
3273,2025-01-12 08:45:00,Central,Medical,341,3,7,Normal,0,32,8,6,1,29.0,85.0,28.333333333333332
3274,2025-01-12 08:50:00,North,Other,206,1,9,Normal,0,30,8,6,1,32.0,91.0,30.333333333333332
3275,2025-01-12 08:55:00,South,Medical,881,3,15,Normal,0,32,8,6,1,30.0,94.0,31.333333333333332
3276,2025-01-12 09:00:00,East,Other,271,1,16,Normal,1,51,9,6,1,32.0,113.0,37.666666666666664
3277,2025-01-12 09:05:00,East,Medical,749,3,28,Normal,0,31,9,6,1,51.0,114.0,38.0
3278,2025-01-12 09:10:00,Central,Police,699,2,14,Normal,0,30,9,6,1,31.0,112.0,37.333333333333336
3279,2025-01-12 09:15:00,Central,Police,425,2,24,Normal,0,34,9,6,1,30.0,95.0,31.666666666666668
3280,2025-01-12 09:20:00,West,Medical,392,3,28,Normal,0,38,9,6,1,34.0,102.0,34.0
3281,2025-01-12 09:25:00,South,Police,613,2,28,Normal,0,21,9,6,1,38.0,93.0,31.0
3282,2025-01-12 09:30:00,North,Medical,822,3,17,Normal,0,22,9,6,1,21.0,81.0,27.0
3283,2025-01-12 09:35:00,West,Police,792,2,26,Normal,0,31,9,6,1,22.0,74.0,24.666666666666668
3284,2025-01-12 09:40:00,East,Medical,731,3,11,Normal,0,24,9,6,1,31.0,77.0,25.666666666666668
3285,2025-01-12 09:45:00,East,Medical,828,3,23,Normal,0,32,9,6,1,24.0,87.0,29.0
3286,2025-01-12 09:50:00,North,Medical,546,3,12,Normal,0,28,9,6,1,32.0,84.0,28.0
3287,2025-01-12 09:55:00,East,Police,530,2,9,Normal,0,27,9,6,1,28.0,87.0,29.0
3288,2025-01-12 10:00:00,North,Medical,830,3,22,Normal,0,22,10,6,1,27.0,77.0,25.666666666666668
3289,2025-01-12 10:05:00,East,Medical,839,3,13,Normal,0,17,10,6,1,22.0,66.0,22.0
3290,2025-01-12 10:10:00,West,Medical,739,3,17,Normal,0,26,10,6,1,17.0,65.0,21.666666666666668
3291,2025-01-12 10:15:00,East,Police,602,2,6,Normal,0,24,10,6,1,26.0,67.0,22.333333333333332
3292,2025-01-12 10:20:00,North,Police,224,2,10,Normal,0,17,10,6,1,24.0,67.0,22.333333333333332
3293,2025-01-12 10:25:00,Central,Medical,749,3,20,Normal,0,22,10,6,1,17.0,63.0,21.0
3294,2025-01-12 10:30:00,Central,Medical,556,3,19,Normal,0,14,10,6,1,22.0,53.0,17.666666666666668
3295,2025-01-12 10:35:00,North,Police,602,2,27,Normal,0,19,10,6,1,14.0,55.0,18.333333333333332
3296,2025-01-12 10:40:00,West,Police,516,2,19,Normal,0,10,10,6,1,19.0,43.0,14.333333333333334
3297,2025-01-12 10:45:00,North,Police,414,2,16,Normal,0,30,10,6,1,10.0,59.0,19.666666666666668
3298,2025-01-12 10:50:00,Central,Police,757,2,26,Normal,0,19,10,6,1,30.0,59.0,19.666666666666668
3299,2025-01-12 10:55:00,Central,Medical,754,3,20,Normal,0,20,10,6,1,19.0,69.0,23.0
3300,2025-01-12 11:00:00,West,Fire,731,4,14,Normal,0,23,11,6,1,20.0,62.0,20.666666666666668
3301,2025-01-12 11:05:00,Central,Medical,488,3,23,Severe,0,29,11,6,1,23.0,72.0,24.0
3302,2025-01-12 11:10:00,West,Fire,1025,4,7,Normal,0,19,11,6,1,29.0,71.0,23.666666666666668
3303,2025-01-12 11:15:00,South,Other,233,1,12,Normal,0,26,11,6,1,19.0,74.0,24.666666666666668
3304,2025-01-12 11:20:00,South,Medical,629,3,17,Normal,0,18,11,6,1,26.0,63.0,21.0
3305,2025-01-12 11:25:00,West,Police,594,2,9,Normal,0,20,11,6,1,18.0,64.0,21.333333333333332
3306,2025-01-12 11:30:00,Central,Fire,600,4,20,Normal,0,16,11,6,1,20.0,54.0,18.0
3307,2025-01-12 11:35:00,South,Other,348,1,7,Normal,0,24,11,6,1,16.0,60.0,20.0
3308,2025-01-12 11:40:00,East,Other,386,1,7,Normal,1,30,11,6,1,24.0,70.0,23.333333333333332
3309,2025-01-12 11:45:00,East,Medical,862,3,16,Normal,0,22,11,6,1,30.0,76.0,25.333333333333332
3310,2025-01-12 11:50:00,South,Other,365,1,7,Normal,0,18,11,6,1,22.0,70.0,23.333333333333332
3311,2025-01-12 11:55:00,West,Medical,315,3,23,Normal,0,24,11,6,1,18.0,64.0,21.333333333333332
3312,2025-01-12 12:00:00,Central,Medical,766,3,9,Normal,0,13,12,6,1,24.0,55.0,18.333333333333332
3313,2025-01-12 12:05:00,Central,Fire,1154,4,28,Normal,0,22,12,6,1,13.0,59.0,19.666666666666668
3314,2025-01-12 12:10:00,Central,Other,350,1,5,Normal,0,22,12,6,1,22.0,57.0,19.0
3315,2025-01-12 12:15:00,Central,Police,672,2,16,Normal,0,16,12,6,1,22.0,60.0,20.0
3316,2025-01-12 12:20:00,South,Other,267,1,26,Normal,0,16,12,6,1,16.0,54.0,18.0
3317,2025-01-12 12:25:00,East,Medical,698,3,26,Normal,1,31,12,6,1,16.0,63.0,21.0
3318,2025-01-12 12:30:00,North,Medical,444,3,20,Normal,0,13,12,6,1,31.0,60.0,20.0
3319,2025-01-12 12:35:00,North,Medical,329,3,29,Normal,0,19,12,6,1,13.0,63.0,21.0
3320,2025-01-12 12:40:00,Central,Medical,376,3,11,Normal,0,26,12,6,1,19.0,58.0,19.333333333333332
3321,2025-01-12 12:45:00,Central,Police,485,2,24,Normal,0,18,12,6,1,26.0,63.0,21.0
3322,2025-01-12 12:50:00,North,Police,526,2,25,Normal,0,16,12,6,1,18.0,60.0,20.0
3323,2025-01-12 12:55:00,South,Police,356,2,7,Normal,0,26,12,6,1,16.0,60.0,20.0
3324,2025-01-12 13:00:00,East,Police,312,2,21,Normal,0,17,13,6,1,26.0,59.0,19.666666666666668
3325,2025-01-12 13:05:00,North,Medical,721,3,21,Normal,0,22,13,6,1,17.0,65.0,21.666666666666668
3326,2025-01-12 13:10:00,Central,Police,557,2,18,Normal,0,17,13,6,1,22.0,56.0,18.666666666666668
3327,2025-01-12 13:15:00,Central,Other,227,1,11,Severe,0,44,13,6,1,17.0,83.0,27.666666666666668
3328,2025-01-12 13:20:00,North,Other,394,1,20,Normal,0,20,13,6,1,44.0,81.0,27.0
3329,2025-01-12 13:25:00,Central,Medical,488,3,22,Normal,0,18,13,6,1,20.0,82.0,27.333333333333332
3330,2025-01-12 13:30:00,East,Other,310,1,26,Normal,0,15,13,6,1,18.0,53.0,17.666666666666668
3331,2025-01-12 13:35:00,South,Police,715,2,6,Normal,0,24,13,6,1,15.0,57.0,19.0
3332,2025-01-12 13:40:00,West,Medical,864,3,10,Severe,0,49,13,6,1,24.0,88.0,29.333333333333332
3333,2025-01-12 13:45:00,North,Other,250,1,24,Normal,0,17,13,6,1,49.0,90.0,30.0
3334,2025-01-12 13:50:00,Central,Medical,528,3,9,Normal,0,18,13,6,1,17.0,84.0,28.0
3335,2025-01-12 13:55:00,West,Medical,624,3,19,Normal,0,19,13,6,1,18.0,54.0,18.0
3336,2025-01-12 14:00:00,Central,Other,184,1,20,Normal,0,22,14,6,1,19.0,59.0,19.666666666666668
3337,2025-01-12 14:05:00,East,Other,230,1,28,Normal,0,21,14,6,1,22.0,62.0,20.666666666666668
3338,2025-01-12 14:10:00,Central,Medical,837,3,24,Normal,0,13,14,6,1,21.0,56.0,18.666666666666668
3339,2025-01-12 14:15:00,West,Medical,702,3,23,Normal,0,21,14,6,1,13.0,55.0,18.333333333333332
3340,2025-01-12 14:20:00,Central,Police,218,2,19,Normal,0,25,14,6,1,21.0,59.0,19.666666666666668
3341,2025-01-12 14:25:00,East,Police,531,2,21,Normal,0,23,14,6,1,25.0,69.0,23.0
3342,2025-01-12 14:30:00,West,Police,545,2,11,Normal,0,20,14,6,1,23.0,68.0,22.666666666666668
3343,2025-01-12 14:35:00,West,Police,379,2,23,Normal,0,18,14,6,1,20.0,61.0,20.333333333333332
3344,2025-01-12 14:40:00,North,Police,744,2,26,Severe,0,42,14,6,1,18.0,80.0,26.666666666666668
3345,2025-01-12 14:45:00,South,Other,272,1,28,Severe,0,39,14,6,1,42.0,99.0,33.0
3346,2025-01-12 14:50:00,West,Police,491,2,6,Normal,0,25,14,6,1,39.0,106.0,35.333333333333336
3347,2025-01-12 14:55:00,East,Fire,707,4,24,Normal,1,39,14,6,1,25.0,103.0,34.333333333333336
3348,2025-01-12 15:00:00,East,Medical,322,3,6,Normal,0,23,15,6,1,39.0,87.0,29.0
3349,2025-01-12 15:05:00,North,Medical,509,3,28,Normal,0,16,15,6,1,23.0,78.0,26.0
3350,2025-01-12 15:10:00,West,Police,319,2,5,Normal,0,22,15,6,1,16.0,61.0,20.333333333333332
3351,2025-01-12 15:15:00,South,Other,385,1,7,Normal,0,16,15,6,1,22.0,54.0,18.0
3352,2025-01-12 15:20:00,West,Police,654,2,18,Normal,0,19,15,6,1,16.0,57.0,19.0
3353,2025-01-12 15:25:00,West,Medical,395,3,10,Normal,0,14,15,6,1,19.0,49.0,16.333333333333332
3354,2025-01-12 15:30:00,Central,Other,168,1,12,Normal,0,21,15,6,1,14.0,54.0,18.0
3355,2025-01-12 15:35:00,Central,Medical,761,3,27,Normal,0,32,15,6,1,21.0,67.0,22.333333333333332
3356,2025-01-12 15:40:00,West,Other,265,1,6,Normal,0,18,15,6,1,32.0,71.0,23.666666666666668
3357,2025-01-12 15:45:00,West,Medical,669,3,15,Normal,1,32,15,6,1,18.0,82.0,27.333333333333332
3358,2025-01-12 15:50:00,North,Medical,550,3,28,Normal,0,13,15,6,1,32.0,63.0,21.0
3359,2025-01-12 15:55:00,East,Medical,838,3,13,Normal,0,31,15,6,1,13.0,76.0,25.333333333333332
3360,2025-01-12 16:00:00,South,Police,662,2,10,Normal,0,14,16,6,1,31.0,58.0,19.333333333333332
3361,2025-01-12 16:05:00,Central,Police,441,2,11,Normal,0,25,16,6,1,14.0,70.0,23.333333333333332
3362,2025-01-12 16:10:00,West,Medical,716,3,19,Normal,0,17,16,6,1,25.0,56.0,18.666666666666668
3363,2025-01-12 16:15:00,West,Medical,751,3,7,Normal,0,11,16,6,1,17.0,53.0,17.666666666666668
3364,2025-01-12 16:20:00,West,Police,437,2,7,Normal,0,14,16,6,1,11.0,42.0,14.0
3365,2025-01-12 16:25:00,Central,Medical,528,3,9,Normal,0,23,16,6,1,14.0,48.0,16.0
3366,2025-01-12 16:30:00,West,Fire,405,4,16,Normal,0,16,16,6,1,23.0,53.0,17.666666666666668
3367,2025-01-12 16:35:00,West,Medical,618,3,23,Normal,0,26,16,6,1,16.0,65.0,21.666666666666668
3368,2025-01-12 16:40:00,East,Medical,510,3,8,Normal,0,27,16,6,1,26.0,69.0,23.0
3369,2025-01-12 16:45:00,East,Police,326,2,24,Normal,0,23,16,6,1,27.0,76.0,25.333333333333332
3370,2025-01-12 16:50:00,East,Other,288,1,19,Normal,0,22,16,6,1,23.0,72.0,24.0
3371,2025-01-12 16:55:00,East,Police,560,2,15,Severe,1,60,16,6,1,22.0,105.0,35.0
3372,2025-01-12 17:00:00,North,Other,285,1,10,Normal,0,25,17,6,1,60.0,107.0,35.666666666666664
3373,2025-01-12 17:05:00,West,Medical,715,3,5,Normal,0,23,17,6,1,25.0,108.0,36.0
3374,2025-01-12 17:10:00,South,Medical,306,3,26,Normal,0,23,17,6,1,23.0,71.0,23.666666666666668
3375,2025-01-12 17:15:00,South,Police,723,2,12,Normal,0,18,17,6,1,23.0,64.0,21.333333333333332
3376,2025-01-12 17:20:00,North,Police,671,2,29,Normal,0,22,17,6,1,18.0,63.0,21.0
3377,2025-01-12 17:25:00,West,Other,277,1,29,Normal,0,26,17,6,1,22.0,66.0,22.0
3378,2025-01-12 17:30:00,East,Medical,345,3,20,Normal,0,21,17,6,1,26.0,69.0,23.0
3379,2025-01-12 17:35:00,Central,Medical,339,3,27,Normal,0,16,17,6,1,21.0,63.0,21.0
3380,2025-01-12 17:40:00,West,Police,416,2,19,Normal,0,18,17,6,1,16.0,55.0,18.333333333333332
3381,2025-01-12 17:45:00,West,Medical,397,3,16,Normal,0,25,17,6,1,18.0,59.0,19.666666666666668
3382,2025-01-12 17:50:00,West,Fire,815,4,13,Normal,1,34,17,6,1,25.0,77.0,25.666666666666668
3383,2025-01-12 17:55:00,South,Police,772,2,21,Normal,0,23,17,6,1,34.0,82.0,27.333333333333332
3384,2025-01-12 18:00:00,North,Medical,506,3,28,Normal,0,33,18,6,1,23.0,90.0,30.0
3385,2025-01-12 18:05:00,South,Medical,607,3,14,Normal,0,22,18,6,1,33.0,78.0,26.0
3386,2025-01-12 18:10:00,South,Medical,585,3,20,Normal,0,26,18,6,1,22.0,81.0,27.0
3387,2025-01-12 18:15:00,Central,Medical,783,3,15,Normal,0,24,18,6,1,26.0,72.0,24.0
3388,2025-01-12 18:20:00,South,Medical,424,3,13,Normal,0,25,18,6,1,24.0,75.0,25.0
3389,2025-01-12 18:25:00,South,Medical,416,3,26,Normal,0,18,18,6,1,25.0,67.0,22.333333333333332
3390,2025-01-12 18:30:00,West,Police,444,2,21,Normal,0,35,18,6,1,18.0,78.0,26.0
3391,2025-01-12 18:35:00,West,Medical,359,3,7,Normal,0,18,18,6,1,35.0,71.0,23.666666666666668
3392,2025-01-12 18:40:00,South,Police,546,2,9,Normal,0,34,18,6,1,18.0,87.0,29.0
3393,2025-01-12 18:45:00,North,Medical,534,3,11,Normal,0,28,18,6,1,34.0,80.0,26.666666666666668
3394,2025-01-12 18:50:00,West,Fire,892,4,15,Normal,0,34,18,6,1,28.0,96.0,32.0
3395,2025-01-12 18:55:00,West,Medical,699,3,23,Severe,0,37,18,6,1,34.0,99.0,33.0
3396,2025-01-12 19:00:00,East,Other,240,1,10,Normal,0,34,19,6,1,37.0,105.0,35.0
3397,2025-01-12 19:05:00,South,Police,358,2,15,Normal,0,34,19,6,1,34.0,105.0,35.0
3398,2025-01-12 19:10:00,Central,Fire,418,4,29,Normal,0,41,19,6,1,34.0,109.0,36.333333333333336
3399,2025-01-12 19:15:00,Central,Medical,410,3,6,Normal,0,31,19,6,1,41.0,106.0,35.333333333333336
3400,2025-01-12 19:20:00,West,Medical,649,3,12,Normal,0,28,19,6,1,31.0,100.0,33.333333333333336
3401,2025-01-12 19:25:00,Central,Fire,797,4,5,Normal,0,25,19,6,1,28.0,84.0,28.0
3402,2025-01-12 19:30:00,East,Police,552,2,23,Normal,0,26,19,6,1,25.0,79.0,26.333333333333332
3403,2025-01-12 19:35:00,East,Fire,612,4,22,Normal,0,21,19,6,1,26.0,72.0,24.0
3404,2025-01-12 19:40:00,Central,Fire,1101,4,11,Normal,0,36,19,6,1,21.0,83.0,27.666666666666668
3405,2025-01-12 19:45:00,North,Medical,816,3,24,Normal,0,34,19,6,1,36.0,91.0,30.333333333333332
3406,2025-01-12 19:50:00,South,Medical,804,3,26,Normal,0,22,19,6,1,34.0,92.0,30.666666666666668
3407,2025-01-12 19:55:00,South,Other,111,1,19,Normal,0,27,19,6,1,22.0,83.0,27.666666666666668
3408,2025-01-12 20:00:00,West,Police,617,2,8,Normal,0,17,20,6,1,27.0,66.0,22.0
3409,2025-01-12 20:05:00,South,Police,397,2,18,Normal,1,34,20,6,1,17.0,78.0,26.0
3410,2025-01-12 20:10:00,South,Police,605,2,25,Normal,0,36,20,6,1,34.0,87.0,29.0
3411,2025-01-12 20:15:00,South,Police,463,2,16,Normal,0,23,20,6,1,36.0,93.0,31.0
3412,2025-01-12 20:20:00,North,Medical,735,3,19,Normal,0,27,20,6,1,23.0,86.0,28.666666666666668
3413,2025-01-12 20:25:00,South,Other,158,1,14,Normal,0,31,20,6,1,27.0,81.0,27.0
3414,2025-01-12 20:30:00,North,Medical,641,3,15,Severe,0,61,20,6,1,31.0,119.0,39.666666666666664
3415,2025-01-12 20:35:00,North,Other,134,1,27,Normal,0,26,20,6,1,61.0,118.0,39.333333333333336
3416,2025-01-12 20:40:00,North,Medical,395,3,5,Normal,0,34,20,6,1,26.0,121.0,40.333333333333336
3417,2025-01-12 20:45:00,Central,Other,182,1,9,Normal,0,33,20,6,1,34.0,93.0,31.0
3418,2025-01-12 20:50:00,South,Fire,931,4,15,Normal,0,32,20,6,1,33.0,99.0,33.0
3419,2025-01-12 20:55:00,North,Other,334,1,13,Normal,0,28,20,6,1,32.0,93.0,31.0
3420,2025-01-12 21:00:00,East,Police,767,2,9,Normal,0,26,21,6,1,28.0,86.0,28.666666666666668
3421,2025-01-12 21:05:00,West,Medical,709,3,21,Normal,0,24,21,6,1,26.0,78.0,26.0
3422,2025-01-12 21:10:00,Central,Police,458,2,17,Normal,0,19,21,6,1,24.0,69.0,23.0
3423,2025-01-12 21:15:00,West,Other,200,1,27,Normal,0,22,21,6,1,19.0,65.0,21.666666666666668
3424,2025-01-12 21:20:00,West,Fire,671,4,20,Normal,0,23,21,6,1,22.0,64.0,21.333333333333332
3425,2025-01-12 21:25:00,Central,Medical,673,3,9,Normal,0,29,21,6,1,23.0,74.0,24.666666666666668
3426,2025-01-12 21:30:00,Central,Medical,886,3,13,Normal,0,22,21,6,1,29.0,74.0,24.666666666666668
3427,2025-01-12 21:35:00,West,Other,231,1,28,Severe,0,35,21,6,1,22.0,86.0,28.666666666666668
3428,2025-01-12 21:40:00,South,Medical,544,3,19,Normal,0,18,21,6,1,35.0,75.0,25.0
3429,2025-01-12 21:45:00,South,Other,171,1,26,Normal,0,28,21,6,1,18.0,81.0,27.0
3430,2025-01-12 21:50:00,West,Other,349,1,12,Normal,0,20,21,6,1,28.0,66.0,22.0
3431,2025-01-12 21:55:00,South,Police,659,2,19,Normal,0,25,21,6,1,20.0,73.0,24.333333333333332
3432,2025-01-12 22:00:00,West,Police,731,2,19,Normal,0,22,22,6,1,25.0,67.0,22.333333333333332
3433,2025-01-12 22:05:00,North,Fire,431,4,15,Severe,0,32,22,6,1,22.0,79.0,26.333333333333332
3434,2025-01-12 22:10:00,North,Medical,657,3,22,Normal,1,20,22,6,1,32.0,74.0,24.666666666666668
3435,2025-01-12 22:15:00,North,Medical,894,3,21,Normal,1,51,22,6,1,20.0,103.0,34.333333333333336
3436,2025-01-12 22:20:00,West,Police,443,2,21,Normal,0,21,22,6,1,51.0,92.0,30.666666666666668
3437,2025-01-12 22:25:00,North,Other,248,1,26,Normal,0,24,22,6,1,21.0,96.0,32.0
3438,2025-01-12 22:30:00,South,Medical,313,3,16,Normal,0,12,22,6,1,24.0,57.0,19.0
3439,2025-01-12 22:35:00,West,Medical,632,3,7,Severe,0,41,22,6,1,12.0,77.0,25.666666666666668
3440,2025-01-12 22:40:00,Central,Police,613,2,14,Normal,0,24,22,6,1,41.0,77.0,25.666666666666668
3441,2025-01-12 22:45:00,West,Fire,535,4,17,Normal,0,29,22,6,1,24.0,94.0,31.333333333333332
3442,2025-01-12 22:50:00,South,Medical,693,3,17,Normal,1,33,22,6,1,29.0,86.0,28.666666666666668
3443,2025-01-12 22:55:00,South,Police,783,2,29,Severe,0,59,22,6,1,33.0,121.0,40.333333333333336
3444,2025-01-12 23:00:00,South,Medical,788,3,29,Normal,0,13,23,6,1,59.0,105.0,35.0
3445,2025-01-12 23:05:00,West,Other,389,1,29,Normal,0,24,23,6,1,13.0,96.0,32.0
3446,2025-01-12 23:10:00,Central,Medical,341,3,15,Normal,0,17,23,6,1,24.0,54.0,18.0
3447,2025-01-12 23:15:00,West,Medical,350,3,10,Severe,0,36,23,6,1,17.0,77.0,25.666666666666668
3448,2025-01-12 23:20:00,South,Medical,795,3,25,Normal,0,17,23,6,1,36.0,70.0,23.333333333333332
3449,2025-01-12 23:25:00,South,Fire,694,4,24,Normal,0,22,23,6,1,17.0,75.0,25.0
3450,2025-01-12 23:30:00,West,Fire,401,4,25,Normal,0,22,23,6,1,22.0,61.0,20.333333333333332
3451,2025-01-12 23:35:00,South,Fire,537,4,17,Normal,0,25,23,6,1,22.0,69.0,23.0
3452,2025-01-12 23:40:00,South,Police,526,2,18,Normal,1,34,23,6,1,25.0,81.0,27.0
3453,2025-01-12 23:45:00,South,Medical,494,3,19,Normal,0,23,23,6,1,34.0,82.0,27.333333333333332
3454,2025-01-12 23:50:00,Central,Other,199,1,22,Normal,0,21,23,6,1,23.0,78.0,26.0
3455,2025-01-12 23:55:00,North,Other,329,1,7,Normal,0,18,23,6,1,21.0,62.0,20.666666666666668
3456,2025-01-13 00:00:00,East,Medical,843,3,15,Severe,0,50,0,0,0,18.0,89.0,29.666666666666668
3457,2025-01-13 00:05:00,North,Medical,834,3,12,Normal,0,27,0,0,0,50.0,95.0,31.666666666666668
3458,2025-01-13 00:10:00,North,Police,716,2,29,Normal,0,25,0,0,0,27.0,102.0,34.0
3459,2025-01-13 00:15:00,South,Other,302,1,9,Normal,0,21,0,0,0,25.0,73.0,24.333333333333332
3460,2025-01-13 00:20:00,South,Police,724,2,21,Normal,0,21,0,0,0,21.0,67.0,22.333333333333332
3461,2025-01-13 00:25:00,Central,Fire,724,4,9,Normal,0,21,0,0,0,21.0,63.0,21.0
3462,2025-01-13 00:30:00,South,Medical,444,3,24,Normal,0,19,0,0,0,21.0,61.0,20.333333333333332
3463,2025-01-13 00:35:00,Central,Other,165,1,20,Normal,0,19,0,0,0,19.0,59.0,19.666666666666668
3464,2025-01-13 00:40:00,South,Medical,557,3,18,Normal,0,19,0,0,0,19.0,57.0,19.0
3465,2025-01-13 00:45:00,West,Other,106,1,9,Normal,0,26,0,0,0,19.0,64.0,21.333333333333332
3466,2025-01-13 00:50:00,North,Other,357,1,28,Normal,0,24,0,0,0,26.0,69.0,23.0
3467,2025-01-13 00:55:00,Central,Medical,486,3,13,Severe,0,44,0,0,0,24.0,94.0,31.333333333333332
3468,2025-01-13 01:00:00,South,Police,444,2,29,Normal,0,19,1,0,0,44.0,87.0,29.0
3469,2025-01-13 01:05:00,North,Medical,867,3,22,Normal,0,25,1,0,0,19.0,88.0,29.333333333333332
3470,2025-01-13 01:10:00,North,Police,243,2,19,Normal,0,16,1,0,0,25.0,60.0,20.0
3471,2025-01-13 01:15:00,Central,Police,752,2,22,Normal,0,20,1,0,0,16.0,61.0,20.333333333333332
3472,2025-01-13 01:20:00,West,Police,445,2,19,Normal,0,18,1,0,0,20.0,54.0,18.0
3473,2025-01-13 01:25:00,Central,Police,459,2,22,Severe,0,49,1,0,0,18.0,87.0,29.0
3474,2025-01-13 01:30:00,Central,Medical,642,3,28,Normal,0,23,1,0,0,49.0,90.0,30.0
3475,2025-01-13 01:35:00,South,Police,707,2,25,Normal,0,22,1,0,0,23.0,94.0,31.333333333333332
3476,2025-01-13 01:40:00,East,Other,312,1,23,Normal,0,12,1,0,0,22.0,57.0,19.0
3477,2025-01-13 01:45:00,Central,Other,393,1,16,Severe,0,40,1,0,0,12.0,74.0,24.666666666666668
3478,2025-01-13 01:50:00,South,Police,715,2,29,Normal,0,11,1,0,0,40.0,63.0,21.0
3479,2025-01-13 01:55:00,West,Other,257,1,12,Normal,0,28,1,0,0,11.0,79.0,26.333333333333332
3480,2025-01-13 02:00:00,East,Other,211,1,14,Normal,0,23,2,0,0,28.0,62.0,20.666666666666668
3481,2025-01-13 02:05:00,East,Police,558,2,5,Normal,0,14,2,0,0,23.0,65.0,21.666666666666668
3482,2025-01-13 02:10:00,Central,Medical,372,3,18,Normal,0,16,2,0,0,14.0,53.0,17.666666666666668
3483,2025-01-13 02:15:00,Central,Medical,634,3,26,Normal,0,23,2,0,0,16.0,53.0,17.666666666666668
3484,2025-01-13 02:20:00,Central,Medical,660,3,5,Normal,0,18,2,0,0,23.0,57.0,19.0
3485,2025-01-13 02:25:00,North,Medical,894,3,22,Normal,0,19,2,0,0,18.0,60.0,20.0
3486,2025-01-13 02:30:00,East,Police,449,2,26,Normal,0,18,2,0,0,19.0,55.0,18.333333333333332
3487,2025-01-13 02:35:00,East,Police,345,2,15,Normal,0,20,2,0,0,18.0,57.0,19.0
3488,2025-01-13 02:40:00,East,Police,420,2,25,Normal,0,26,2,0,0,20.0,64.0,21.333333333333332
3489,2025-01-13 02:45:00,East,Police,782,2,15,Normal,0,17,2,0,0,26.0,63.0,21.0
3490,2025-01-13 02:50:00,North,Medical,532,3,29,Normal,0,19,2,0,0,17.0,62.0,20.666666666666668
3491,2025-01-13 02:55:00,Central,Medical,477,3,15,Normal,0,22,2,0,0,19.0,58.0,19.333333333333332
3492,2025-01-13 03:00:00,North,Police,252,2,16,Normal,0,22,3,0,0,22.0,63.0,21.0
3493,2025-01-13 03:05:00,North,Medical,829,3,10,Normal,0,19,3,0,0,22.0,63.0,21.0
3494,2025-01-13 03:10:00,North,Medical,628,3,10,Normal,0,22,3,0,0,19.0,63.0,21.0
3495,2025-01-13 03:15:00,West,Police,388,2,21,Normal,0,16,3,0,0,22.0,57.0,19.0
3496,2025-01-13 03:20:00,East,Police,734,2,8,Normal,0,22,3,0,0,16.0,60.0,20.0
3497,2025-01-13 03:25:00,North,Police,354,2,18,Normal,0,14,3,0,0,22.0,52.0,17.333333333333332
3498,2025-01-13 03:30:00,West,Medical,772,3,23,Severe,0,32,3,0,0,14.0,68.0,22.666666666666668
3499,2025-01-13 03:35:00,South,Medical,459,3,20,Normal,0,23,3,0,0,32.0,69.0,23.0
3500,2025-01-13 03:40:00,South,Police,308,2,21,Normal,0,15,3,0,0,23.0,70.0,23.333333333333332
3501,2025-01-13 03:45:00,Central,Medical,741,3,29,Normal,0,21,3,0,0,15.0,59.0,19.666666666666668
3502,2025-01-13 03:50:00,East,Fire,767,4,10,Normal,0,21,3,0,0,21.0,57.0,19.0
3503,2025-01-13 03:55:00,East,Medical,384,3,25,Normal,0,17,3,0,0,21.0,59.0,19.666666666666668
3504,2025-01-13 04:00:00,Central,Fire,1077,4,18,Normal,0,15,4,0,0,17.0,53.0,17.666666666666668
3505,2025-01-13 04:05:00,North,Police,673,2,16,Normal,0,25,4,0,0,15.0,57.0,19.0
3506,2025-01-13 04:10:00,East,Police,238,2,18,Normal,0,9,4,0,0,25.0,49.0,16.333333333333332
3507,2025-01-13 04:15:00,South,Other,391,1,18,Normal,1,33,4,0,0,9.0,67.0,22.333333333333332
3508,2025-01-13 04:20:00,East,Fire,1032,4,5,Normal,0,20,4,0,0,33.0,62.0,20.666666666666668
3509,2025-01-13 04:25:00,Central,Other,257,1,26,Normal,0,12,4,0,0,20.0,65.0,21.666666666666668
3510,2025-01-13 04:30:00,South,Police,214,2,23,Normal,0,17,4,0,0,12.0,49.0,16.333333333333332
3511,2025-01-13 04:35:00,South,Other,378,1,27,Normal,0,24,4,0,0,17.0,53.0,17.666666666666668
3512,2025-01-13 04:40:00,East,Police,466,2,12,Normal,0,19,4,0,0,24.0,60.0,20.0
3513,2025-01-13 04:45:00,North,Other,237,1,5,Normal,0,20,4,0,0,19.0,63.0,21.0
3514,2025-01-13 04:50:00,Central,Police,386,2,16,Normal,0,14,4,0,0,20.0,53.0,17.666666666666668
3515,2025-01-13 04:55:00,Central,Medical,602,3,6,Normal,0,25,4,0,0,14.0,59.0,19.666666666666668
3516,2025-01-13 05:00:00,West,Police,539,2,20,Severe,0,52,5,0,0,25.0,91.0,30.333333333333332
3517,2025-01-13 05:05:00,North,Medical,448,3,22,Normal,0,14,5,0,0,52.0,91.0,30.333333333333332
3518,2025-01-13 05:10:00,East,Other,234,1,26,Normal,0,24,5,0,0,14.0,90.0,30.0
3519,2025-01-13 05:15:00,North,Medical,569,3,26,Normal,0,20,5,0,0,24.0,58.0,19.333333333333332
3520,2025-01-13 05:20:00,Central,Other,241,1,10,Severe,0,35,5,0,0,20.0,79.0,26.333333333333332
3521,2025-01-13 05:25:00,Central,Other,365,1,15,Normal,0,17,5,0,0,35.0,72.0,24.0
3522,2025-01-13 05:30:00,North,Medical,443,3,28,Normal,0,17,5,0,0,17.0,69.0,23.0
3523,2025-01-13 05:35:00,East,Medical,892,3,27,Normal,0,23,5,0,0,17.0,57.0,19.0
3524,2025-01-13 05:40:00,North,Medical,615,3,16,Normal,0,20,5,0,0,23.0,60.0,20.0
3525,2025-01-13 05:45:00,North,Other,203,1,13,Normal,0,18,5,0,0,20.0,61.0,20.333333333333332
3526,2025-01-13 05:50:00,Central,Police,425,2,5,Normal,0,22,5,0,0,18.0,60.0,20.0
3527,2025-01-13 05:55:00,South,Medical,310,3,25,Normal,0,29,5,0,0,22.0,69.0,23.0
3528,2025-01-13 06:00:00,West,Medical,318,3,16,Normal,0,19,6,0,0,29.0,70.0,23.333333333333332
3529,2025-01-13 06:05:00,West,Police,289,2,17,Normal,0,25,6,0,0,19.0,73.0,24.333333333333332
3530,2025-01-13 06:10:00,West,Police,637,2,9,Normal,0,24,6,0,0,25.0,68.0,22.666666666666668
3531,2025-01-13 06:15:00,North,Medical,581,3,26,Normal,0,14,6,0,0,24.0,63.0,21.0
3532,2025-01-13 06:20:00,South,Medical,485,3,29,Normal,0,22,6,0,0,14.0,60.0,20.0
3533,2025-01-13 06:25:00,North,Medical,348,3,14,Normal,0,24,6,0,0,22.0,60.0,20.0
3534,2025-01-13 06:30:00,West,Medical,397,3,5,Normal,0,21,6,0,0,24.0,67.0,22.333333333333332
3535,2025-01-13 06:35:00,West,Medical,533,3,16,Normal,0,18,6,0,0,21.0,63.0,21.0
3536,2025-01-13 06:40:00,Central,Medical,495,3,6,Normal,0,13,6,0,0,18.0,52.0,17.333333333333332
3537,2025-01-13 06:45:00,Central,Fire,1096,4,26,Normal,1,35,6,0,0,13.0,66.0,22.0
3538,2025-01-13 06:50:00,West,Police,766,2,23,Normal,0,16,6,0,0,35.0,64.0,21.333333333333332
3539,2025-01-13 06:55:00,Central,Medical,455,3,24,Normal,0,20,6,0,0,16.0,71.0,23.666666666666668
3540,2025-01-13 07:00:00,East,Police,576,2,21,Severe,0,37,7,0,0,20.0,73.0,24.333333333333332
3541,2025-01-13 07:05:00,East,Other,259,1,5,Normal,0,21,7,0,0,37.0,78.0,26.0
3542,2025-01-13 07:10:00,North,Police,217,2,9,Normal,0,13,7,0,0,21.0,71.0,23.666666666666668
3543,2025-01-13 07:15:00,Central,Medical,585,3,9,Normal,0,20,7,0,0,13.0,54.0,18.0
3544,2025-01-13 07:20:00,Central,Police,356,2,15,Normal,1,42,7,0,0,20.0,75.0,25.0
3545,2025-01-13 07:25:00,North,Other,127,1,10,Normal,0,16,7,0,0,42.0,78.0,26.0
3546,2025-01-13 07:30:00,North,Medical,674,3,14,Severe,0,42,7,0,0,16.0,100.0,33.333333333333336
3547,2025-01-13 07:35:00,North,Medical,802,3,27,Normal,0,20,7,0,0,42.0,78.0,26.0
3548,2025-01-13 07:40:00,South,Other,211,1,14,Normal,0,18,7,0,0,20.0,80.0,26.666666666666668
3549,2025-01-13 07:45:00,West,Other,108,1,29,Normal,0,16,7,0,0,18.0,54.0,18.0
3550,2025-01-13 07:50:00,North,Other,255,1,8,Normal,0,11,7,0,0,16.0,45.0,15.0
3551,2025-01-13 07:55:00,West,Police,251,2,13,Normal,0,17,7,0,0,11.0,44.0,14.666666666666666
3552,2025-01-13 08:00:00,East,Medical,420,3,7,Severe,0,48,8,0,0,17.0,76.0,25.333333333333332
3553,2025-01-13 08:05:00,West,Police,390,2,20,Normal,0,33,8,0,0,48.0,98.0,32.666666666666664
3554,2025-01-13 08:10:00,East,Fire,1004,4,19,Normal,0,27,8,0,0,33.0,108.0,36.0
3555,2025-01-13 08:15:00,East,Police,716,2,5,Normal,0,32,8,0,0,27.0,92.0,30.666666666666668
3556,2025-01-13 08:20:00,West,Medical,310,3,22,Normal,0,23,8,0,0,32.0,82.0,27.333333333333332
3557,2025-01-13 08:25:00,West,Medical,818,3,8,Normal,0,41,8,0,0,23.0,96.0,32.0
3558,2025-01-13 08:30:00,South,Medical,842,3,5,Normal,0,30,8,0,0,41.0,94.0,31.333333333333332
3559,2025-01-13 08:35:00,North,Other,117,1,11,Normal,0,20,8,0,0,30.0,91.0,30.333333333333332
3560,2025-01-13 08:40:00,North,Medical,501,3,16,Normal,0,40,8,0,0,20.0,90.0,30.0
3561,2025-01-13 08:45:00,West,Medical,454,3,27,Normal,0,38,8,0,0,40.0,98.0,32.666666666666664
3562,2025-01-13 08:50:00,Central,Medical,627,3,22,Normal,0,32,8,0,0,38.0,110.0,36.666666666666664
3563,2025-01-13 08:55:00,South,Medical,820,3,22,Normal,0,25,8,0,0,32.0,95.0,31.666666666666668
3564,2025-01-13 09:00:00,Central,Medical,874,3,16,Normal,0,13,9,0,0,25.0,70.0,23.333333333333332
3565,2025-01-13 09:05:00,South,Medical,714,3,6,Normal,0,40,9,0,0,13.0,78.0,26.0
3566,2025-01-13 09:10:00,Central,Other,178,1,7,Normal,1,37,9,0,0,40.0,90.0,30.0
3567,2025-01-13 09:15:00,South,Other,209,1,19,Normal,0,32,9,0,0,37.0,109.0,36.333333333333336
3568,2025-01-13 09:20:00,East,Police,757,2,18,Normal,0,33,9,0,0,32.0,102.0,34.0
3569,2025-01-13 09:25:00,South,Medical,622,3,7,Normal,0,28,9,0,0,33.0,93.0,31.0
3570,2025-01-13 09:30:00,East,Police,724,2,13,Normal,0,27,9,0,0,28.0,88.0,29.333333333333332
3571,2025-01-13 09:35:00,West,Other,324,1,19,Normal,0,35,9,0,0,27.0,90.0,30.0
3572,2025-01-13 09:40:00,West,Medical,340,3,8,Normal,0,30,9,0,0,35.0,92.0,30.666666666666668
3573,2025-01-13 09:45:00,North,Medical,772,3,17,Normal,0,20,9,0,0,30.0,85.0,28.333333333333332
3574,2025-01-13 09:50:00,South,Police,373,2,11,Normal,0,30,9,0,0,20.0,80.0,26.666666666666668
3575,2025-01-13 09:55:00,Central,Medical,520,3,22,Normal,1,47,9,0,0,30.0,97.0,32.333333333333336
3576,2025-01-13 10:00:00,East,Other,260,1,25,Normal,0,22,10,0,0,47.0,99.0,33.0
3577,2025-01-13 10:05:00,North,Medical,533,3,12,Normal,0,21,10,0,0,22.0,90.0,30.0
3578,2025-01-13 10:10:00,East,Other,269,1,6,Normal,0,21,10,0,0,21.0,64.0,21.333333333333332
3579,2025-01-13 10:15:00,West,Other,132,1,28,Normal,0,15,10,0,0,21.0,57.0,19.0
3580,2025-01-13 10:20:00,North,Medical,720,3,9,Normal,0,25,10,0,0,15.0,61.0,20.333333333333332
3581,2025-01-13 10:25:00,East,Other,326,1,12,Normal,0,15,10,0,0,25.0,55.0,18.333333333333332
3582,2025-01-13 10:30:00,West,Police,293,2,19,Severe,0,45,10,0,0,15.0,85.0,28.333333333333332
3583,2025-01-13 10:35:00,South,Medical,669,3,24,Normal,0,22,10,0,0,45.0,82.0,27.333333333333332
3584,2025-01-13 10:40:00,South,Police,449,2,27,Severe,0,35,10,0,0,22.0,102.0,34.0
3585,2025-01-13 10:45:00,North,Fire,529,4,28,Normal,0,22,10,0,0,35.0,79.0,26.333333333333332
3586,2025-01-13 10:50:00,Central,Other,128,1,20,Normal,0,16,10,0,0,22.0,73.0,24.333333333333332
3587,2025-01-13 10:55:00,North,Medical,493,3,12,Normal,0,18,10,0,0,16.0,56.0,18.666666666666668
3588,2025-01-13 11:00:00,Central,Fire,973,4,6,Normal,0,24,11,0,0,18.0,58.0,19.333333333333332
3589,2025-01-13 11:05:00,South,Medical,886,3,9,Severe,1,58,11,0,0,24.0,100.0,33.333333333333336
3590,2025-01-13 11:10:00,South,Medical,694,3,5,Normal,0,18,11,0,0,58.0,100.0,33.333333333333336
3591,2025-01-13 11:15:00,East,Other,336,1,12,Normal,0,18,11,0,0,18.0,94.0,31.333333333333332
3592,2025-01-13 11:20:00,Central,Other,331,1,24,Normal,0,17,11,0,0,18.0,53.0,17.666666666666668
3593,2025-01-13 11:25:00,West,Medical,621,3,22,Normal,0,21,11,0,0,17.0,56.0,18.666666666666668
3594,2025-01-13 11:30:00,Central,Other,369,1,12,Severe,0,34,11,0,0,21.0,72.0,24.0
3595,2025-01-13 11:35:00,Central,Other,176,1,26,Normal,0,16,11,0,0,34.0,71.0,23.666666666666668
3596,2025-01-13 11:40:00,West,Medical,733,3,11,Normal,0,15,11,0,0,16.0,65.0,21.666666666666668
3597,2025-01-13 11:45:00,South,Medical,381,3,19,Normal,0,17,11,0,0,15.0,48.0,16.0
3598,2025-01-13 11:50:00,East,Fire,839,4,22,Normal,0,27,11,0,0,17.0,59.0,19.666666666666668
3599,2025-01-13 11:55:00,Central,Fire,1147,4,19,Normal,0,24,11,0,0,27.0,68.0,22.666666666666668
3600,2025-01-13 12:00:00,West,Medical,565,3,26,Normal,1,39,12,0,0,24.0,90.0,30.0
3601,2025-01-13 12:05:00,South,Police,241,2,25,Normal,0,24,12,0,0,39.0,87.0,29.0
3602,2025-01-13 12:10:00,West,Police,409,2,15,Normal,0,25,12,0,0,24.0,88.0,29.333333333333332
3603,2025-01-13 12:15:00,East,Medical,303,3,27,Normal,0,21,12,0,0,25.0,70.0,23.333333333333332
3604,2025-01-13 12:20:00,Central,Fire,681,4,28,Normal,0,22,12,0,0,21.0,68.0,22.666666666666668
3605,2025-01-13 12:25:00,Central,Fire,1143,4,17,Normal,0,18,12,0,0,22.0,61.0,20.333333333333332
3606,2025-01-13 12:30:00,North,Medical,670,3,16,Normal,0,20,12,0,0,18.0,60.0,20.0
3607,2025-01-13 12:35:00,West,Fire,464,4,26,Normal,0,18,12,0,0,20.0,56.0,18.666666666666668
3608,2025-01-13 12:40:00,South,Medical,882,3,29,Normal,0,22,12,0,0,18.0,60.0,20.0
3609,2025-01-13 12:45:00,Central,Fire,454,4,22,Normal,0,20,12,0,0,22.0,60.0,20.0
3610,2025-01-13 12:50:00,East,Fire,917,4,24,Normal,0,21,12,0,0,20.0,63.0,21.0
3611,2025-01-13 12:55:00,West,Police,446,2,28,Normal,0,22,12,0,0,21.0,63.0,21.0
3612,2025-01-13 13:00:00,East,Police,751,2,26,Severe,0,40,13,0,0,22.0,83.0,27.666666666666668
3613,2025-01-13 13:05:00,South,Police,410,2,15,Normal,0,23,13,0,0,40.0,85.0,28.333333333333332
3614,2025-01-13 13:10:00,South,Medical,797,3,12,Normal,0,25,13,0,0,23.0,88.0,29.333333333333332
3615,2025-01-13 13:15:00,South,Medical,616,3,11,Normal,0,26,13,0,0,25.0,74.0,24.666666666666668
3616,2025-01-13 13:20:00,East,Police,754,2,26,Normal,0,13,13,0,0,26.0,64.0,21.333333333333332
3617,2025-01-13 13:25:00,West,Police,305,2,9,Normal,0,18,13,0,0,13.0,57.0,19.0
3618,2025-01-13 13:30:00,West,Other,217,1,22,Normal,0,25,13,0,0,18.0,56.0,18.666666666666668
3619,2025-01-13 13:35:00,Central,Medical,538,3,23,Normal,0,15,13,0,0,25.0,58.0,19.333333333333332
3620,2025-01-13 13:40:00,North,Police,307,2,24,Normal,0,19,13,0,0,15.0,59.0,19.666666666666668
3621,2025-01-13 13:45:00,South,Police,495,2,5,Normal,0,19,13,0,0,19.0,53.0,17.666666666666668
3622,2025-01-13 13:50:00,North,Medical,798,3,6,Normal,0,17,13,0,0,19.0,55.0,18.333333333333332
3623,2025-01-13 13:55:00,North,Fire,1078,4,22,Normal,0,23,13,0,0,17.0,59.0,19.666666666666668
3624,2025-01-13 14:00:00,West,Medical,756,3,17,Normal,0,25,14,0,0,23.0,65.0,21.666666666666668
3625,2025-01-13 14:05:00,West,Medical,883,3,27,Normal,0,17,14,0,0,25.0,65.0,21.666666666666668
3626,2025-01-13 14:10:00,North,Police,306,2,28,Severe,0,37,14,0,0,17.0,79.0,26.333333333333332
3627,2025-01-13 14:15:00,South,Medical,645,3,5,Normal,0,13,14,0,0,37.0,67.0,22.333333333333332
3628,2025-01-13 14:20:00,West,Police,532,2,25,Severe,0,40,14,0,0,13.0,90.0,30.0
3629,2025-01-13 14:25:00,South,Other,256,1,5,Normal,0,13,14,0,0,40.0,66.0,22.0
3630,2025-01-13 14:30:00,West,Police,792,2,10,Normal,0,19,14,0,0,13.0,72.0,24.0
3631,2025-01-13 14:35:00,West,Police,445,2,18,Severe,0,39,14,0,0,19.0,71.0,23.666666666666668
3632,2025-01-13 14:40:00,West,Other,182,1,14,Normal,0,25,14,0,0,39.0,83.0,27.666666666666668
3633,2025-01-13 14:45:00,East,Medical,565,3,10,Normal,0,18,14,0,0,25.0,82.0,27.333333333333332
3634,2025-01-13 14:50:00,East,Medical,371,3,9,Severe,0,30,14,0,0,18.0,73.0,24.333333333333332
3635,2025-01-13 14:55:00,South,Fire,1166,4,27,Normal,0,16,14,0,0,30.0,64.0,21.333333333333332
3636,2025-01-13 15:00:00,West,Police,796,2,13,Normal,0,26,15,0,0,16.0,72.0,24.0
3637,2025-01-13 15:05:00,West,Other,365,1,27,Normal,0,25,15,0,0,26.0,67.0,22.333333333333332
3638,2025-01-13 15:10:00,West,Police,697,2,29,Normal,0,17,15,0,0,25.0,68.0,22.666666666666668
3639,2025-01-13 15:15:00,South,Police,796,2,16,Normal,0,20,15,0,0,17.0,62.0,20.666666666666668
3640,2025-01-13 15:20:00,West,Police,281,2,16,Severe,0,49,15,0,0,20.0,86.0,28.666666666666668
3641,2025-01-13 15:25:00,South,Police,271,2,5,Normal,0,18,15,0,0,49.0,87.0,29.0
3642,2025-01-13 15:30:00,Central,Medical,521,3,28,Normal,0,23,15,0,0,18.0,90.0,30.0
3643,2025-01-13 15:35:00,Central,Medical,405,3,27,Normal,0,17,15,0,0,23.0,58.0,19.333333333333332
3644,2025-01-13 15:40:00,South,Other,324,1,9,Normal,0,20,15,0,0,17.0,60.0,20.0
3645,2025-01-13 15:45:00,Central,Other,330,1,20,Normal,0,19,15,0,0,20.0,56.0,18.666666666666668
3646,2025-01-13 15:50:00,South,Police,371,2,29,Normal,0,22,15,0,0,19.0,61.0,20.333333333333332
3647,2025-01-13 15:55:00,North,Medical,729,3,29,Normal,0,24,15,0,0,22.0,65.0,21.666666666666668
3648,2025-01-13 16:00:00,North,Other,264,1,17,Severe,0,43,16,0,0,24.0,89.0,29.666666666666668
3649,2025-01-13 16:05:00,West,Other,359,1,7,Severe,0,43,16,0,0,43.0,110.0,36.666666666666664
3650,2025-01-13 16:10:00,West,Police,275,2,24,Normal,0,30,16,0,0,43.0,116.0,38.666666666666664
3651,2025-01-13 16:15:00,Central,Medical,397,3,13,Normal,0,18,16,0,0,30.0,91.0,30.333333333333332
3652,2025-01-13 16:20:00,East,Police,427,2,6,Normal,0,15,16,0,0,18.0,63.0,21.0
3653,2025-01-13 16:25:00,West,Police,500,2,26,Normal,1,33,16,0,0,15.0,66.0,22.0
3654,2025-01-13 16:30:00,South,Fire,629,4,8,Normal,0,18,16,0,0,33.0,66.0,22.0
3655,2025-01-13 16:35:00,East,Fire,971,4,17,Severe,1,61,16,0,0,18.0,112.0,37.333333333333336
3656,2025-01-13 16:40:00,South,Medical,874,3,28,Severe,0,43,16,0,0,61.0,122.0,40.666666666666664
3657,2025-01-13 16:45:00,West,Medical,424,3,13,Normal,0,23,16,0,0,43.0,127.0,42.333333333333336
3658,2025-01-13 16:50:00,Central,Medical,482,3,29,Normal,0,20,16,0,0,23.0,86.0,28.666666666666668
3659,2025-01-13 16:55:00,Central,Medical,325,3,23,Normal,0,20,16,0,0,20.0,63.0,21.0
3660,2025-01-13 17:00:00,South,Medical,706,3,17,Severe,0,30,17,0,0,20.0,70.0,23.333333333333332
3661,2025-01-13 17:05:00,North,Fire,840,4,8,Normal,0,18,17,0,0,30.0,68.0,22.666666666666668
3662,2025-01-13 17:10:00,North,Medical,840,3,23,Normal,0,15,17,0,0,18.0,63.0,21.0
3663,2025-01-13 17:15:00,South,Medical,521,3,5,Normal,0,19,17,0,0,15.0,52.0,17.333333333333332
3664,2025-01-13 17:20:00,North,Police,227,2,5,Normal,0,13,17,0,0,19.0,47.0,15.666666666666666
3665,2025-01-13 17:25:00,West,Medical,565,3,29,Normal,0,19,17,0,0,13.0,51.0,17.0
3666,2025-01-13 17:30:00,West,Medical,470,3,28,Normal,1,30,17,0,0,19.0,62.0,20.666666666666668
3667,2025-01-13 17:35:00,West,Medical,771,3,9,Normal,0,19,17,0,0,30.0,68.0,22.666666666666668
3668,2025-01-13 17:40:00,West,Police,481,2,8,Normal,0,15,17,0,0,19.0,64.0,21.333333333333332
3669,2025-01-13 17:45:00,East,Medical,824,3,18,Normal,0,25,17,0,0,15.0,59.0,19.666666666666668
3670,2025-01-13 17:50:00,West,Medical,761,3,23,Normal,0,17,17,0,0,25.0,57.0,19.0
3671,2025-01-13 17:55:00,South,Other,178,1,26,Severe,0,51,17,0,0,17.0,93.0,31.0
3672,2025-01-13 18:00:00,Central,Fire,1011,4,26,Normal,0,18,18,0,0,51.0,86.0,28.666666666666668
3673,2025-01-13 18:05:00,East,Medical,642,3,26,Normal,0,33,18,0,0,18.0,102.0,34.0
3674,2025-01-13 18:10:00,West,Medical,749,3,9,Normal,0,29,18,0,0,33.0,80.0,26.666666666666668
3675,2025-01-13 18:15:00,South,Police,252,2,16,Severe,0,44,18,0,0,29.0,106.0,35.333333333333336
3676,2025-01-13 18:20:00,East,Police,740,2,7,Normal,0,33,18,0,0,44.0,106.0,35.333333333333336
3677,2025-01-13 18:25:00,Central,Police,380,2,16,Normal,1,42,18,0,0,33.0,119.0,39.666666666666664
3678,2025-01-13 18:30:00,West,Other,142,1,20,Normal,0,26,18,0,0,42.0,101.0,33.666666666666664
3679,2025-01-13 18:35:00,Central,Fire,775,4,6,Normal,0,31,18,0,0,26.0,99.0,33.0
3680,2025-01-13 18:40:00,West,Police,614,2,24,Normal,0,33,18,0,0,31.0,90.0,30.0
3681,2025-01-13 18:45:00,West,Police,667,2,13,Normal,0,41,18,0,0,33.0,105.0,35.0
3682,2025-01-13 18:50:00,East,Fire,668,4,26,Normal,0,44,18,0,0,41.0,118.0,39.333333333333336
3683,2025-01-13 18:55:00,West,Medical,374,3,24,Normal,0,26,18,0,0,44.0,111.0,37.0
3684,2025-01-13 19:00:00,East,Other,310,1,12,Normal,0,38,19,0,0,26.0,108.0,36.0
3685,2025-01-13 19:05:00,North,Medical,862,3,21,Normal,0,45,19,0,0,38.0,109.0,36.333333333333336
3686,2025-01-13 19:10:00,Central,Police,791,2,12,Severe,0,63,19,0,0,45.0,146.0,48.666666666666664
3687,2025-01-13 19:15:00,East,Other,199,1,28,Normal,0,27,19,0,0,63.0,135.0,45.0
3688,2025-01-13 19:20:00,Central,Medical,582,3,6,Normal,0,22,19,0,0,27.0,112.0,37.333333333333336
3689,2025-01-13 19:25:00,North,Medical,476,3,8,Normal,0,22,19,0,0,22.0,71.0,23.666666666666668
3690,2025-01-13 19:30:00,Central,Police,567,2,15,Normal,1,45,19,0,0,22.0,89.0,29.666666666666668
3691,2025-01-13 19:35:00,West,Medical,441,3,28,Normal,1,44,19,0,0,45.0,111.0,37.0
3692,2025-01-13 19:40:00,North,Medical,703,3,20,Normal,0,32,19,0,0,44.0,121.0,40.333333333333336
3693,2025-01-13 19:45:00,West,Police,257,2,26,Normal,0,28,19,0,0,32.0,104.0,34.666666666666664
3694,2025-01-13 19:50:00,East,Police,292,2,5,Normal,0,36,19,0,0,28.0,96.0,32.0
3695,2025-01-13 19:55:00,East,Other,252,1,15,Severe,0,52,19,0,0,36.0,116.0,38.666666666666664
3696,2025-01-13 20:00:00,South,Police,538,2,19,Normal,0,20,20,0,0,52.0,108.0,36.0
3697,2025-01-13 20:05:00,North,Police,711,2,11,Normal,0,22,20,0,0,20.0,94.0,31.333333333333332
3698,2025-01-13 20:10:00,West,Other,158,1,15,Normal,0,28,20,0,0,22.0,70.0,23.333333333333332
3699,2025-01-13 20:15:00,Central,Police,326,2,8,Normal,0,27,20,0,0,28.0,77.0,25.666666666666668
3700,2025-01-13 20:20:00,East,Medical,498,3,12,Normal,0,21,20,0,0,27.0,76.0,25.333333333333332
3701,2025-01-13 20:25:00,North,Fire,607,4,9,Normal,0,25,20,0,0,21.0,73.0,24.333333333333332
3702,2025-01-13 20:30:00,East,Medical,508,3,7,Normal,0,29,20,0,0,25.0,75.0,25.0
3703,2025-01-13 20:35:00,North,Police,472,2,7,Normal,0,26,20,0,0,29.0,80.0,26.666666666666668
3704,2025-01-13 20:40:00,Central,Other,248,1,23,Normal,0,25,20,0,0,26.0,80.0,26.666666666666668
3705,2025-01-13 20:45:00,North,Police,608,2,11,Normal,0,29,20,0,0,25.0,80.0,26.666666666666668
3706,2025-01-13 20:50:00,Central,Medical,377,3,29,Normal,0,42,20,0,0,29.0,96.0,32.0
3707,2025-01-13 20:55:00,Central,Police,546,2,26,Normal,0,31,20,0,0,42.0,102.0,34.0
3708,2025-01-13 21:00:00,North,Medical,513,3,19,Normal,0,19,21,0,0,31.0,92.0,30.666666666666668
3709,2025-01-13 21:05:00,Central,Fire,431,4,15,Normal,0,18,21,0,0,19.0,68.0,22.666666666666668
3710,2025-01-13 21:10:00,East,Medical,429,3,15,Normal,0,21,21,0,0,18.0,58.0,19.333333333333332
3711,2025-01-13 21:15:00,West,Medical,659,3,7,Normal,0,16,21,0,0,21.0,55.0,18.333333333333332
3712,2025-01-13 21:20:00,South,Medical,548,3,25,Normal,0,17,21,0,0,16.0,54.0,18.0
3713,2025-01-13 21:25:00,West,Other,146,1,17,Normal,0,25,21,0,0,17.0,58.0,19.333333333333332
3714,2025-01-13 21:30:00,North,Police,695,2,14,Normal,0,21,21,0,0,25.0,63.0,21.0
3715,2025-01-13 21:35:00,North,Medical,751,3,24,Normal,0,12,21,0,0,21.0,58.0,19.333333333333332
3716,2025-01-13 21:40:00,South,Other,204,1,6,Normal,0,25,21,0,0,12.0,58.0,19.333333333333332
3717,2025-01-13 21:45:00,West,Fire,1097,4,17,Normal,0,19,21,0,0,25.0,56.0,18.666666666666668
3718,2025-01-13 21:50:00,East,Medical,882,3,17,Normal,0,24,21,0,0,19.0,68.0,22.666666666666668
3719,2025-01-13 21:55:00,West,Other,351,1,11,Normal,0,21,21,0,0,24.0,64.0,21.333333333333332
3720,2025-01-13 22:00:00,South,Other,206,1,29,Normal,0,20,22,0,0,21.0,65.0,21.666666666666668
3721,2025-01-13 22:05:00,Central,Other,243,1,15,Normal,0,25,22,0,0,20.0,66.0,22.0
3722,2025-01-13 22:10:00,West,Police,367,2,7,Normal,0,19,22,0,0,25.0,64.0,21.333333333333332
3723,2025-01-13 22:15:00,North,Other,373,1,26,Severe,0,26,22,0,0,19.0,70.0,23.333333333333332
3724,2025-01-13 22:20:00,West,Medical,549,3,5,Normal,0,14,22,0,0,26.0,59.0,19.666666666666668
3725,2025-01-13 22:25:00,North,Other,308,1,23,Normal,0,21,22,0,0,14.0,61.0,20.333333333333332
3726,2025-01-13 22:30:00,Central,Medical,679,3,11,Normal,0,24,22,0,0,21.0,59.0,19.666666666666668
3727,2025-01-13 22:35:00,Central,Police,459,2,10,Normal,0,24,22,0,0,24.0,69.0,23.0
3728,2025-01-13 22:40:00,Central,Police,730,2,27,Normal,1,48,22,0,0,24.0,96.0,32.0
3729,2025-01-13 22:45:00,Central,Medical,619,3,29,Normal,0,12,22,0,0,48.0,84.0,28.0
3730,2025-01-13 22:50:00,East,Medical,527,3,25,Normal,0,19,22,0,0,12.0,79.0,26.333333333333332
3731,2025-01-13 22:55:00,Central,Medical,686,3,11,Normal,0,21,22,0,0,19.0,52.0,17.333333333333332
3732,2025-01-13 23:00:00,East,Police,526,2,28,Normal,0,26,23,0,0,21.0,66.0,22.0
3733,2025-01-13 23:05:00,South,Medical,888,3,8,Normal,0,16,23,0,0,26.0,63.0,21.0
3734,2025-01-13 23:10:00,West,Other,328,1,29,Normal,0,23,23,0,0,16.0,65.0,21.666666666666668
3735,2025-01-13 23:15:00,Central,Police,675,2,28,Normal,1,35,23,0,0,23.0,74.0,24.666666666666668
3736,2025-01-13 23:20:00,South,Fire,638,4,22,Normal,0,24,23,0,0,35.0,82.0,27.333333333333332
3737,2025-01-13 23:25:00,South,Police,785,2,16,Normal,0,24,23,0,0,24.0,83.0,27.666666666666668
3738,2025-01-13 23:30:00,North,Fire,613,4,16,Normal,0,21,23,0,0,24.0,69.0,23.0
3739,2025-01-13 23:35:00,South,Other,186,1,8,Normal,0,14,23,0,0,21.0,59.0,19.666666666666668
3740,2025-01-13 23:40:00,East,Fire,590,4,6,Normal,0,17,23,0,0,14.0,52.0,17.333333333333332
3741,2025-01-13 23:45:00,West,Medical,368,3,27,Normal,1,35,23,0,0,17.0,66.0,22.0
3742,2025-01-13 23:50:00,East,Other,396,1,10,Normal,0,18,23,0,0,35.0,70.0,23.333333333333332
3743,2025-01-13 23:55:00,West,Medical,643,3,28,Normal,1,29,23,0,0,18.0,82.0,27.333333333333332
3744,2025-01-14 00:00:00,West,Police,398,2,18,Normal,0,23,0,1,0,29.0,70.0,23.333333333333332
3745,2025-01-14 00:05:00,North,Medical,528,3,14,Normal,0,15,0,1,0,23.0,67.0,22.333333333333332
3746,2025-01-14 00:10:00,West,Medical,777,3,28,Normal,0,18,0,1,0,15.0,56.0,18.666666666666668
3747,2025-01-14 00:15:00,South,Police,745,2,27,Normal,0,17,0,1,0,18.0,50.0,16.666666666666668
3748,2025-01-14 00:20:00,North,Other,310,1,21,Normal,0,14,0,1,0,17.0,49.0,16.333333333333332
3749,2025-01-14 00:25:00,West,Other,326,1,5,Normal,0,26,0,1,0,14.0,57.0,19.0
3750,2025-01-14 00:30:00,South,Other,238,1,11,Normal,0,18,0,1,0,26.0,58.0,19.333333333333332
3751,2025-01-14 00:35:00,North,Medical,871,3,15,Normal,0,20,0,1,0,18.0,64.0,21.333333333333332
3752,2025-01-14 00:40:00,South,Police,456,2,26,Normal,0,17,0,1,0,20.0,55.0,18.333333333333332
3753,2025-01-14 00:45:00,Central,Medical,300,3,19,Normal,0,19,0,1,0,17.0,56.0,18.666666666666668
3754,2025-01-14 00:50:00,East,Medical,723,3,6,Normal,0,25,0,1,0,19.0,61.0,20.333333333333332
3755,2025-01-14 00:55:00,North,Police,741,2,27,Normal,0,24,0,1,0,25.0,68.0,22.666666666666668
3756,2025-01-14 01:00:00,Central,Medical,826,3,15,Normal,0,18,1,1,0,24.0,67.0,22.333333333333332
3757,2025-01-14 01:05:00,West,Medical,814,3,23,Normal,0,18,1,1,0,18.0,60.0,20.0
3758,2025-01-14 01:10:00,West,Other,157,1,21,Normal,0,19,1,1,0,18.0,55.0,18.333333333333332
3759,2025-01-14 01:15:00,East,Fire,507,4,5,Normal,0,17,1,1,0,19.0,54.0,18.0
3760,2025-01-14 01:20:00,East,Medical,628,3,21,Normal,1,37,1,1,0,17.0,73.0,24.333333333333332
3761,2025-01-14 01:25:00,North,Other,248,1,18,Normal,0,18,1,1,0,37.0,72.0,24.0
3762,2025-01-14 01:30:00,South,Police,587,2,16,Normal,0,19,1,1,0,18.0,74.0,24.666666666666668
3763,2025-01-14 01:35:00,North,Medical,533,3,6,Normal,0,22,1,1,0,19.0,59.0,19.666666666666668
3764,2025-01-14 01:40:00,North,Medical,428,3,26,Normal,0,16,1,1,0,22.0,57.0,19.0
3765,2025-01-14 01:45:00,North,Fire,780,4,24,Normal,0,22,1,1,0,16.0,60.0,20.0
3766,2025-01-14 01:50:00,Central,Police,578,2,26,Normal,0,14,1,1,0,22.0,52.0,17.333333333333332
3767,2025-01-14 01:55:00,East,Medical,409,3,27,Normal,0,29,1,1,0,14.0,65.0,21.666666666666668
3768,2025-01-14 02:00:00,West,Medical,620,3,19,Normal,0,18,2,1,0,29.0,61.0,20.333333333333332
3769,2025-01-14 02:05:00,Central,Medical,391,3,14,Severe,0,38,2,1,0,18.0,85.0,28.333333333333332
3770,2025-01-14 02:10:00,East,Police,579,2,28,Normal,0,17,2,1,0,38.0,73.0,24.333333333333332
3771,2025-01-14 02:15:00,West,Police,371,2,29,Normal,0,16,2,1,0,17.0,71.0,23.666666666666668
3772,2025-01-14 02:20:00,South,Police,570,2,28,Normal,0,18,2,1,0,16.0,51.0,17.0
3773,2025-01-14 02:25:00,South,Medical,635,3,7,Normal,1,32,2,1,0,18.0,66.0,22.0
3774,2025-01-14 02:30:00,East,Fire,757,4,16,Normal,0,19,2,1,0,32.0,69.0,23.0
3775,2025-01-14 02:35:00,West,Medical,470,3,14,Normal,0,17,2,1,0,19.0,68.0,22.666666666666668
3776,2025-01-14 02:40:00,South,Police,229,2,9,Normal,0,23,2,1,0,17.0,59.0,19.666666666666668
3777,2025-01-14 02:45:00,West,Fire,1148,4,21,Normal,0,22,2,1,0,23.0,62.0,20.666666666666668
3778,2025-01-14 02:50:00,Central,Fire,943,4,25,Normal,0,15,2,1,0,22.0,60.0,20.0
3779,2025-01-14 02:55:00,East,Medical,563,3,16,Normal,0,17,2,1,0,15.0,54.0,18.0
3780,2025-01-14 03:00:00,East,Other,283,1,29,Normal,0,32,3,1,0,17.0,64.0,21.333333333333332
3781,2025-01-14 03:05:00,South,Police,289,2,27,Normal,0,20,3,1,0,32.0,69.0,23.0
3782,2025-01-14 03:10:00,North,Medical,782,3,26,Normal,0,13,3,1,0,20.0,65.0,21.666666666666668
3783,2025-01-14 03:15:00,West,Police,305,2,28,Severe,0,39,3,1,0,13.0,72.0,24.0
3784,2025-01-14 03:20:00,East,Medical,646,3,16,Severe,0,36,3,1,0,39.0,88.0,29.333333333333332
3785,2025-01-14 03:25:00,East,Medical,445,3,9,Normal,0,21,3,1,0,36.0,96.0,32.0
3786,2025-01-14 03:30:00,South,Medical,563,3,24,Normal,0,20,3,1,0,21.0,77.0,25.666666666666668
3787,2025-01-14 03:35:00,South,Police,353,2,27,Normal,0,25,3,1,0,20.0,66.0,22.0
3788,2025-01-14 03:40:00,South,Fire,996,4,11,Normal,0,18,3,1,0,25.0,63.0,21.0
3789,2025-01-14 03:45:00,South,Fire,1147,4,16,Normal,0,20,3,1,0,18.0,63.0,21.0
3790,2025-01-14 03:50:00,East,Police,265,2,11,Normal,0,22,3,1,0,20.0,60.0,20.0
3791,2025-01-14 03:55:00,South,Police,667,2,8,Normal,0,20,3,1,0,22.0,62.0,20.666666666666668
3792,2025-01-14 04:00:00,Central,Other,217,1,12,Normal,0,20,4,1,0,20.0,62.0,20.666666666666668
3793,2025-01-14 04:05:00,Central,Other,219,1,5,Normal,0,13,4,1,0,20.0,53.0,17.666666666666668
3794,2025-01-14 04:10:00,West,Fire,933,4,28,Normal,0,23,4,1,0,13.0,56.0,18.666666666666668
3795,2025-01-14 04:15:00,South,Medical,862,3,12,Normal,0,25,4,1,0,23.0,61.0,20.333333333333332
3796,2025-01-14 04:20:00,North,Medical,743,3,11,Normal,0,14,4,1,0,25.0,62.0,20.666666666666668
3797,2025-01-14 04:25:00,East,Other,384,1,9,Normal,0,26,4,1,0,14.0,65.0,21.666666666666668
3798,2025-01-14 04:30:00,North,Medical,668,3,9,Normal,0,21,4,1,0,26.0,61.0,20.333333333333332
3799,2025-01-14 04:35:00,Central,Other,302,1,27,Normal,0,26,4,1,0,21.0,73.0,24.333333333333332
3800,2025-01-14 04:40:00,South,Police,559,2,17,Normal,0,20,4,1,0,26.0,67.0,22.333333333333332
3801,2025-01-14 04:45:00,North,Other,318,1,19,Normal,0,18,4,1,0,20.0,64.0,21.333333333333332
3802,2025-01-14 04:50:00,East,Fire,467,4,11,Normal,0,16,4,1,0,18.0,54.0,18.0
3803,2025-01-14 04:55:00,West,Police,657,2,15,Normal,0,13,4,1,0,16.0,47.0,15.666666666666666
3804,2025-01-14 05:00:00,West,Medical,554,3,7,Normal,0,18,5,1,0,13.0,47.0,15.666666666666666
3805,2025-01-14 05:05:00,West,Other,279,1,11,Normal,1,36,5,1,0,18.0,67.0,22.333333333333332
3806,2025-01-14 05:10:00,Central,Medical,807,3,29,Normal,0,18,5,1,0,36.0,72.0,24.0
3807,2025-01-14 05:15:00,West,Medical,520,3,6,Severe,0,37,5,1,0,18.0,91.0,30.333333333333332
3808,2025-01-14 05:20:00,East,Medical,729,3,23,Normal,0,16,5,1,0,37.0,71.0,23.666666666666668
3809,2025-01-14 05:25:00,South,Other,117,1,29,Normal,0,21,5,1,0,16.0,74.0,24.666666666666668
3810,2025-01-14 05:30:00,West,Medical,628,3,12,Normal,0,18,5,1,0,21.0,55.0,18.333333333333332
3811,2025-01-14 05:35:00,Central,Other,161,1,18,Normal,0,25,5,1,0,18.0,64.0,21.333333333333332
3812,2025-01-14 05:40:00,South,Police,407,2,11,Normal,0,17,5,1,0,25.0,60.0,20.0
3813,2025-01-14 05:45:00,South,Medical,546,3,6,Normal,0,33,5,1,0,17.0,75.0,25.0
3814,2025-01-14 05:50:00,Central,Medical,360,3,21,Normal,0,16,5,1,0,33.0,66.0,22.0
3815,2025-01-14 05:55:00,West,Medical,389,3,15,Normal,0,21,5,1,0,16.0,70.0,23.333333333333332
3816,2025-01-14 06:00:00,West,Medical,337,3,13,Normal,0,15,6,1,0,21.0,52.0,17.333333333333332
3817,2025-01-14 06:05:00,South,Police,370,2,9,Normal,0,21,6,1,0,15.0,57.0,19.0
3818,2025-01-14 06:10:00,East,Police,685,2,19,Normal,1,35,6,1,0,21.0,71.0,23.666666666666668
3819,2025-01-14 06:15:00,North,Police,285,2,12,Normal,0,20,6,1,0,35.0,76.0,25.333333333333332
3820,2025-01-14 06:20:00,South,Other,284,1,9,Normal,0,21,6,1,0,20.0,76.0,25.333333333333332
3821,2025-01-14 06:25:00,North,Medical,329,3,21,Normal,0,21,6,1,0,21.0,62.0,20.666666666666668
3822,2025-01-14 06:30:00,West,Medical,457,3,11,Normal,0,26,6,1,0,21.0,68.0,22.666666666666668
3823,2025-01-14 06:35:00,North,Other,205,1,15,Normal,0,23,6,1,0,26.0,70.0,23.333333333333332
3824,2025-01-14 06:40:00,West,Medical,596,3,20,Normal,0,15,6,1,0,23.0,64.0,21.333333333333332
3825,2025-01-14 06:45:00,East,Police,461,2,12,Normal,0,13,6,1,0,15.0,51.0,17.0
3826,2025-01-14 06:50:00,South,Medical,838,3,25,Normal,0,18,6,1,0,13.0,46.0,15.333333333333334
3827,2025-01-14 06:55:00,West,Police,564,2,28,Severe,0,42,6,1,0,18.0,73.0,24.333333333333332
3828,2025-01-14 07:00:00,Central,Other,124,1,11,Normal,0,24,7,1,0,42.0,84.0,28.0
3829,2025-01-14 07:05:00,West,Medical,866,3,12,Normal,1,28,7,1,0,24.0,94.0,31.333333333333332
3830,2025-01-14 07:10:00,West,Police,597,2,19,Normal,0,21,7,1,0,28.0,73.0,24.333333333333332
3831,2025-01-14 07:15:00,Central,Fire,852,4,20,Normal,0,33,7,1,0,21.0,82.0,27.333333333333332
3832,2025-01-14 07:20:00,North,Other,395,1,15,Normal,0,12,7,1,0,33.0,66.0,22.0
3833,2025-01-14 07:25:00,South,Medical,324,3,12,Severe,0,36,7,1,0,12.0,81.0,27.0
3834,2025-01-14 07:30:00,West,Other,394,1,7,Normal,0,20,7,1,0,36.0,68.0,22.666666666666668
3835,2025-01-14 07:35:00,Central,Medical,489,3,27,Normal,0,30,7,1,0,20.0,86.0,28.666666666666668
3836,2025-01-14 07:40:00,South,Medical,754,3,11,Normal,0,31,7,1,0,30.0,81.0,27.0
3837,2025-01-14 07:45:00,North,Medical,463,3,14,Normal,0,16,7,1,0,31.0,77.0,25.666666666666668
3838,2025-01-14 07:50:00,North,Medical,819,3,18,Normal,0,17,7,1,0,16.0,64.0,21.333333333333332
3839,2025-01-14 07:55:00,North,Medical,817,3,27,Normal,0,16,7,1,0,17.0,49.0,16.333333333333332
3840,2025-01-14 08:00:00,East,Fire,736,4,11,Normal,0,38,8,1,0,16.0,71.0,23.666666666666668
3841,2025-01-14 08:05:00,North,Other,214,1,15,Normal,0,28,8,1,0,38.0,82.0,27.333333333333332
3842,2025-01-14 08:10:00,Central,Medical,748,3,26,Severe,0,48,8,1,0,28.0,114.0,38.0
3843,2025-01-14 08:15:00,East,Police,710,2,26,Normal,0,27,8,1,0,48.0,103.0,34.333333333333336
3844,2025-01-14 08:20:00,East,Police,646,2,23,Normal,0,36,8,1,0,27.0,111.0,37.0
3845,2025-01-14 08:25:00,North,Other,158,1,18,Severe,0,48,8,1,0,36.0,111.0,37.0
3846,2025-01-14 08:30:00,Central,Medical,393,3,10,Normal,0,25,8,1,0,48.0,109.0,36.333333333333336
3847,2025-01-14 08:35:00,East,Medical,814,3,19,Normal,0,31,8,1,0,25.0,104.0,34.666666666666664
3848,2025-01-14 08:40:00,West,Fire,967,4,18,Normal,0,27,8,1,0,31.0,83.0,27.666666666666668
3849,2025-01-14 08:45:00,North,Police,671,2,5,Normal,0,38,8,1,0,27.0,96.0,32.0
3850,2025-01-14 08:50:00,East,Other,328,1,19,Normal,0,30,8,1,0,38.0,95.0,31.666666666666668
3851,2025-01-14 08:55:00,South,Medical,584,3,25,Normal,0,35,8,1,0,30.0,103.0,34.333333333333336
3852,2025-01-14 09:00:00,South,Police,239,2,10,Normal,0,24,9,1,0,35.0,89.0,29.666666666666668
3853,2025-01-14 09:05:00,East,Medical,406,3,10,Normal,0,33,9,1,0,24.0,92.0,30.666666666666668
3854,2025-01-14 09:10:00,Central,Police,719,2,27,Normal,0,28,9,1,0,33.0,85.0,28.333333333333332
3855,2025-01-14 09:15:00,Central,Medical,321,3,18,Severe,0,53,9,1,0,28.0,114.0,38.0
3856,2025-01-14 09:20:00,North,Other,162,1,18,Normal,0,35,9,1,0,53.0,116.0,38.666666666666664
3857,2025-01-14 09:25:00,North,Medical,498,3,21,Normal,0,33,9,1,0,35.0,121.0,40.333333333333336
3858,2025-01-14 09:30:00,East,Police,705,2,5,Normal,0,23,9,1,0,33.0,91.0,30.333333333333332
3859,2025-01-14 09:35:00,West,Other,178,1,23,Severe,0,51,9,1,0,23.0,107.0,35.666666666666664
3860,2025-01-14 09:40:00,North,Other,304,1,17,Normal,0,26,9,1,0,51.0,100.0,33.333333333333336
3861,2025-01-14 09:45:00,East,Police,480,2,19,Normal,0,36,9,1,0,26.0,113.0,37.666666666666664
3862,2025-01-14 09:50:00,South,Medical,882,3,10,Severe,0,55,9,1,0,36.0,117.0,39.0
3863,2025-01-14 09:55:00,North,Police,742,2,20,Normal,0,42,9,1,0,55.0,133.0,44.333333333333336
3864,2025-01-14 10:00:00,East,Medical,737,3,15,Normal,0,17,10,1,0,42.0,114.0,38.0
3865,2025-01-14 10:05:00,East,Other,365,1,8,Normal,0,18,10,1,0,17.0,77.0,25.666666666666668
3866,2025-01-14 10:10:00,Central,Police,689,2,28,Normal,1,39,10,1,0,18.0,74.0,24.666666666666668
3867,2025-01-14 10:15:00,North,Police,376,2,23,Normal,0,18,10,1,0,39.0,75.0,25.0
3868,2025-01-14 10:20:00,East,Other,170,1,19,Normal,0,22,10,1,0,18.0,79.0,26.333333333333332
3869,2025-01-14 10:25:00,West,Medical,718,3,20,Normal,0,16,10,1,0,22.0,56.0,18.666666666666668
3870,2025-01-14 10:30:00,North,Fire,1065,4,22,Normal,1,27,10,1,0,16.0,65.0,21.666666666666668
3871,2025-01-14 10:35:00,West,Other,261,1,20,Normal,0,19,10,1,0,27.0,62.0,20.666666666666668
3872,2025-01-14 10:40:00,Central,Other,197,1,23,Normal,0,14,10,1,0,19.0,60.0,20.0
3873,2025-01-14 10:45:00,North,Other,389,1,25,Normal,0,17,10,1,0,14.0,50.0,16.666666666666668
3874,2025-01-14 10:50:00,Central,Medical,526,3,9,Normal,0,22,10,1,0,17.0,53.0,17.666666666666668
3875,2025-01-14 10:55:00,East,Police,236,2,26,Normal,0,17,10,1,0,22.0,56.0,18.666666666666668
3876,2025-01-14 11:00:00,East,Medical,407,3,21,Normal,0,15,11,1,0,17.0,54.0,18.0
3877,2025-01-14 11:05:00,East,Police,759,2,20,Normal,0,27,11,1,0,15.0,59.0,19.666666666666668
3878,2025-01-14 11:10:00,Central,Fire,751,4,13,Normal,0,12,11,1,0,27.0,54.0,18.0
3879,2025-01-14 11:15:00,South,Police,539,2,23,Normal,0,25,11,1,0,12.0,64.0,21.333333333333332
3880,2025-01-14 11:20:00,South,Fire,1117,4,24,Normal,0,18,11,1,0,25.0,55.0,18.333333333333332
3881,2025-01-14 11:25:00,South,Other,332,1,15,Normal,0,30,11,1,0,18.0,73.0,24.333333333333332
3882,2025-01-14 11:30:00,West,Medical,739,3,23,Normal,0,20,11,1,0,30.0,68.0,22.666666666666668
3883,2025-01-14 11:35:00,East,Police,760,2,9,Normal,0,25,11,1,0,20.0,75.0,25.0
3884,2025-01-14 11:40:00,West,Police,246,2,21,Normal,0,19,11,1,0,25.0,64.0,21.333333333333332
3885,2025-01-14 11:45:00,East,Medical,867,3,18,Normal,1,33,11,1,0,19.0,77.0,25.666666666666668
3886,2025-01-14 11:50:00,East,Medical,649,3,29,Normal,0,16,11,1,0,33.0,68.0,22.666666666666668
3887,2025-01-14 11:55:00,South,Fire,877,4,28,Normal,0,22,11,1,0,16.0,71.0,23.666666666666668
3888,2025-01-14 12:00:00,West,Fire,420,4,14,Normal,0,13,12,1,0,22.0,51.0,17.0
3889,2025-01-14 12:05:00,Central,Police,697,2,9,Normal,0,12,12,1,0,13.0,47.0,15.666666666666666
3890,2025-01-14 12:10:00,South,Police,348,2,24,Severe,0,49,12,1,0,12.0,74.0,24.666666666666668
3891,2025-01-14 12:15:00,North,Other,365,1,16,Normal,0,31,12,1,0,49.0,92.0,30.666666666666668
3892,2025-01-14 12:20:00,East,Fire,1176,4,25,Normal,0,12,12,1,0,31.0,92.0,30.666666666666668
3893,2025-01-14 12:25:00,East,Fire,1077,4,21,Normal,0,26,12,1,0,12.0,69.0,23.0
3894,2025-01-14 12:30:00,South,Other,371,1,23,Normal,0,19,12,1,0,26.0,57.0,19.0
3895,2025-01-14 12:35:00,East,Medical,442,3,12,Normal,0,27,12,1,0,19.0,72.0,24.0
3896,2025-01-14 12:40:00,South,Medical,514,3,29,Normal,0,18,12,1,0,27.0,64.0,21.333333333333332
3897,2025-01-14 12:45:00,West,Medical,399,3,15,Normal,0,15,12,1,0,18.0,60.0,20.0
3898,2025-01-14 12:50:00,East,Medical,374,3,26,Severe,0,41,12,1,0,15.0,74.0,24.666666666666668
3899,2025-01-14 12:55:00,West,Medical,658,3,13,Normal,0,12,12,1,0,41.0,68.0,22.666666666666668
3900,2025-01-14 13:00:00,West,Medical,460,3,21,Normal,1,29,13,1,0,12.0,82.0,27.333333333333332
3901,2025-01-14 13:05:00,North,Medical,399,3,5,Normal,0,16,13,1,0,29.0,57.0,19.0
3902,2025-01-14 13:10:00,West,Fire,913,4,12,Normal,0,24,13,1,0,16.0,69.0,23.0
3903,2025-01-14 13:15:00,North,Medical,577,3,23,Normal,0,18,13,1,0,24.0,58.0,19.333333333333332
3904,2025-01-14 13:20:00,East,Medical,569,3,5,Normal,0,16,13,1,0,18.0,58.0,19.333333333333332
3905,2025-01-14 13:25:00,North,Police,692,2,27,Normal,0,23,13,1,0,16.0,57.0,19.0
3906,2025-01-14 13:30:00,Central,Medical,582,3,14,Severe,0,38,13,1,0,23.0,77.0,25.666666666666668
3907,2025-01-14 13:35:00,West,Police,500,2,27,Normal,0,27,13,1,0,38.0,88.0,29.333333333333332
3908,2025-01-14 13:40:00,South,Police,635,2,29,Normal,0,18,13,1,0,27.0,83.0,27.666666666666668
3909,2025-01-14 13:45:00,West,Fire,1184,4,23,Normal,0,14,13,1,0,18.0,59.0,19.666666666666668
3910,2025-01-14 13:50:00,Central,Police,790,2,29,Normal,0,23,13,1,0,14.0,55.0,18.333333333333332
3911,2025-01-14 13:55:00,South,Police,720,2,14,Normal,0,21,13,1,0,23.0,58.0,19.333333333333332
3912,2025-01-14 14:00:00,Central,Medical,332,3,16,Normal,0,26,14,1,0,21.0,70.0,23.333333333333332
3913,2025-01-14 14:05:00,North,Medical,671,3,9,Normal,0,19,14,1,0,26.0,66.0,22.0
3914,2025-01-14 14:10:00,East,Police,374,2,19,Severe,0,41,14,1,0,19.0,86.0,28.666666666666668
3915,2025-01-14 14:15:00,North,Police,584,2,25,Severe,0,44,14,1,0,41.0,104.0,34.666666666666664
3916,2025-01-14 14:20:00,North,Other,323,1,7,Normal,0,15,14,1,0,44.0,100.0,33.333333333333336
3917,2025-01-14 14:25:00,West,Police,563,2,23,Normal,0,14,14,1,0,15.0,73.0,24.333333333333332
3918,2025-01-14 14:30:00,South,Police,233,2,9,Normal,0,19,14,1,0,14.0,48.0,16.0
3919,2025-01-14 14:35:00,South,Other,374,1,5,Normal,0,18,14,1,0,19.0,51.0,17.0
3920,2025-01-14 14:40:00,North,Medical,556,3,13,Normal,1,38,14,1,0,18.0,75.0,25.0
3921,2025-01-14 14:45:00,North,Fire,1065,4,26,Normal,0,17,14,1,0,38.0,73.0,24.333333333333332
3922,2025-01-14 14:50:00,East,Police,333,2,8,Normal,1,27,14,1,0,17.0,82.0,27.333333333333332
3923,2025-01-14 14:55:00,South,Police,441,2,17,Severe,0,43,14,1,0,27.0,87.0,29.0
3924,2025-01-14 15:00:00,Central,Medical,809,3,17,Normal,0,18,15,1,0,43.0,88.0,29.333333333333332
3925,2025-01-14 15:05:00,West,Medical,386,3,22,Normal,0,18,15,1,0,18.0,79.0,26.333333333333332
3926,2025-01-14 15:10:00,North,Medical,604,3,7,Normal,0,19,15,1,0,18.0,55.0,18.333333333333332
3927,2025-01-14 15:15:00,South,Medical,567,3,10,Normal,0,18,15,1,0,19.0,55.0,18.333333333333332
3928,2025-01-14 15:20:00,South,Medical,501,3,20,Normal,0,20,15,1,0,18.0,57.0,19.0
3929,2025-01-14 15:25:00,South,Fire,541,4,24,Normal,0,20,15,1,0,20.0,58.0,19.333333333333332
3930,2025-01-14 15:30:00,West,Police,705,2,13,Severe,0,44,15,1,0,20.0,84.0,28.0
3931,2025-01-14 15:35:00,South,Police,386,2,27,Severe,0,41,15,1,0,44.0,105.0,35.0
3932,2025-01-14 15:40:00,South,Other,312,1,10,Normal,0,22,15,1,0,41.0,107.0,35.666666666666664
3933,2025-01-14 15:45:00,East,Police,779,2,23,Normal,0,20,15,1,0,22.0,83.0,27.666666666666668
3934,2025-01-14 15:50:00,North,Medical,442,3,8,Normal,0,11,15,1,0,20.0,53.0,17.666666666666668
3935,2025-01-14 15:55:00,North,Fire,891,4,12,Severe,0,52,15,1,0,11.0,83.0,27.666666666666668
3936,2025-01-14 16:00:00,Central,Other,103,1,27,Normal,0,26,16,1,0,52.0,89.0,29.666666666666668
3937,2025-01-14 16:05:00,West,Other,297,1,7,Normal,0,26,16,1,0,26.0,104.0,34.666666666666664
3938,2025-01-14 16:10:00,East,Fire,949,4,12,Normal,0,22,16,1,0,26.0,74.0,24.666666666666668
3939,2025-01-14 16:15:00,East,Other,287,1,27,Normal,0,16,16,1,0,22.0,64.0,21.333333333333332
3940,2025-01-14 16:20:00,South,Medical,502,3,21,Normal,0,18,16,1,0,16.0,56.0,18.666666666666668
3941,2025-01-14 16:25:00,South,Police,451,2,24,Normal,0,26,16,1,0,18.0,60.0,20.0
3942,2025-01-14 16:30:00,North,Medical,552,3,26,Normal,0,15,16,1,0,26.0,59.0,19.666666666666668
3943,2025-01-14 16:35:00,South,Medical,697,3,26,Normal,0,22,16,1,0,15.0,63.0,21.0
3944,2025-01-14 16:40:00,East,Medical,802,3,15,Normal,0,13,16,1,0,22.0,50.0,16.666666666666668
3945,2025-01-14 16:45:00,East,Medical,474,3,11,Normal,0,16,16,1,0,13.0,51.0,17.0
3946,2025-01-14 16:50:00,North,Medical,808,3,7,Normal,0,16,16,1,0,16.0,45.0,15.0
3947,2025-01-14 16:55:00,East,Police,269,2,16,Normal,0,18,16,1,0,16.0,50.0,16.666666666666668
3948,2025-01-14 17:00:00,Central,Fire,602,4,6,Normal,0,24,17,1,0,18.0,58.0,19.333333333333332
3949,2025-01-14 17:05:00,West,Medical,630,3,12,Severe,1,57,17,1,0,24.0,99.0,33.0
3950,2025-01-14 17:10:00,West,Police,366,2,20,Normal,0,14,17,1,0,57.0,95.0,31.666666666666668
3951,2025-01-14 17:15:00,East,Police,596,2,20,Normal,0,17,17,1,0,14.0,88.0,29.333333333333332
3952,2025-01-14 17:20:00,South,Medical,843,3,21,Normal,1,36,17,1,0,17.0,67.0,22.333333333333332
3953,2025-01-14 17:25:00,South,Police,536,2,16,Normal,1,35,17,1,0,36.0,88.0,29.333333333333332
3954,2025-01-14 17:30:00,South,Medical,343,3,11,Normal,0,16,17,1,0,35.0,87.0,29.0
3955,2025-01-14 17:35:00,East,Other,310,1,22,Normal,0,24,17,1,0,16.0,75.0,25.0
3956,2025-01-14 17:40:00,South,Other,270,1,5,Normal,0,25,17,1,0,24.0,65.0,21.666666666666668
3957,2025-01-14 17:45:00,Central,Police,565,2,16,Normal,0,25,17,1,0,25.0,74.0,24.666666666666668
3958,2025-01-14 17:50:00,East,Medical,550,3,6,Normal,0,27,17,1,0,25.0,77.0,25.666666666666668
3959,2025-01-14 17:55:00,East,Medical,748,3,11,Normal,0,13,17,1,0,27.0,65.0,21.666666666666668
3960,2025-01-14 18:00:00,East,Fire,740,4,29,Normal,0,33,18,1,0,13.0,73.0,24.333333333333332
3961,2025-01-14 18:05:00,North,Police,443,2,5,Normal,0,33,18,1,0,33.0,79.0,26.333333333333332
3962,2025-01-14 18:10:00,East,Other,269,1,18,Normal,0,34,18,1,0,33.0,100.0,33.333333333333336
3963,2025-01-14 18:15:00,Central,Police,648,2,23,Normal,0,38,18,1,0,34.0,105.0,35.0
3964,2025-01-14 18:20:00,South,Medical,793,3,16,Normal,0,40,18,1,0,38.0,112.0,37.333333333333336
3965,2025-01-14 18:25:00,South,Medical,402,3,27,Normal,0,39,18,1,0,40.0,117.0,39.0
3966,2025-01-14 18:30:00,Central,Medical,331,3,14,Normal,0,27,18,1,0,39.0,106.0,35.333333333333336
3967,2025-01-14 18:35:00,South,Other,385,1,27,Normal,0,30,18,1,0,27.0,96.0,32.0
3968,2025-01-14 18:40:00,East,Other,199,1,6,Severe,0,44,18,1,0,30.0,101.0,33.666666666666664
3969,2025-01-14 18:45:00,West,Medical,641,3,15,Normal,0,34,18,1,0,44.0,108.0,36.0
3970,2025-01-14 18:50:00,East,Medical,545,3,8,Normal,0,26,18,1,0,34.0,104.0,34.666666666666664
3971,2025-01-14 18:55:00,South,Police,622,2,23,Normal,0,29,18,1,0,26.0,89.0,29.666666666666668
3972,2025-01-14 19:00:00,East,Police,781,2,6,Normal,0,29,19,1,0,29.0,84.0,28.0
3973,2025-01-14 19:05:00,Central,Medical,324,3,28,Normal,0,27,19,1,0,29.0,85.0,28.333333333333332
3974,2025-01-14 19:10:00,North,Medical,847,3,10,Normal,0,27,19,1,0,27.0,83.0,27.666666666666668
3975,2025-01-14 19:15:00,Central,Other,121,1,25,Normal,0,37,19,1,0,27.0,91.0,30.333333333333332
3976,2025-01-14 19:20:00,North,Police,377,2,7,Normal,0,29,19,1,0,37.0,93.0,31.0
3977,2025-01-14 19:25:00,North,Medical,399,3,6,Normal,0,19,19,1,0,29.0,85.0,28.333333333333332
3978,2025-01-14 19:30:00,West,Police,382,2,7,Normal,0,23,19,1,0,19.0,71.0,23.666666666666668
3979,2025-01-14 19:35:00,East,Police,648,2,6,Normal,0,31,19,1,0,23.0,73.0,24.333333333333332
3980,2025-01-14 19:40:00,North,Fire,548,4,7,Normal,0,30,19,1,0,31.0,84.0,28.0
3981,2025-01-14 19:45:00,Central,Medical,759,3,18,Normal,1,35,19,1,0,30.0,96.0,32.0
3982,2025-01-14 19:50:00,East,Police,713,2,18,Normal,0,35,19,1,0,35.0,100.0,33.333333333333336
3983,2025-01-14 19:55:00,North,Police,739,2,19,Normal,0,36,19,1,0,35.0,106.0,35.333333333333336
3984,2025-01-14 20:00:00,West,Medical,559,3,12,Normal,0,19,20,1,0,36.0,90.0,30.0
3985,2025-01-14 20:05:00,West,Medical,438,3,6,Normal,0,26,20,1,0,19.0,81.0,27.0
3986,2025-01-14 20:10:00,East,Police,438,2,16,Normal,0,38,20,1,0,26.0,83.0,27.666666666666668
3987,2025-01-14 20:15:00,South,Medical,851,3,16,Normal,0,31,20,1,0,38.0,95.0,31.666666666666668
3988,2025-01-14 20:20:00,North,Fire,868,4,20,Normal,0,40,20,1,0,31.0,109.0,36.333333333333336
3989,2025-01-14 20:25:00,Central,Medical,394,3,19,Normal,0,31,20,1,0,40.0,102.0,34.0
3990,2025-01-14 20:30:00,East,Medical,446,3,14,Normal,0,30,20,1,0,31.0,101.0,33.666666666666664
3991,2025-01-14 20:35:00,Central,Police,786,2,15,Normal,0,25,20,1,0,30.0,86.0,28.666666666666668
3992,2025-01-14 20:40:00,West,Police,704,2,23,Normal,0,27,20,1,0,25.0,82.0,27.333333333333332
3993,2025-01-14 20:45:00,South,Fire,1161,4,20,Normal,0,32,20,1,0,27.0,84.0,28.0
3994,2025-01-14 20:50:00,East,Other,348,1,11,Normal,0,29,20,1,0,32.0,88.0,29.333333333333332
3995,2025-01-14 20:55:00,East,Police,283,2,27,Normal,0,26,20,1,0,29.0,87.0,29.0
3996,2025-01-14 21:00:00,East,Medical,693,3,10,Severe,0,36,21,1,0,26.0,91.0,30.333333333333332
3997,2025-01-14 21:05:00,West,Police,597,2,24,Normal,0,21,21,1,0,36.0,83.0,27.666666666666668
3998,2025-01-14 21:10:00,East,Police,572,2,6,Normal,0,18,21,1,0,21.0,75.0,25.0
3999,2025-01-14 21:15:00,North,Other,397,1,14,Normal,0,24,21,1,0,18.0,63.0,21.0
4000,2025-01-14 21:20:00,North,Medical,508,3,27,Normal,0,18,21,1,0,24.0,60.0,20.0
4001,2025-01-14 21:25:00,West,Other,312,1,13,Normal,0,19,21,1,0,18.0,61.0,20.333333333333332
4002,2025-01-14 21:30:00,South,Other,173,1,21,Normal,0,22,21,1,0,19.0,59.0,19.666666666666668
4003,2025-01-14 21:35:00,West,Medical,472,3,6,Normal,1,35,21,1,0,22.0,76.0,25.333333333333332
4004,2025-01-14 21:40:00,South,Medical,847,3,19,Normal,0,16,21,1,0,35.0,73.0,24.333333333333332
4005,2025-01-14 21:45:00,South,Medical,823,3,7,Normal,0,23,21,1,0,16.0,74.0,24.666666666666668
4006,2025-01-14 21:50:00,North,Medical,662,3,6,Severe,0,44,21,1,0,23.0,83.0,27.666666666666668
4007,2025-01-14 21:55:00,East,Medical,583,3,24,Normal,0,15,21,1,0,44.0,82.0,27.333333333333332
4008,2025-01-14 22:00:00,South,Medical,877,3,21,Normal,0,20,22,1,0,15.0,79.0,26.333333333333332
4009,2025-01-14 22:05:00,West,Police,472,2,10,Normal,0,28,22,1,0,20.0,63.0,21.0
4010,2025-01-14 22:10:00,West,Medical,426,3,22,Normal,0,22,22,1,0,28.0,70.0,23.333333333333332
4011,2025-01-14 22:15:00,East,Police,737,2,16,Normal,0,15,22,1,0,22.0,65.0,21.666666666666668
4012,2025-01-14 22:20:00,South,Police,429,2,18,Normal,0,16,22,1,0,15.0,53.0,17.666666666666668
4013,2025-01-14 22:25:00,West,Medical,518,3,15,Normal,0,18,22,1,0,16.0,49.0,16.333333333333332
4014,2025-01-14 22:30:00,Central,Medical,463,3,25,Normal,0,20,22,1,0,18.0,54.0,18.0
4015,2025-01-14 22:35:00,North,Fire,1009,4,25,Normal,1,41,22,1,0,20.0,79.0,26.333333333333332
4016,2025-01-14 22:40:00,Central,Medical,507,3,16,Normal,0,22,22,1,0,41.0,83.0,27.666666666666668
4017,2025-01-14 22:45:00,North,Other,180,1,5,Normal,0,18,22,1,0,22.0,81.0,27.0
4018,2025-01-14 22:50:00,South,Medical,391,3,13,Normal,0,18,22,1,0,18.0,58.0,19.333333333333332
4019,2025-01-14 22:55:00,South,Medical,427,3,28,Normal,0,29,22,1,0,18.0,65.0,21.666666666666668
4020,2025-01-14 23:00:00,South,Other,359,1,23,Normal,0,15,23,1,0,29.0,62.0,20.666666666666668
4021,2025-01-14 23:05:00,North,Fire,588,4,8,Normal,0,15,23,1,0,15.0,59.0,19.666666666666668
4022,2025-01-14 23:10:00,South,Police,625,2,22,Normal,0,22,23,1,0,15.0,52.0,17.333333333333332
4023,2025-01-14 23:15:00,West,Medical,490,3,11,Normal,0,16,23,1,0,22.0,53.0,17.666666666666668
4024,2025-01-14 23:20:00,Central,Other,114,1,27,Normal,0,17,23,1,0,16.0,55.0,18.333333333333332
4025,2025-01-14 23:25:00,South,Police,744,2,11,Normal,0,23,23,1,0,17.0,56.0,18.666666666666668
4026,2025-01-14 23:30:00,East,Medical,662,3,27,Normal,0,15,23,1,0,23.0,55.0,18.333333333333332
4027,2025-01-14 23:35:00,West,Medical,788,3,14,Normal,0,24,23,1,0,15.0,62.0,20.666666666666668
4028,2025-01-14 23:40:00,South,Police,761,2,16,Normal,0,20,23,1,0,24.0,59.0,19.666666666666668
4029,2025-01-14 23:45:00,South,Other,383,1,15,Normal,0,25,23,1,0,20.0,69.0,23.0
4030,2025-01-14 23:50:00,South,Other,321,1,26,Normal,0,21,23,1,0,25.0,66.0,22.0
4031,2025-01-14 23:55:00,West,Other,388,1,10,Normal,0,16,23,1,0,21.0,62.0,20.666666666666668
4032,2025-01-15 00:00:00,West,Police,728,2,27,Normal,0,17,0,2,0,16.0,54.0,18.0
4033,2025-01-15 00:05:00,North,Medical,441,3,22,Normal,0,16,0,2,0,17.0,49.0,16.333333333333332
4034,2025-01-15 00:10:00,West,Other,233,1,10,Normal,0,24,0,2,0,16.0,57.0,19.0
4035,2025-01-15 00:15:00,East,Medical,481,3,11,Normal,0,25,0,2,0,24.0,65.0,21.666666666666668
4036,2025-01-15 00:20:00,West,Other,182,1,15,Normal,0,17,0,2,0,25.0,66.0,22.0
4037,2025-01-15 00:25:00,North,Other,321,1,19,Normal,0,21,0,2,0,17.0,63.0,21.0
4038,2025-01-15 00:30:00,South,Medical,579,3,28,Severe,0,44,0,2,0,21.0,82.0,27.333333333333332
4039,2025-01-15 00:35:00,West,Other,289,1,6,Normal,0,17,0,2,0,44.0,82.0,27.333333333333332
4040,2025-01-15 00:40:00,West,Police,621,2,23,Normal,0,25,0,2,0,17.0,86.0,28.666666666666668
4041,2025-01-15 00:45:00,South,Medical,775,3,20,Normal,0,25,0,2,0,25.0,67.0,22.333333333333332
4042,2025-01-15 00:50:00,North,Medical,692,3,16,Normal,0,20,0,2,0,25.0,70.0,23.333333333333332
4043,2025-01-15 00:55:00,East,Fire,1098,4,9,Normal,0,16,0,2,0,20.0,61.0,20.333333333333332
4044,2025-01-15 01:00:00,North,Fire,858,4,22,Normal,0,23,1,2,0,16.0,59.0,19.666666666666668
4045,2025-01-15 01:05:00,North,Police,604,2,20,Normal,0,15,1,2,0,23.0,54.0,18.0
4046,2025-01-15 01:10:00,West,Police,705,2,13,Normal,0,19,1,2,0,15.0,57.0,19.0
4047,2025-01-15 01:15:00,South,Police,309,2,12,Normal,0,27,1,2,0,19.0,61.0,20.333333333333332
4048,2025-01-15 01:20:00,North,Medical,886,3,25,Normal,0,15,1,2,0,27.0,61.0,20.333333333333332
4049,2025-01-15 01:25:00,South,Medical,383,3,19,Normal,1,47,1,2,0,15.0,89.0,29.666666666666668
4050,2025-01-15 01:30:00,West,Medical,824,3,21,Normal,0,16,1,2,0,47.0,78.0,26.0
4051,2025-01-15 01:35:00,North,Police,219,2,27,Normal,0,14,1,2,0,16.0,77.0,25.666666666666668
4052,2025-01-15 01:40:00,North,Medical,839,3,16,Normal,0,18,1,2,0,14.0,48.0,16.0
4053,2025-01-15 01:45:00,Central,Medical,640,3,10,Normal,0,19,1,2,0,18.0,51.0,17.0
4054,2025-01-15 01:50:00,West,Police,370,2,11,Normal,0,21,1,2,0,19.0,58.0,19.333333333333332
4055,2025-01-15 01:55:00,East,Medical,776,3,22,Normal,0,16,1,2,0,21.0,56.0,18.666666666666668
4056,2025-01-15 02:00:00,East,Fire,460,4,23,Normal,0,20,2,2,0,16.0,57.0,19.0
4057,2025-01-15 02:05:00,East,Other,138,1,20,Normal,1,27,2,2,0,20.0,63.0,21.0
4058,2025-01-15 02:10:00,North,Police,411,2,25,Severe,0,41,2,2,0,27.0,88.0,29.333333333333332
4059,2025-01-15 02:15:00,West,Other,245,1,18,Normal,0,17,2,2,0,41.0,85.0,28.333333333333332
4060,2025-01-15 02:20:00,West,Other,357,1,13,Normal,0,17,2,2,0,17.0,75.0,25.0
4061,2025-01-15 02:25:00,Central,Police,599,2,22,Normal,1,47,2,2,0,17.0,81.0,27.0
4062,2025-01-15 02:30:00,South,Police,482,2,28,Normal,0,16,2,2,0,47.0,80.0,26.666666666666668
4063,2025-01-15 02:35:00,North,Police,663,2,26,Normal,0,13,2,2,0,16.0,76.0,25.333333333333332
4064,2025-01-15 02:40:00,East,Medical,396,3,8,Normal,0,18,2,2,0,13.0,47.0,15.666666666666666
4065,2025-01-15 02:45:00,North,Police,718,2,9,Normal,0,19,2,2,0,18.0,50.0,16.666666666666668
4066,2025-01-15 02:50:00,North,Medical,741,3,22,Normal,0,21,2,2,0,19.0,58.0,19.333333333333332
4067,2025-01-15 02:55:00,Central,Police,677,2,29,Normal,0,25,2,2,0,21.0,65.0,21.666666666666668
4068,2025-01-15 03:00:00,East,Other,117,1,10,Normal,0,19,3,2,0,25.0,65.0,21.666666666666668
4069,2025-01-15 03:05:00,Central,Police,535,2,9,Severe,0,38,3,2,0,19.0,82.0,27.333333333333332
4070,2025-01-15 03:10:00,South,Medical,377,3,14,Normal,0,22,3,2,0,38.0,79.0,26.333333333333332
4071,2025-01-15 03:15:00,Central,Medical,506,3,23,Normal,0,16,3,2,0,22.0,76.0,25.333333333333332
4072,2025-01-15 03:20:00,West,Other,395,1,16,Normal,0,18,3,2,0,16.0,56.0,18.666666666666668
4073,2025-01-15 03:25:00,West,Medical,372,3,12,Normal,0,16,3,2,0,18.0,50.0,16.666666666666668
4074,2025-01-15 03:30:00,South,Other,357,1,15,Normal,0,25,3,2,0,16.0,59.0,19.666666666666668
4075,2025-01-15 03:35:00,Central,Police,264,2,5,Normal,0,19,3,2,0,25.0,60.0,20.0
4076,2025-01-15 03:40:00,West,Fire,725,4,6,Normal,0,25,3,2,0,19.0,69.0,23.0
4077,2025-01-15 03:45:00,North,Other,283,1,27,Normal,0,27,3,2,0,25.0,71.0,23.666666666666668
4078,2025-01-15 03:50:00,Central,Medical,553,3,19,Normal,0,24,3,2,0,27.0,76.0,25.333333333333332
4079,2025-01-15 03:55:00,Central,Medical,392,3,17,Normal,0,19,3,2,0,24.0,70.0,23.333333333333332
4080,2025-01-15 04:00:00,South,Medical,738,3,7,Normal,0,19,4,2,0,19.0,62.0,20.666666666666668
4081,2025-01-15 04:05:00,North,Medical,329,3,7,Severe,0,33,4,2,0,19.0,71.0,23.666666666666668
4082,2025-01-15 04:10:00,West,Other,209,1,5,Normal,0,23,4,2,0,33.0,75.0,25.0
4083,2025-01-15 04:15:00,West,Police,610,2,5,Normal,0,19,4,2,0,23.0,75.0,25.0
4084,2025-01-15 04:20:00,East,Medical,646,3,15,Normal,0,18,4,2,0,19.0,60.0,20.0
4085,2025-01-15 04:25:00,South,Fire,744,4,8,Normal,0,24,4,2,0,18.0,61.0,20.333333333333332
4086,2025-01-15 04:30:00,North,Police,489,2,29,Normal,0,20,4,2,0,24.0,62.0,20.666666666666668
4087,2025-01-15 04:35:00,East,Other,167,1,17,Normal,0,11,4,2,0,20.0,55.0,18.333333333333332
4088,2025-01-15 04:40:00,Central,Police,224,2,28,Normal,0,17,4,2,0,11.0,48.0,16.0
4089,2025-01-15 04:45:00,East,Fire,614,4,10,Normal,0,18,4,2,0,17.0,46.0,15.333333333333334
4090,2025-01-15 04:50:00,Central,Medical,301,3,13,Normal,0,28,4,2,0,18.0,63.0,21.0
4091,2025-01-15 04:55:00,Central,Medical,697,3,29,Normal,0,28,4,2,0,28.0,74.0,24.666666666666668
4092,2025-01-15 05:00:00,South,Medical,884,3,9,Normal,1,28,5,2,0,28.0,84.0,28.0
4093,2025-01-15 05:05:00,North,Police,782,2,17,Normal,0,11,5,2,0,28.0,67.0,22.333333333333332
4094,2025-01-15 05:10:00,West,Police,384,2,20,Normal,0,20,5,2,0,11.0,59.0,19.666666666666668
4095,2025-01-15 05:15:00,West,Medical,668,3,14,Normal,0,15,5,2,0,20.0,46.0,15.333333333333334
4096,2025-01-15 05:20:00,Central,Medical,369,3,14,Normal,0,16,5,2,0,15.0,51.0,17.0
4097,2025-01-15 05:25:00,East,Medical,840,3,29,Severe,0,40,5,2,0,16.0,71.0,23.666666666666668
4098,2025-01-15 05:30:00,West,Other,357,1,18,Normal,0,16,5,2,0,40.0,72.0,24.0
4099,2025-01-15 05:35:00,North,Police,495,2,29,Normal,0,24,5,2,0,16.0,80.0,26.666666666666668
4100,2025-01-15 05:40:00,South,Other,321,1,24,Normal,0,16,5,2,0,24.0,56.0,18.666666666666668
4101,2025-01-15 05:45:00,East,Fire,848,4,13,Normal,0,18,5,2,0,16.0,58.0,19.333333333333332
4102,2025-01-15 05:50:00,Central,Police,675,2,14,Normal,0,27,5,2,0,18.0,61.0,20.333333333333332
4103,2025-01-15 05:55:00,South,Other,390,1,10,Normal,0,19,5,2,0,27.0,64.0,21.333333333333332
4104,2025-01-15 06:00:00,South,Medical,476,3,18,Normal,0,16,6,2,0,19.0,62.0,20.666666666666668
4105,2025-01-15 06:05:00,West,Police,700,2,6,Severe,0,40,6,2,0,16.0,75.0,25.0
4106,2025-01-15 06:10:00,North,Police,775,2,9,Normal,0,19,6,2,0,40.0,75.0,25.0
4107,2025-01-15 06:15:00,East,Other,263,1,29,Normal,0,29,6,2,0,19.0,88.0,29.333333333333332
4108,2025-01-15 06:20:00,East,Medical,588,3,18,Normal,0,24,6,2,0,29.0,72.0,24.0
4109,2025-01-15 06:25:00,East,Fire,812,4,18,Normal,0,19,6,2,0,24.0,72.0,24.0
4110,2025-01-15 06:30:00,South,Fire,444,4,12,Normal,0,24,6,2,0,19.0,67.0,22.333333333333332
4111,2025-01-15 06:35:00,Central,Medical,846,3,6,Normal,0,19,6,2,0,24.0,62.0,20.666666666666668
4112,2025-01-15 06:40:00,South,Other,212,1,27,Normal,0,20,6,2,0,19.0,63.0,21.0
4113,2025-01-15 06:45:00,East,Other,150,1,27,Normal,0,18,6,2,0,20.0,57.0,19.0
4114,2025-01-15 06:50:00,North,Other,302,1,14,Normal,0,22,6,2,0,18.0,60.0,20.0
4115,2025-01-15 06:55:00,South,Medical,487,3,24,Normal,0,14,6,2,0,22.0,54.0,18.0
4116,2025-01-15 07:00:00,East,Other,383,1,20,Normal,0,34,7,2,0,14.0,70.0,23.333333333333332
4117,2025-01-15 07:05:00,East,Fire,998,4,20,Severe,0,44,7,2,0,34.0,92.0,30.666666666666668
4118,2025-01-15 07:10:00,West,Medical,565,3,18,Severe,0,38,7,2,0,44.0,116.0,38.666666666666664
4119,2025-01-15 07:15:00,North,Medical,857,3,9,Normal,0,19,7,2,0,38.0,101.0,33.666666666666664
4120,2025-01-15 07:20:00,Central,Medical,568,3,8,Normal,1,34,7,2,0,19.0,91.0,30.333333333333332
4121,2025-01-15 07:25:00,North,Police,432,2,20,Normal,0,27,7,2,0,34.0,80.0,26.666666666666668
4122,2025-01-15 07:30:00,Central,Police,517,2,27,Normal,0,23,7,2,0,27.0,84.0,28.0
4123,2025-01-15 07:35:00,North,Medical,410,3,27,Normal,0,19,7,2,0,23.0,69.0,23.0
4124,2025-01-15 07:40:00,East,Medical,820,3,13,Normal,0,18,7,2,0,19.0,60.0,20.0
4125,2025-01-15 07:45:00,Central,Medical,563,3,13,Normal,0,19,7,2,0,18.0,56.0,18.666666666666668
4126,2025-01-15 07:50:00,East,Police,792,2,13,Normal,0,18,7,2,0,19.0,55.0,18.333333333333332
4127,2025-01-15 07:55:00,West,Medical,679,3,13,Normal,0,28,7,2,0,18.0,65.0,21.666666666666668
4128,2025-01-15 08:00:00,South,Police,220,2,29,Normal,0,35,8,2,0,28.0,81.0,27.0
4129,2025-01-15 08:05:00,North,Medical,395,3,20,Normal,0,27,8,2,0,35.0,90.0,30.0
4130,2025-01-15 08:10:00,East,Medical,529,3,19,Normal,0,32,8,2,0,27.0,94.0,31.333333333333332
4131,2025-01-15 08:15:00,North,Fire,1073,4,24,Normal,0,25,8,2,0,32.0,84.0,28.0
4132,2025-01-15 08:20:00,Central,Medical,594,3,11,Normal,0,22,8,2,0,25.0,79.0,26.333333333333332
4133,2025-01-15 08:25:00,North,Medical,588,3,28,Normal,0,31,8,2,0,22.0,78.0,26.0
4134,2025-01-15 08:30:00,North,Other,250,1,8,Normal,0,28,8,2,0,31.0,81.0,27.0
4135,2025-01-15 08:35:00,North,Medical,458,3,23,Normal,0,22,8,2,0,28.0,81.0,27.0
4136,2025-01-15 08:40:00,North,Medical,583,3,10,Normal,0,32,8,2,0,22.0,82.0,27.333333333333332
4137,2025-01-15 08:45:00,West,Medical,716,3,25,Normal,0,34,8,2,0,32.0,88.0,29.333333333333332
4138,2025-01-15 08:50:00,East,Police,680,2,6,Normal,0,33,8,2,0,34.0,99.0,33.0
4139,2025-01-15 08:55:00,North,Medical,571,3,6,Normal,0,25,8,2,0,33.0,92.0,30.666666666666668
4140,2025-01-15 09:00:00,West,Medical,849,3,27,Normal,0,35,9,2,0,25.0,93.0,31.0
4141,2025-01-15 09:05:00,South,Other,187,1,14,Normal,0,25,9,2,0,35.0,85.0,28.333333333333332
4142,2025-01-15 09:10:00,South,Police,325,2,22,Severe,0,49,9,2,0,25.0,109.0,36.333333333333336
4143,2025-01-15 09:15:00,West,Medical,717,3,14,Normal,0,21,9,2,0,49.0,95.0,31.666666666666668
4144,2025-01-15 09:20:00,East,Medical,660,3,14,Normal,0,32,9,2,0,21.0,102.0,34.0
4145,2025-01-15 09:25:00,North,Other,100,1,10,Normal,0,27,9,2,0,32.0,80.0,26.666666666666668
4146,2025-01-15 09:30:00,West,Fire,787,4,11,Severe,0,42,9,2,0,27.0,101.0,33.666666666666664
4147,2025-01-15 09:35:00,South,Police,460,2,16,Normal,0,32,9,2,0,42.0,101.0,33.666666666666664
4148,2025-01-15 09:40:00,West,Police,739,2,19,Normal,0,30,9,2,0,32.0,104.0,34.666666666666664
4149,2025-01-15 09:45:00,East,Medical,772,3,5,Normal,0,32,9,2,0,30.0,94.0,31.333333333333332
4150,2025-01-15 09:50:00,East,Police,258,2,13,Normal,0,34,9,2,0,32.0,96.0,32.0
4151,2025-01-15 09:55:00,East,Medical,420,3,20,Normal,0,33,9,2,0,34.0,99.0,33.0
4152,2025-01-15 10:00:00,North,Police,308,2,5,Normal,0,21,10,2,0,33.0,88.0,29.333333333333332
4153,2025-01-15 10:05:00,West,Other,285,1,28,Normal,0,22,10,2,0,21.0,76.0,25.333333333333332
4154,2025-01-15 10:10:00,South,Police,662,2,20,Normal,0,18,10,2,0,22.0,61.0,20.333333333333332
4155,2025-01-15 10:15:00,South,Medical,305,3,26,Normal,0,14,10,2,0,18.0,54.0,18.0
4156,2025-01-15 10:20:00,North,Police,515,2,24,Normal,0,18,10,2,0,14.0,50.0,16.666666666666668
4157,2025-01-15 10:25:00,North,Medical,710,3,24,Normal,0,21,10,2,0,18.0,53.0,17.666666666666668
4158,2025-01-15 10:30:00,South,Medical,600,3,6,Normal,0,24,10,2,0,21.0,63.0,21.0
4159,2025-01-15 10:35:00,West,Medical,582,3,19,Normal,0,18,10,2,0,24.0,63.0,21.0
4160,2025-01-15 10:40:00,South,Police,493,2,10,Normal,0,15,10,2,0,18.0,57.0,19.0
4161,2025-01-15 10:45:00,West,Other,182,1,10,Normal,0,24,10,2,0,15.0,57.0,19.0
4162,2025-01-15 10:50:00,East,Police,539,2,26,Normal,0,26,10,2,0,24.0,65.0,21.666666666666668
4163,2025-01-15 10:55:00,North,Police,485,2,19,Normal,0,19,10,2,0,26.0,69.0,23.0
4164,2025-01-15 11:00:00,West,Medical,733,3,7,Normal,0,19,11,2,0,19.0,64.0,21.333333333333332
4165,2025-01-15 11:05:00,Central,Medical,871,3,10,Severe,0,34,11,2,0,19.0,72.0,24.0
4166,2025-01-15 11:10:00,South,Medical,314,3,19,Normal,0,16,11,2,0,34.0,69.0,23.0
4167,2025-01-15 11:15:00,North,Medical,510,3,19,Severe,0,42,11,2,0,16.0,92.0,30.666666666666668
4168,2025-01-15 11:20:00,South,Police,661,2,24,Severe,0,29,11,2,0,42.0,87.0,29.0
4169,2025-01-15 11:25:00,Central,Police,635,2,5,Severe,0,31,11,2,0,29.0,102.0,34.0
4170,2025-01-15 11:30:00,South,Police,791,2,23,Normal,0,25,11,2,0,31.0,85.0,28.333333333333332
4171,2025-01-15 11:35:00,South,Medical,441,3,28,Normal,0,17,11,2,0,25.0,73.0,24.333333333333332
4172,2025-01-15 11:40:00,West,Medical,554,3,16,Normal,0,16,11,2,0,17.0,58.0,19.333333333333332
4173,2025-01-15 11:45:00,Central,Medical,842,3,27,Normal,0,30,11,2,0,16.0,63.0,21.0
4174,2025-01-15 11:50:00,East,Medical,381,3,24,Normal,0,24,11,2,0,30.0,70.0,23.333333333333332
4175,2025-01-15 11:55:00,West,Police,542,2,28,Normal,0,21,11,2,0,24.0,75.0,25.0
4176,2025-01-15 12:00:00,South,Police,381,2,18,Normal,0,18,12,2,0,21.0,63.0,21.0
4177,2025-01-15 12:05:00,North,Police,485,2,29,Normal,0,21,12,2,0,18.0,60.0,20.0
4178,2025-01-15 12:10:00,West,Fire,1022,4,18,Normal,0,16,12,2,0,21.0,55.0,18.333333333333332
4179,2025-01-15 12:15:00,East,Fire,684,4,8,Normal,0,17,12,2,0,16.0,54.0,18.0
4180,2025-01-15 12:20:00,South,Medical,541,3,25,Normal,0,22,12,2,0,17.0,55.0,18.333333333333332
4181,2025-01-15 12:25:00,East,Medical,770,3,24,Normal,0,18,12,2,0,22.0,57.0,19.0
4182,2025-01-15 12:30:00,West,Police,369,2,28,Normal,0,26,12,2,0,18.0,66.0,22.0
4183,2025-01-15 12:35:00,Central,Other,224,1,23,Normal,0,21,12,2,0,26.0,65.0,21.666666666666668
4184,2025-01-15 12:40:00,East,Police,245,2,28,Normal,0,11,12,2,0,21.0,58.0,19.333333333333332
4185,2025-01-15 12:45:00,Central,Fire,506,4,7,Severe,1,58,12,2,0,11.0,90.0,30.0
4186,2025-01-15 12:50:00,Central,Other,238,1,8,Normal,0,21,12,2,0,58.0,90.0,30.0
4187,2025-01-15 12:55:00,South,Medical,507,3,16,Severe,1,53,12,2,0,21.0,132.0,44.0
4188,2025-01-15 13:00:00,Central,Police,333,2,8,Normal,1,52,13,2,0,53.0,126.0,42.0
4189,2025-01-15 13:05:00,East,Medical,386,3,8,Normal,0,22,13,2,0,52.0,127.0,42.333333333333336
4190,2025-01-15 13:10:00,Central,Police,280,2,22,Normal,0,19,13,2,0,22.0,93.0,31.0
4191,2025-01-15 13:15:00,North,Medical,840,3,17,Normal,0,17,13,2,0,19.0,58.0,19.333333333333332
4192,2025-01-15 13:20:00,South,Medical,552,3,10,Normal,0,20,13,2,0,17.0,56.0,18.666666666666668
4193,2025-01-15 13:25:00,East,Medical,793,3,14,Normal,0,23,13,2,0,20.0,60.0,20.0
4194,2025-01-15 13:30:00,East,Medical,802,3,12,Normal,0,23,13,2,0,23.0,66.0,22.0
4195,2025-01-15 13:35:00,West,Police,634,2,24,Severe,0,46,13,2,0,23.0,92.0,30.666666666666668
4196,2025-01-15 13:40:00,East,Medical,839,3,9,Severe,0,36,13,2,0,46.0,105.0,35.0
4197,2025-01-15 13:45:00,North,Police,264,2,28,Normal,0,15,13,2,0,36.0,97.0,32.333333333333336
4198,2025-01-15 13:50:00,South,Police,362,2,29,Normal,0,20,13,2,0,15.0,71.0,23.666666666666668
4199,2025-01-15 13:55:00,West,Medical,384,3,19,Normal,0,22,13,2,0,20.0,57.0,19.0
4200,2025-01-15 14:00:00,West,Medical,478,3,27,Normal,0,20,14,2,0,22.0,62.0,20.666666666666668
4201,2025-01-15 14:05:00,North,Police,612,2,27,Normal,0,11,14,2,0,20.0,53.0,17.666666666666668
4202,2025-01-15 14:10:00,North,Police,598,2,11,Normal,0,22,14,2,0,11.0,53.0,17.666666666666668
4203,2025-01-15 14:15:00,East,Police,517,2,20,Normal,1,30,14,2,0,22.0,63.0,21.0
4204,2025-01-15 14:20:00,Central,Fire,641,4,28,Normal,0,15,14,2,0,30.0,67.0,22.333333333333332
4205,2025-01-15 14:25:00,East,Police,528,2,12,Normal,0,19,14,2,0,15.0,64.0,21.333333333333332
4206,2025-01-15 14:30:00,East,Medical,897,3,5,Normal,0,19,14,2,0,19.0,53.0,17.666666666666668
4207,2025-01-15 14:35:00,Central,Medical,792,3,9,Normal,0,18,14,2,0,19.0,56.0,18.666666666666668
4208,2025-01-15 14:40:00,East,Other,264,1,6,Normal,0,12,14,2,0,18.0,49.0,16.333333333333332
4209,2025-01-15 14:45:00,Central,Fire,895,4,24,Normal,0,23,14,2,0,12.0,53.0,17.666666666666668
4210,2025-01-15 14:50:00,West,Medical,816,3,6,Normal,0,14,14,2,0,23.0,49.0,16.333333333333332
4211,2025-01-15 14:55:00,West,Medical,445,3,16,Severe,0,35,14,2,0,14.0,72.0,24.0
4212,2025-01-15 15:00:00,East,Other,119,1,15,Normal,0,26,15,2,0,35.0,75.0,25.0
4213,2025-01-15 15:05:00,Central,Medical,754,3,19,Normal,0,22,15,2,0,26.0,83.0,27.666666666666668
4214,2025-01-15 15:10:00,North,Medical,656,3,16,Normal,0,12,15,2,0,22.0,60.0,20.0
4215,2025-01-15 15:15:00,Central,Medical,887,3,26,Normal,0,19,15,2,0,12.0,53.0,17.666666666666668
4216,2025-01-15 15:20:00,South,Medical,799,3,14,Normal,0,22,15,2,0,19.0,53.0,17.666666666666668
4217,2025-01-15 15:25:00,East,Medical,469,3,25,Normal,0,14,15,2,0,22.0,55.0,18.333333333333332
4218,2025-01-15 15:30:00,West,Medical,853,3,8,Normal,0,19,15,2,0,14.0,55.0,18.333333333333332
4219,2025-01-15 15:35:00,North,Medical,416,3,22,Normal,0,21,15,2,0,19.0,54.0,18.0
4220,2025-01-15 15:40:00,South,Medical,630,3,5,Normal,0,21,15,2,0,21.0,61.0,20.333333333333332
4221,2025-01-15 15:45:00,North,Other,137,1,22,Normal,1,20,15,2,0,21.0,62.0,20.666666666666668
4222,2025-01-15 15:50:00,West,Police,216,2,28,Normal,0,20,15,2,0,20.0,61.0,20.333333333333332
4223,2025-01-15 15:55:00,South,Police,690,2,25,Normal,0,14,15,2,0,20.0,54.0,18.0
4224,2025-01-15 16:00:00,East,Police,262,2,28,Normal,0,18,16,2,0,14.0,52.0,17.333333333333332
4225,2025-01-15 16:05:00,East,Other,296,1,25,Normal,0,18,16,2,0,18.0,50.0,16.666666666666668
4226,2025-01-15 16:10:00,West,Medical,811,3,7,Normal,0,21,16,2,0,18.0,57.0,19.0
4227,2025-01-15 16:15:00,East,Other,300,1,12,Normal,0,18,16,2,0,21.0,57.0,19.0
4228,2025-01-15 16:20:00,North,Medical,351,3,10,Normal,0,23,16,2,0,18.0,62.0,20.666666666666668
4229,2025-01-15 16:25:00,North,Other,189,1,12,Normal,0,15,16,2,0,23.0,56.0,18.666666666666668
4230,2025-01-15 16:30:00,North,Other,326,1,8,Normal,0,25,16,2,0,15.0,63.0,21.0
4231,2025-01-15 16:35:00,North,Medical,774,3,25,Normal,0,15,16,2,0,25.0,55.0,18.333333333333332
4232,2025-01-15 16:40:00,West,Police,389,2,7,Normal,0,16,16,2,0,15.0,56.0,18.666666666666668
4233,2025-01-15 16:45:00,South,Police,685,2,27,Normal,0,23,16,2,0,16.0,54.0,18.0
4234,2025-01-15 16:50:00,East,Other,203,1,13,Normal,0,15,16,2,0,23.0,54.0,18.0
4235,2025-01-15 16:55:00,East,Police,300,2,18,Normal,0,26,16,2,0,15.0,64.0,21.333333333333332
4236,2025-01-15 17:00:00,Central,Other,219,1,25,Normal,0,25,17,2,0,26.0,66.0,22.0
4237,2025-01-15 17:05:00,North,Other,109,1,9,Normal,0,21,17,2,0,25.0,72.0,24.0
4238,2025-01-15 17:10:00,South,Medical,596,3,28,Normal,0,16,17,2,0,21.0,62.0,20.666666666666668
4239,2025-01-15 17:15:00,East,Police,291,2,27,Normal,0,24,17,2,0,16.0,61.0,20.333333333333332
4240,2025-01-15 17:20:00,East,Other,122,1,26,Normal,0,21,17,2,0,24.0,61.0,20.333333333333332
4241,2025-01-15 17:25:00,East,Medical,732,3,18,Normal,0,18,17,2,0,21.0,63.0,21.0
4242,2025-01-15 17:30:00,South,Medical,308,3,24,Normal,0,23,17,2,0,18.0,62.0,20.666666666666668
4243,2025-01-15 17:35:00,North,Police,264,2,15,Normal,0,15,17,2,0,23.0,56.0,18.666666666666668
4244,2025-01-15 17:40:00,East,Medical,472,3,24,Normal,0,22,17,2,0,15.0,60.0,20.0
4245,2025-01-15 17:45:00,North,Police,718,2,16,Normal,0,18,17,2,0,22.0,55.0,18.333333333333332
4246,2025-01-15 17:50:00,West,Other,382,1,26,Normal,0,27,17,2,0,18.0,67.0,22.333333333333332
4247,2025-01-15 17:55:00,West,Medical,383,3,24,Normal,0,14,17,2,0,27.0,59.0,19.666666666666668
4248,2025-01-15 18:00:00,North,Police,240,2,18,Normal,0,34,18,2,0,14.0,75.0,25.0
4249,2025-01-15 18:05:00,North,Medical,627,3,6,Normal,0,31,18,2,0,34.0,79.0,26.333333333333332
4250,2025-01-15 18:10:00,East,Medical,442,3,21,Normal,0,23,18,2,0,31.0,88.0,29.333333333333332
4251,2025-01-15 18:15:00,West,Medical,573,3,19,Normal,0,31,18,2,0,23.0,85.0,28.333333333333332
4252,2025-01-15 18:20:00,Central,Fire,970,4,5,Normal,0,30,18,2,0,31.0,84.0,28.0
4253,2025-01-15 18:25:00,East,Police,694,2,18,Normal,0,32,18,2,0,30.0,93.0,31.0
4254,2025-01-15 18:30:00,North,Medical,719,3,17,Normal,0,24,18,2,0,32.0,86.0,28.666666666666668
4255,2025-01-15 18:35:00,West,Police,273,2,9,Normal,0,41,18,2,0,24.0,97.0,32.333333333333336
4256,2025-01-15 18:40:00,North,Fire,1123,4,16,Normal,0,39,18,2,0,41.0,104.0,34.666666666666664
4257,2025-01-15 18:45:00,Central,Medical,373,3,14,Normal,1,43,18,2,0,39.0,123.0,41.0
4258,2025-01-15 18:50:00,West,Medical,767,3,20,Normal,1,45,18,2,0,43.0,127.0,42.333333333333336
4259,2025-01-15 18:55:00,North,Medical,877,3,29,Normal,0,28,18,2,0,45.0,116.0,38.666666666666664
4260,2025-01-15 19:00:00,South,Police,461,2,29,Severe,0,52,19,2,0,28.0,125.0,41.666666666666664
4261,2025-01-15 19:05:00,Central,Police,289,2,27,Normal,0,25,19,2,0,52.0,105.0,35.0
4262,2025-01-15 19:10:00,South,Police,307,2,16,Normal,0,36,19,2,0,25.0,113.0,37.666666666666664
4263,2025-01-15 19:15:00,North,Medical,687,3,6,Normal,0,31,19,2,0,36.0,92.0,30.666666666666668
4264,2025-01-15 19:20:00,South,Medical,507,3,23,Normal,0,25,19,2,0,31.0,92.0,30.666666666666668
4265,2025-01-15 19:25:00,North,Medical,324,3,20,Normal,0,27,19,2,0,25.0,83.0,27.666666666666668
4266,2025-01-15 19:30:00,North,Medical,332,3,5,Normal,0,36,19,2,0,27.0,88.0,29.333333333333332
4267,2025-01-15 19:35:00,East,Police,463,2,9,Normal,0,31,19,2,0,36.0,94.0,31.333333333333332
4268,2025-01-15 19:40:00,South,Medical,414,3,28,Normal,0,31,19,2,0,31.0,98.0,32.666666666666664
4269,2025-01-15 19:45:00,West,Medical,873,3,14,Normal,0,27,19,2,0,31.0,89.0,29.666666666666668
4270,2025-01-15 19:50:00,Central,Other,199,1,8,Normal,0,32,19,2,0,27.0,90.0,30.0
4271,2025-01-15 19:55:00,West,Medical,844,3,22,Normal,0,21,19,2,0,32.0,80.0,26.666666666666668
4272,2025-01-15 20:00:00,Central,Police,740,2,8,Normal,0,21,20,2,0,21.0,74.0,24.666666666666668
4273,2025-01-15 20:05:00,South,Medical,822,3,14,Severe,0,45,20,2,0,21.0,87.0,29.0
4274,2025-01-15 20:10:00,West,Police,359,2,5,Normal,0,27,20,2,0,45.0,93.0,31.0
4275,2025-01-15 20:15:00,North,Medical,665,3,6,Normal,0,27,20,2,0,27.0,99.0,33.0
4276,2025-01-15 20:20:00,East,Medical,728,3,7,Normal,0,35,20,2,0,27.0,89.0,29.666666666666668
4277,2025-01-15 20:25:00,North,Fire,869,4,14,Normal,1,50,20,2,0,35.0,112.0,37.333333333333336
4278,2025-01-15 20:30:00,West,Medical,620,3,23,Normal,0,27,20,2,0,50.0,112.0,37.333333333333336
4279,2025-01-15 20:35:00,North,Other,396,1,29,Normal,0,29,20,2,0,27.0,106.0,35.333333333333336
4280,2025-01-15 20:40:00,East,Medical,392,3,10,Normal,0,39,20,2,0,29.0,95.0,31.666666666666668
4281,2025-01-15 20:45:00,South,Police,522,2,8,Normal,0,33,20,2,0,39.0,101.0,33.666666666666664
4282,2025-01-15 20:50:00,South,Medical,499,3,14,Severe,0,49,20,2,0,33.0,121.0,40.333333333333336
4283,2025-01-15 20:55:00,Central,Fire,826,4,17,Normal,1,36,20,2,0,49.0,118.0,39.333333333333336
4284,2025-01-15 21:00:00,West,Other,139,1,17,Severe,0,40,21,2,0,36.0,125.0,41.666666666666664
4285,2025-01-15 21:05:00,North,Other,303,1,15,Normal,0,17,21,2,0,40.0,93.0,31.0
4286,2025-01-15 21:10:00,West,Police,491,2,21,Normal,0,16,21,2,0,17.0,73.0,24.333333333333332
4287,2025-01-15 21:15:00,East,Medical,843,3,14,Normal,0,22,21,2,0,16.0,55.0,18.333333333333332
4288,2025-01-15 21:20:00,South,Police,520,2,21,Severe,0,40,21,2,0,22.0,78.0,26.0
4289,2025-01-15 21:25:00,West,Police,210,2,23,Normal,0,25,21,2,0,40.0,87.0,29.0
4290,2025-01-15 21:30:00,East,Medical,541,3,13,Normal,0,22,21,2,0,25.0,87.0,29.0
4291,2025-01-15 21:35:00,West,Other,230,1,6,Normal,0,26,21,2,0,22.0,73.0,24.333333333333332
4292,2025-01-15 21:40:00,Central,Police,734,2,28,Normal,0,21,21,2,0,26.0,69.0,23.0
4293,2025-01-15 21:45:00,South,Medical,358,3,17,Normal,1,40,21,2,0,21.0,87.0,29.0
4294,2025-01-15 21:50:00,South,Police,798,2,20,Normal,1,37,21,2,0,40.0,98.0,32.666666666666664
4295,2025-01-15 21:55:00,South,Other,214,1,27,Normal,0,19,21,2,0,37.0,96.0,32.0
4296,2025-01-15 22:00:00,East,Medical,546,3,10,Normal,1,33,22,2,0,19.0,89.0,29.666666666666668
4297,2025-01-15 22:05:00,South,Other,268,1,28,Severe,0,42,22,2,0,33.0,94.0,31.333333333333332
4298,2025-01-15 22:10:00,East,Police,530,2,12,Severe,0,34,22,2,0,42.0,109.0,36.333333333333336
4299,2025-01-15 22:15:00,Central,Police,610,2,29,Normal,0,23,22,2,0,34.0,99.0,33.0
4300,2025-01-15 22:20:00,Central,Other,381,1,21,Normal,0,14,22,2,0,23.0,71.0,23.666666666666668
4301,2025-01-15 22:25:00,South,Police,593,2,10,Normal,0,26,22,2,0,14.0,63.0,21.0
4302,2025-01-15 22:30:00,South,Police,464,2,18,Normal,0,24,22,2,0,26.0,64.0,21.333333333333332
4303,2025-01-15 22:35:00,West,Medical,407,3,19,Normal,1,41,22,2,0,24.0,91.0,30.333333333333332
4304,2025-01-15 22:40:00,South,Fire,1148,4,19,Normal,0,14,22,2,0,41.0,79.0,26.333333333333332
4305,2025-01-15 22:45:00,North,Medical,581,3,12,Normal,0,17,22,2,0,14.0,72.0,24.0
4306,2025-01-15 22:50:00,East,Medical,886,3,10,Severe,0,31,22,2,0,17.0,62.0,20.666666666666668
4307,2025-01-15 22:55:00,North,Medical,892,3,5,Normal,0,17,22,2,0,31.0,65.0,21.666666666666668
4308,2025-01-15 23:00:00,West,Fire,464,4,13,Severe,0,32,23,2,0,17.0,80.0,26.666666666666668
4309,2025-01-15 23:05:00,South,Other,178,1,11,Normal,0,22,23,2,0,32.0,71.0,23.666666666666668
4310,2025-01-15 23:10:00,Central,Other,311,1,12,Normal,0,15,23,2,0,22.0,69.0,23.0
4311,2025-01-15 23:15:00,South,Police,299,2,22,Normal,0,14,23,2,0,15.0,51.0,17.0
4312,2025-01-15 23:20:00,West,Police,287,2,25,Normal,0,21,23,2,0,14.0,50.0,16.666666666666668
4313,2025-01-15 23:25:00,South,Police,778,2,27,Severe,0,38,23,2,0,21.0,73.0,24.333333333333332
4314,2025-01-15 23:30:00,Central,Medical,868,3,29,Normal,0,16,23,2,0,38.0,75.0,25.0
4315,2025-01-15 23:35:00,North,Medical,417,3,26,Normal,0,21,23,2,0,16.0,75.0,25.0
4316,2025-01-15 23:40:00,West,Police,753,2,5,Normal,0,17,23,2,0,21.0,54.0,18.0
4317,2025-01-15 23:45:00,Central,Police,358,2,6,Normal,0,18,23,2,0,17.0,56.0,18.666666666666668
4318,2025-01-15 23:50:00,East,Medical,808,3,25,Normal,0,26,23,2,0,18.0,61.0,20.333333333333332
4319,2025-01-15 23:55:00,Central,Medical,328,3,23,Normal,0,19,23,2,0,26.0,63.0,21.0
4320,2025-01-16 00:00:00,North,Police,576,2,20,Normal,0,24,0,3,0,19.0,69.0,23.0
4321,2025-01-16 00:05:00,Central,Other,185,1,29,Normal,0,21,0,3,0,24.0,64.0,21.333333333333332
4322,2025-01-16 00:10:00,North,Other,335,1,6,Normal,0,16,0,3,0,21.0,61.0,20.333333333333332
4323,2025-01-16 00:15:00,Central,Fire,607,4,11,Normal,0,26,0,3,0,16.0,63.0,21.0
4324,2025-01-16 00:20:00,West,Police,722,2,10,Normal,0,20,0,3,0,26.0,62.0,20.666666666666668
4325,2025-01-16 00:25:00,West,Medical,565,3,24,Severe,0,29,0,3,0,20.0,75.0,25.0
4326,2025-01-16 00:30:00,Central,Medical,325,3,12,Normal,0,14,0,3,0,29.0,63.0,21.0
4327,2025-01-16 00:35:00,West,Medical,531,3,26,Normal,0,22,0,3,0,14.0,65.0,21.666666666666668
4328,2025-01-16 00:40:00,West,Police,486,2,20,Normal,0,23,0,3,0,22.0,59.0,19.666666666666668
4329,2025-01-16 00:45:00,South,Medical,841,3,27,Normal,0,23,0,3,0,23.0,68.0,22.666666666666668
4330,2025-01-16 00:50:00,Central,Medical,409,3,11,Normal,0,19,0,3,0,23.0,65.0,21.666666666666668
4331,2025-01-16 00:55:00,West,Medical,649,3,23,Normal,0,21,0,3,0,19.0,63.0,21.0
4332,2025-01-16 01:00:00,West,Police,335,2,11,Normal,0,13,1,3,0,21.0,53.0,17.666666666666668
4333,2025-01-16 01:05:00,Central,Medical,800,3,13,Normal,0,25,1,3,0,13.0,59.0,19.666666666666668
4334,2025-01-16 01:10:00,South,Police,728,2,18,Normal,0,24,1,3,0,25.0,62.0,20.666666666666668
4335,2025-01-16 01:15:00,North,Other,263,1,24,Normal,0,13,1,3,0,24.0,62.0,20.666666666666668
4336,2025-01-16 01:20:00,West,Fire,541,4,29,Severe,0,46,1,3,0,13.0,83.0,27.666666666666668
4337,2025-01-16 01:25:00,South,Police,589,2,29,Normal,0,14,1,3,0,46.0,73.0,24.333333333333332
4338,2025-01-16 01:30:00,North,Police,466,2,24,Normal,0,14,1,3,0,14.0,74.0,24.666666666666668
4339,2025-01-16 01:35:00,West,Police,553,2,8,Normal,0,21,1,3,0,14.0,49.0,16.333333333333332
4340,2025-01-16 01:40:00,North,Medical,356,3,17,Normal,0,18,1,3,0,21.0,53.0,17.666666666666668
4341,2025-01-16 01:45:00,Central,Medical,756,3,12,Normal,0,25,1,3,0,18.0,64.0,21.333333333333332
4342,2025-01-16 01:50:00,Central,Medical,463,3,28,Severe,0,37,1,3,0,25.0,80.0,26.666666666666668
4343,2025-01-16 01:55:00,North,Police,775,2,23,Normal,0,22,1,3,0,37.0,84.0,28.0
4344,2025-01-16 02:00:00,Central,Medical,616,3,23,Normal,0,16,2,3,0,22.0,75.0,25.0
4345,2025-01-16 02:05:00,South,Other,110,1,11,Normal,0,20,2,3,0,16.0,58.0,19.333333333333332
4346,2025-01-16 02:10:00,North,Fire,720,4,29,Severe,0,46,2,3,0,20.0,82.0,27.333333333333332
4347,2025-01-16 02:15:00,West,Medical,789,3,20,Normal,0,17,2,3,0,46.0,83.0,27.666666666666668
4348,2025-01-16 02:20:00,West,Fire,465,4,27,Normal,0,22,2,3,0,17.0,85.0,28.333333333333332
4349,2025-01-16 02:25:00,North,Other,207,1,27,Normal,0,23,2,3,0,22.0,62.0,20.666666666666668
4350,2025-01-16 02:30:00,South,Police,685,2,18,Normal,0,14,2,3,0,23.0,59.0,19.666666666666668
4351,2025-01-16 02:35:00,Central,Medical,806,3,21,Normal,0,19,2,3,0,14.0,56.0,18.666666666666668
4352,2025-01-16 02:40:00,North,Medical,513,3,13,Normal,0,19,2,3,0,19.0,52.0,17.333333333333332
4353,2025-01-16 02:45:00,North,Medical,357,3,25,Normal,0,14,2,3,0,19.0,52.0,17.333333333333332
4354,2025-01-16 02:50:00,East,Medical,570,3,20,Normal,0,21,2,3,0,14.0,54.0,18.0
4355,2025-01-16 02:55:00,Central,Police,582,2,6,Normal,0,16,2,3,0,21.0,51.0,17.0
4356,2025-01-16 03:00:00,West,Police,501,2,18,Normal,0,21,3,3,0,16.0,58.0,19.333333333333332
4357,2025-01-16 03:05:00,Central,Other,244,1,8,Normal,0,24,3,3,0,21.0,61.0,20.333333333333332
4358,2025-01-16 03:10:00,Central,Other,313,1,14,Normal,0,21,3,3,0,24.0,66.0,22.0
4359,2025-01-16 03:15:00,South,Police,350,2,16,Normal,0,25,3,3,0,21.0,70.0,23.333333333333332
4360,2025-01-16 03:20:00,South,Police,241,2,25,Normal,0,23,3,3,0,25.0,69.0,23.0
4361,2025-01-16 03:25:00,East,Police,787,2,22,Normal,0,20,3,3,0,23.0,68.0,22.666666666666668
4362,2025-01-16 03:30:00,East,Other,346,1,24,Normal,0,27,3,3,0,20.0,70.0,23.333333333333332
4363,2025-01-16 03:35:00,South,Police,430,2,19,Normal,0,22,3,3,0,27.0,69.0,23.0
4364,2025-01-16 03:40:00,East,Police,733,2,27,Normal,1,34,3,3,0,22.0,83.0,27.666666666666668
4365,2025-01-16 03:45:00,South,Medical,416,3,5,Normal,0,15,3,3,0,34.0,71.0,23.666666666666668
4366,2025-01-16 03:50:00,East,Medical,379,3,23,Normal,0,17,3,3,0,15.0,66.0,22.0
4367,2025-01-16 03:55:00,North,Police,246,2,25,Normal,1,33,3,3,0,17.0,65.0,21.666666666666668
4368,2025-01-16 04:00:00,Central,Other,365,1,7,Normal,0,19,4,3,0,33.0,69.0,23.0
4369,2025-01-16 04:05:00,East,Medical,492,3,28,Normal,0,20,4,3,0,19.0,72.0,24.0
4370,2025-01-16 04:10:00,East,Other,108,1,9,Normal,0,13,4,3,0,20.0,52.0,17.333333333333332
4371,2025-01-16 04:15:00,Central,Police,672,2,17,Normal,0,22,4,3,0,13.0,55.0,18.333333333333332
4372,2025-01-16 04:20:00,West,Police,326,2,17,Normal,0,27,4,3,0,22.0,62.0,20.666666666666668
4373,2025-01-16 04:25:00,West,Medical,511,3,20,Normal,0,20,4,3,0,27.0,69.0,23.0
4374,2025-01-16 04:30:00,East,Medical,345,3,19,Normal,0,16,4,3,0,20.0,63.0,21.0
4375,2025-01-16 04:35:00,East,Other,330,1,7,Normal,0,25,4,3,0,16.0,61.0,20.333333333333332
4376,2025-01-16 04:40:00,West,Police,469,2,26,Normal,0,18,4,3,0,25.0,59.0,19.666666666666668
4377,2025-01-16 04:45:00,East,Medical,384,3,6,Normal,0,15,4,3,0,18.0,58.0,19.333333333333332
4378,2025-01-16 04:50:00,North,Other,244,1,20,Normal,0,18,4,3,0,15.0,51.0,17.0
4379,2025-01-16 04:55:00,Central,Police,246,2,29,Normal,0,23,4,3,0,18.0,56.0,18.666666666666668
4380,2025-01-16 05:00:00,South,Police,508,2,13,Normal,0,15,5,3,0,23.0,56.0,18.666666666666668
4381,2025-01-16 05:05:00,North,Police,539,2,16,Normal,0,13,5,3,0,15.0,51.0,17.0
4382,2025-01-16 05:10:00,South,Police,283,2,9,Normal,0,24,5,3,0,13.0,52.0,17.333333333333332
4383,2025-01-16 05:15:00,West,Police,221,2,16,Normal,0,15,5,3,0,24.0,52.0,17.333333333333332
4384,2025-01-16 05:20:00,East,Police,695,2,10,Normal,0,18,5,3,0,15.0,57.0,19.0
4385,2025-01-16 05:25:00,East,Other,226,1,14,Normal,0,21,5,3,0,18.0,54.0,18.0
4386,2025-01-16 05:30:00,Central,Police,329,2,15,Normal,0,25,5,3,0,21.0,64.0,21.333333333333332
4387,2025-01-16 05:35:00,East,Medical,581,3,7,Severe,0,52,5,3,0,25.0,98.0,32.666666666666664
4388,2025-01-16 05:40:00,South,Fire,1095,4,16,Normal,0,20,5,3,0,52.0,97.0,32.333333333333336
4389,2025-01-16 05:45:00,North,Medical,583,3,18,Normal,0,27,5,3,0,20.0,99.0,33.0
4390,2025-01-16 05:50:00,West,Police,434,2,14,Normal,0,17,5,3,0,27.0,64.0,21.333333333333332
4391,2025-01-16 05:55:00,Central,Police,402,2,29,Severe,0,38,5,3,0,17.0,82.0,27.333333333333332
4392,2025-01-16 06:00:00,South,Medical,547,3,28,Normal,0,16,6,3,0,38.0,71.0,23.666666666666668
4393,2025-01-16 06:05:00,North,Fire,1118,4,8,Normal,0,32,6,3,0,16.0,86.0,28.666666666666668
4394,2025-01-16 06:10:00,North,Police,230,2,18,Normal,0,21,6,3,0,32.0,69.0,23.0
4395,2025-01-16 06:15:00,South,Medical,605,3,19,Normal,0,21,6,3,0,21.0,74.0,24.666666666666668
4396,2025-01-16 06:20:00,East,Police,448,2,8,Normal,0,22,6,3,0,21.0,64.0,21.333333333333332
4397,2025-01-16 06:25:00,East,Medical,692,3,23,Normal,0,16,6,3,0,22.0,59.0,19.666666666666668
4398,2025-01-16 06:30:00,South,Police,380,2,29,Severe,0,33,6,3,0,16.0,71.0,23.666666666666668
4399,2025-01-16 06:35:00,South,Medical,544,3,15,Normal,0,18,6,3,0,33.0,67.0,22.333333333333332
4400,2025-01-16 06:40:00,North,Medical,782,3,25,Normal,0,13,6,3,0,18.0,64.0,21.333333333333332
4401,2025-01-16 06:45:00,East,Medical,591,3,24,Normal,0,30,6,3,0,13.0,61.0,20.333333333333332
4402,2025-01-16 06:50:00,Central,Police,245,2,23,Normal,0,25,6,3,0,30.0,68.0,22.666666666666668
4403,2025-01-16 06:55:00,South,Other,180,1,29,Normal,0,16,6,3,0,25.0,71.0,23.666666666666668
4404,2025-01-16 07:00:00,East,Fire,1159,4,27,Normal,0,16,7,3,0,16.0,57.0,19.0
4405,2025-01-16 07:05:00,South,Other,258,1,21,Normal,0,22,7,3,0,16.0,54.0,18.0
4406,2025-01-16 07:10:00,Central,Other,286,1,13,Normal,0,19,7,3,0,22.0,57.0,19.0
4407,2025-01-16 07:15:00,Central,Medical,692,3,21,Normal,0,25,7,3,0,19.0,66.0,22.0
4408,2025-01-16 07:20:00,East,Police,702,2,8,Normal,0,20,7,3,0,25.0,64.0,21.333333333333332
4409,2025-01-16 07:25:00,Central,Medical,882,3,21,Severe,0,35,7,3,0,20.0,80.0,26.666666666666668
4410,2025-01-16 07:30:00,East,Medical,333,3,5,Normal,0,22,7,3,0,35.0,77.0,25.666666666666668
4411,2025-01-16 07:35:00,East,Medical,821,3,23,Normal,0,17,7,3,0,22.0,74.0,24.666666666666668
4412,2025-01-16 07:40:00,South,Police,427,2,20,Normal,0,24,7,3,0,17.0,63.0,21.0
4413,2025-01-16 07:45:00,North,Medical,584,3,22,Normal,0,25,7,3,0,24.0,66.0,22.0
4414,2025-01-16 07:50:00,North,Police,494,2,9,Normal,0,22,7,3,0,25.0,71.0,23.666666666666668
4415,2025-01-16 07:55:00,East,Medical,304,3,17,Normal,0,14,7,3,0,22.0,61.0,20.333333333333332
4416,2025-01-16 08:00:00,South,Police,243,2,8,Normal,0,32,8,3,0,14.0,68.0,22.666666666666668
4417,2025-01-16 08:05:00,East,Other,201,1,21,Normal,0,39,8,3,0,32.0,85.0,28.333333333333332
4418,2025-01-16 08:10:00,South,Medical,320,3,6,Normal,0,31,8,3,0,39.0,102.0,34.0
4419,2025-01-16 08:15:00,West,Police,506,2,12,Normal,0,25,8,3,0,31.0,95.0,31.666666666666668
4420,2025-01-16 08:20:00,East,Other,241,1,19,Normal,0,31,8,3,0,25.0,87.0,29.0
4421,2025-01-16 08:25:00,North,Other,164,1,11,Normal,0,32,8,3,0,31.0,88.0,29.333333333333332
4422,2025-01-16 08:30:00,North,Medical,308,3,23,Normal,0,26,8,3,0,32.0,89.0,29.666666666666668
4423,2025-01-16 08:35:00,North,Other,385,1,17,Normal,0,27,8,3,0,26.0,85.0,28.333333333333332
4424,2025-01-16 08:40:00,East,Other,390,1,18,Normal,1,52,8,3,0,27.0,105.0,35.0
4425,2025-01-16 08:45:00,South,Other,234,1,11,Normal,0,29,8,3,0,52.0,108.0,36.0
4426,2025-01-16 08:50:00,West,Medical,441,3,7,Normal,0,35,8,3,0,29.0,116.0,38.666666666666664
4427,2025-01-16 08:55:00,East,Medical,506,3,26,Normal,0,30,8,3,0,35.0,94.0,31.333333333333332
4428,2025-01-16 09:00:00,East,Police,303,2,13,Normal,0,35,9,3,0,30.0,100.0,33.333333333333336
4429,2025-01-16 09:05:00,West,Police,756,2,29,Normal,0,33,9,3,0,35.0,98.0,32.666666666666664
4430,2025-01-16 09:10:00,East,Other,377,1,19,Normal,0,30,9,3,0,33.0,98.0,32.666666666666664
4431,2025-01-16 09:15:00,West,Other,119,1,19,Normal,0,28,9,3,0,30.0,91.0,30.333333333333332
4432,2025-01-16 09:20:00,Central,Medical,713,3,24,Normal,0,24,9,3,0,28.0,82.0,27.333333333333332
4433,2025-01-16 09:25:00,South,Medical,703,3,19,Normal,0,32,9,3,0,24.0,84.0,28.0
4434,2025-01-16 09:30:00,East,Police,498,2,11,Normal,0,30,9,3,0,32.0,86.0,28.666666666666668
4435,2025-01-16 09:35:00,North,Medical,589,3,8,Normal,0,25,9,3,0,30.0,87.0,29.0
4436,2025-01-16 09:40:00,West,Police,553,2,24,Normal,0,26,9,3,0,25.0,81.0,27.0
4437,2025-01-16 09:45:00,Central,Medical,746,3,14,Normal,0,28,9,3,0,26.0,79.0,26.333333333333332
4438,2025-01-16 09:50:00,West,Medical,676,3,6,Normal,0,24,9,3,0,28.0,78.0,26.0
4439,2025-01-16 09:55:00,West,Police,330,2,27,Normal,0,35,9,3,0,24.0,87.0,29.0
4440,2025-01-16 10:00:00,West,Medical,803,3,28,Normal,0,31,10,3,0,35.0,90.0,30.0
4441,2025-01-16 10:05:00,Central,Other,378,1,13,Normal,0,22,10,3,0,31.0,88.0,29.333333333333332
4442,2025-01-16 10:10:00,East,Other,288,1,14,Normal,0,18,10,3,0,22.0,71.0,23.666666666666668
4443,2025-01-16 10:15:00,East,Other,119,1,13,Normal,0,18,10,3,0,18.0,58.0,19.333333333333332
4444,2025-01-16 10:20:00,South,Medical,843,3,16,Severe,0,34,10,3,0,18.0,70.0,23.333333333333332
4445,2025-01-16 10:25:00,Central,Medical,477,3,5,Normal,1,30,10,3,0,34.0,82.0,27.333333333333332
4446,2025-01-16 10:30:00,Central,Medical,612,3,15,Normal,0,17,10,3,0,30.0,81.0,27.0
4447,2025-01-16 10:35:00,Central,Other,185,1,20,Severe,0,41,10,3,0,17.0,88.0,29.333333333333332
4448,2025-01-16 10:40:00,East,Police,367,2,23,Normal,0,14,10,3,0,41.0,72.0,24.0
4449,2025-01-16 10:45:00,South,Medical,720,3,15,Normal,0,24,10,3,0,14.0,79.0,26.333333333333332
4450,2025-01-16 10:50:00,North,Police,626,2,13,Normal,0,22,10,3,0,24.0,60.0,20.0
4451,2025-01-16 10:55:00,West,Police,740,2,26,Normal,1,48,10,3,0,22.0,94.0,31.333333333333332
4452,2025-01-16 11:00:00,Central,Medical,384,3,22,Normal,0,17,11,3,0,48.0,87.0,29.0
4453,2025-01-16 11:05:00,Central,Fire,596,4,11,Normal,0,23,11,3,0,17.0,88.0,29.333333333333332
4454,2025-01-16 11:10:00,North,Police,699,2,14,Normal,0,30,11,3,0,23.0,70.0,23.333333333333332
4455,2025-01-16 11:15:00,South,Medical,375,3,20,Normal,0,19,11,3,0,30.0,72.0,24.0
4456,2025-01-16 11:20:00,East,Police,625,2,26,Severe,0,52,11,3,0,19.0,101.0,33.666666666666664
4457,2025-01-16 11:25:00,South,Police,790,2,13,Normal,0,16,11,3,0,52.0,87.0,29.0
4458,2025-01-16 11:30:00,Central,Other,137,1,12,Normal,0,20,11,3,0,16.0,88.0,29.333333333333332
4459,2025-01-16 11:35:00,Central,Medical,587,3,11,Normal,0,15,11,3,0,20.0,51.0,17.0
4460,2025-01-16 11:40:00,West,Police,300,2,16,Normal,0,19,11,3,0,15.0,54.0,18.0
4461,2025-01-16 11:45:00,Central,Other,357,1,10,Normal,0,18,11,3,0,19.0,52.0,17.333333333333332
4462,2025-01-16 11:50:00,South,Medical,869,3,7,Normal,0,29,11,3,0,18.0,66.0,22.0
4463,2025-01-16 11:55:00,Central,Other,155,1,28,Normal,0,18,11,3,0,29.0,65.0,21.666666666666668
4464,2025-01-16 12:00:00,South,Other,292,1,15,Normal,0,32,12,3,0,18.0,79.0,26.333333333333332
4465,2025-01-16 12:05:00,Central,Fire,597,4,8,Normal,0,12,12,3,0,32.0,62.0,20.666666666666668
4466,2025-01-16 12:10:00,West,Medical,741,3,5,Normal,0,20,12,3,0,12.0,64.0,21.333333333333332
4467,2025-01-16 12:15:00,Central,Fire,670,4,9,Normal,0,21,12,3,0,20.0,53.0,17.666666666666668
4468,2025-01-16 12:20:00,North,Police,429,2,17,Normal,0,21,12,3,0,21.0,62.0,20.666666666666668
4469,2025-01-16 12:25:00,Central,Medical,887,3,15,Normal,0,28,12,3,0,21.0,70.0,23.333333333333332
4470,2025-01-16 12:30:00,South,Police,429,2,7,Normal,0,25,12,3,0,28.0,74.0,24.666666666666668
4471,2025-01-16 12:35:00,West,Medical,735,3,18,Normal,0,20,12,3,0,25.0,73.0,24.333333333333332
4472,2025-01-16 12:40:00,South,Fire,631,4,14,Normal,0,25,12,3,0,20.0,70.0,23.333333333333332
4473,2025-01-16 12:45:00,West,Medical,882,3,26,Normal,0,16,12,3,0,25.0,61.0,20.333333333333332
4474,2025-01-16 12:50:00,East,Other,182,1,25,Normal,0,16,12,3,0,16.0,57.0,19.0
4475,2025-01-16 12:55:00,South,Other,217,1,27,Normal,0,20,12,3,0,16.0,52.0,17.333333333333332
4476,2025-01-16 13:00:00,West,Fire,1088,4,18,Normal,0,23,13,3,0,20.0,59.0,19.666666666666668
4477,2025-01-16 13:05:00,West,Medical,318,3,19,Normal,0,20,13,3,0,23.0,63.0,21.0
4478,2025-01-16 13:10:00,West,Medical,409,3,12,Normal,0,27,13,3,0,20.0,70.0,23.333333333333332
4479,2025-01-16 13:15:00,North,Fire,502,4,13,Normal,0,21,13,3,0,27.0,68.0,22.666666666666668
4480,2025-01-16 13:20:00,North,Medical,736,3,8,Normal,0,20,13,3,0,21.0,68.0,22.666666666666668
4481,2025-01-16 13:25:00,South,Police,475,2,24,Normal,0,30,13,3,0,20.0,71.0,23.666666666666668
4482,2025-01-16 13:30:00,Central,Fire,628,4,12,Normal,0,19,13,3,0,30.0,69.0,23.0
4483,2025-01-16 13:35:00,East,Other,375,1,12,Normal,0,20,13,3,0,19.0,69.0,23.0
4484,2025-01-16 13:40:00,Central,Medical,822,3,21,Normal,0,21,13,3,0,20.0,60.0,20.0
4485,2025-01-16 13:45:00,East,Medical,334,3,28,Normal,0,21,13,3,0,21.0,62.0,20.666666666666668
4486,2025-01-16 13:50:00,East,Medical,477,3,18,Severe,1,43,13,3,0,21.0,85.0,28.333333333333332
4487,2025-01-16 13:55:00,West,Medical,847,3,13,Normal,0,18,13,3,0,43.0,82.0,27.333333333333332
4488,2025-01-16 14:00:00,Central,Police,470,2,6,Severe,0,47,14,3,0,18.0,108.0,36.0
4489,2025-01-16 14:05:00,North,Police,321,2,19,Normal,0,24,14,3,0,47.0,89.0,29.666666666666668
4490,2025-01-16 14:10:00,North,Medical,536,3,19,Normal,0,26,14,3,0,24.0,97.0,32.333333333333336
4491,2025-01-16 14:15:00,South,Other,243,1,12,Normal,1,40,14,3,0,26.0,90.0,30.0
4492,2025-01-16 14:20:00,Central,Other,246,1,23,Normal,0,26,14,3,0,40.0,92.0,30.666666666666668
4493,2025-01-16 14:25:00,West,Police,413,2,17,Severe,0,36,14,3,0,26.0,102.0,34.0
4494,2025-01-16 14:30:00,South,Other,196,1,14,Normal,0,14,14,3,0,36.0,76.0,25.333333333333332
4495,2025-01-16 14:35:00,North,Medical,311,3,28,Normal,0,17,14,3,0,14.0,67.0,22.333333333333332
4496,2025-01-16 14:40:00,West,Medical,545,3,10,Normal,0,22,14,3,0,17.0,53.0,17.666666666666668
4497,2025-01-16 14:45:00,Central,Police,547,2,16,Normal,0,22,14,3,0,22.0,61.0,20.333333333333332
4498,2025-01-16 14:50:00,West,Police,272,2,14,Normal,0,30,14,3,0,22.0,74.0,24.666666666666668
4499,2025-01-16 14:55:00,Central,Police,669,2,20,Normal,0,12,14,3,0,30.0,64.0,21.333333333333332
4500,2025-01-16 15:00:00,South,Medical,678,3,23,Severe,0,36,15,3,0,12.0,78.0,26.0
4501,2025-01-16 15:05:00,North,Police,351,2,17,Normal,0,17,15,3,0,36.0,65.0,21.666666666666668
4502,2025-01-16 15:10:00,East,Medical,590,3,24,Normal,0,22,15,3,0,17.0,75.0,25.0
4503,2025-01-16 15:15:00,East,Police,592,2,11,Severe,0,50,15,3,0,22.0,89.0,29.666666666666668
4504,2025-01-16 15:20:00,East,Police,242,2,7,Normal,0,19,15,3,0,50.0,91.0,30.333333333333332
4505,2025-01-16 15:25:00,South,Medical,862,3,15,Normal,1,33,15,3,0,19.0,102.0,34.0
4506,2025-01-16 15:30:00,West,Medical,791,3,12,Normal,0,14,15,3,0,33.0,66.0,22.0
4507,2025-01-16 15:35:00,East,Fire,630,4,16,Normal,0,16,15,3,0,14.0,63.0,21.0
4508,2025-01-16 15:40:00,West,Other,218,1,8,Normal,0,18,15,3,0,16.0,48.0,16.0
4509,2025-01-16 15:45:00,East,Medical,564,3,17,Normal,0,24,15,3,0,18.0,58.0,19.333333333333332
4510,2025-01-16 15:50:00,West,Medical,338,3,14,Severe,0,39,15,3,0,24.0,81.0,27.0
4511,2025-01-16 15:55:00,East,Police,207,2,19,Normal,0,17,15,3,0,39.0,80.0,26.666666666666668
4512,2025-01-16 16:00:00,West,Medical,724,3,22,Normal,0,20,16,3,0,17.0,76.0,25.333333333333332
4513,2025-01-16 16:05:00,East,Medical,678,3,8,Normal,0,14,16,3,0,20.0,51.0,17.0
4514,2025-01-16 16:10:00,South,Medical,658,3,17,Normal,1,31,16,3,0,14.0,65.0,21.666666666666668
4515,2025-01-16 16:15:00,South,Medical,384,3,5,Normal,0,20,16,3,0,31.0,65.0,21.666666666666668
4516,2025-01-16 16:20:00,East,Other,378,1,12,Normal,0,14,16,3,0,20.0,65.0,21.666666666666668
4517,2025-01-16 16:25:00,West,Medical,810,3,26,Normal,1,41,16,3,0,14.0,75.0,25.0
4518,2025-01-16 16:30:00,South,Fire,699,4,16,Normal,0,14,16,3,0,41.0,69.0,23.0
4519,2025-01-16 16:35:00,South,Other,279,1,20,Normal,0,22,16,3,0,14.0,77.0,25.666666666666668
4520,2025-01-16 16:40:00,East,Medical,397,3,10,Normal,0,13,16,3,0,22.0,49.0,16.333333333333332
4521,2025-01-16 16:45:00,West,Other,306,1,29,Normal,0,22,16,3,0,13.0,57.0,19.0
4522,2025-01-16 16:50:00,East,Other,129,1,16,Normal,0,18,16,3,0,22.0,53.0,17.666666666666668
4523,2025-01-16 16:55:00,Central,Police,689,2,27,Normal,0,11,16,3,0,18.0,51.0,17.0
4524,2025-01-16 17:00:00,North,Police,799,2,15,Normal,0,11,17,3,0,11.0,40.0,13.333333333333334
4525,2025-01-16 17:05:00,North,Medical,449,3,26,Normal,0,19,17,3,0,11.0,41.0,13.666666666666666
4526,2025-01-16 17:10:00,East,Medical,867,3,7,Normal,0,13,17,3,0,19.0,43.0,14.333333333333334
4527,2025-01-16 17:15:00,North,Medical,750,3,21,Normal,0,17,17,3,0,13.0,49.0,16.333333333333332
4528,2025-01-16 17:20:00,South,Police,218,2,13,Normal,0,15,17,3,0,17.0,45.0,15.0
4529,2025-01-16 17:25:00,Central,Medical,392,3,6,Normal,0,21,17,3,0,15.0,53.0,17.666666666666668
4530,2025-01-16 17:30:00,Central,Medical,544,3,27,Normal,0,18,17,3,0,21.0,54.0,18.0
4531,2025-01-16 17:35:00,Central,Other,374,1,5,Normal,0,31,17,3,0,18.0,70.0,23.333333333333332
4532,2025-01-16 17:40:00,Central,Other,325,1,7,Normal,0,25,17,3,0,31.0,74.0,24.666666666666668
4533,2025-01-16 17:45:00,East,Medical,669,3,19,Normal,0,21,17,3,0,25.0,77.0,25.666666666666668
4534,2025-01-16 17:50:00,North,Other,355,1,26,Normal,0,15,17,3,0,21.0,61.0,20.333333333333332
4535,2025-01-16 17:55:00,Central,Medical,645,3,29,Normal,0,18,17,3,0,15.0,54.0,18.0
4536,2025-01-16 18:00:00,North,Medical,745,3,26,Normal,0,24,18,3,0,18.0,57.0,19.0
4537,2025-01-16 18:05:00,East,Medical,437,3,7,Normal,0,34,18,3,0,24.0,76.0,25.333333333333332
4538,2025-01-16 18:10:00,South,Fire,559,4,16,Normal,0,28,18,3,0,34.0,86.0,28.666666666666668
4539,2025-01-16 18:15:00,South,Other,287,1,29,Normal,0,29,18,3,0,28.0,91.0,30.333333333333332
4540,2025-01-16 18:20:00,Central,Medical,420,3,8,Normal,0,37,18,3,0,29.0,94.0,31.333333333333332
4541,2025-01-16 18:25:00,South,Other,330,1,16,Normal,0,34,18,3,0,37.0,100.0,33.333333333333336
4542,2025-01-16 18:30:00,Central,Police,445,2,26,Normal,0,23,18,3,0,34.0,94.0,31.333333333333332
4543,2025-01-16 18:35:00,West,Medical,735,3,8,Normal,0,31,18,3,0,23.0,88.0,29.333333333333332
4544,2025-01-16 18:40:00,Central,Medical,605,3,12,Normal,0,34,18,3,0,31.0,88.0,29.333333333333332
4545,2025-01-16 18:45:00,North,Other,354,1,11,Severe,0,47,18,3,0,34.0,112.0,37.333333333333336
4546,2025-01-16 18:50:00,North,Police,272,2,19,Normal,0,40,18,3,0,47.0,121.0,40.333333333333336
4547,2025-01-16 18:55:00,East,Police,596,2,29,Normal,0,18,18,3,0,40.0,105.0,35.0
4548,2025-01-16 19:00:00,South,Police,354,2,11,Normal,0,32,19,3,0,18.0,90.0,30.0
4549,2025-01-16 19:05:00,West,Medical,578,3,16,Normal,0,22,19,3,0,32.0,72.0,24.0
4550,2025-01-16 19:10:00,West,Police,329,2,28,Normal,0,32,19,3,0,22.0,86.0,28.666666666666668
4551,2025-01-16 19:15:00,South,Other,158,1,26,Normal,0,40,19,3,0,32.0,94.0,31.333333333333332
4552,2025-01-16 19:20:00,Central,Fire,451,4,10,Normal,0,27,19,3,0,40.0,99.0,33.0
4553,2025-01-16 19:25:00,North,Medical,682,3,22,Severe,0,64,19,3,0,27.0,131.0,43.666666666666664
4554,2025-01-16 19:30:00,Central,Police,308,2,10,Severe,0,41,19,3,0,64.0,132.0,44.0
4555,2025-01-16 19:35:00,West,Fire,1188,4,14,Normal,0,27,19,3,0,41.0,132.0,44.0
4556,2025-01-16 19:40:00,North,Medical,452,3,17,Normal,0,35,19,3,0,27.0,103.0,34.333333333333336
4557,2025-01-16 19:45:00,North,Other,336,1,22,Normal,0,31,19,3,0,35.0,93.0,31.0
4558,2025-01-16 19:50:00,East,Fire,955,4,11,Normal,0,20,19,3,0,31.0,86.0,28.666666666666668
4559,2025-01-16 19:55:00,North,Other,359,1,21,Normal,0,44,19,3,0,20.0,95.0,31.666666666666668
4560,2025-01-16 20:00:00,East,Medical,833,3,11,Normal,0,32,20,3,0,44.0,96.0,32.0
4561,2025-01-16 20:05:00,North,Police,532,2,20,Normal,0,39,20,3,0,32.0,115.0,38.333333333333336
4562,2025-01-16 20:10:00,South,Other,248,1,24,Normal,0,35,20,3,0,39.0,106.0,35.333333333333336
4563,2025-01-16 20:15:00,South,Police,767,2,25,Normal,0,30,20,3,0,35.0,104.0,34.666666666666664
4564,2025-01-16 20:20:00,West,Medical,459,3,17,Normal,0,23,20,3,0,30.0,88.0,29.333333333333332
4565,2025-01-16 20:25:00,Central,Other,234,1,19,Severe,0,42,20,3,0,23.0,95.0,31.666666666666668
4566,2025-01-16 20:30:00,North,Other,290,1,14,Normal,0,26,20,3,0,42.0,91.0,30.333333333333332
4567,2025-01-16 20:35:00,North,Police,707,2,10,Normal,0,32,20,3,0,26.0,100.0,33.333333333333336
4568,2025-01-16 20:40:00,East,Medical,742,3,26,Normal,0,36,20,3,0,32.0,94.0,31.333333333333332
4569,2025-01-16 20:45:00,South,Other,141,1,20,Normal,0,33,20,3,0,36.0,101.0,33.666666666666664
4570,2025-01-16 20:50:00,East,Other,174,1,29,Normal,0,35,20,3,0,33.0,104.0,34.666666666666664
4571,2025-01-16 20:55:00,East,Other,191,1,5,Normal,0,17,20,3,0,35.0,85.0,28.333333333333332
4572,2025-01-16 21:00:00,South,Other,160,1,20,Normal,0,16,21,3,0,17.0,68.0,22.666666666666668
4573,2025-01-16 21:05:00,North,Police,570,2,25,Severe,0,45,21,3,0,16.0,78.0,26.0
4574,2025-01-16 21:10:00,South,Police,215,2,9,Severe,0,39,21,3,0,45.0,100.0,33.333333333333336
4575,2025-01-16 21:15:00,South,Medical,690,3,29,Severe,0,43,21,3,0,39.0,127.0,42.333333333333336
4576,2025-01-16 21:20:00,South,Medical,720,3,21,Normal,0,36,21,3,0,43.0,118.0,39.333333333333336
4577,2025-01-16 21:25:00,Central,Other,170,1,15,Normal,0,24,21,3,0,36.0,103.0,34.333333333333336
4578,2025-01-16 21:30:00,East,Medical,847,3,9,Severe,0,36,21,3,0,24.0,96.0,32.0
4579,2025-01-16 21:35:00,South,Fire,893,4,27,Normal,0,21,21,3,0,36.0,81.0,27.0
4580,2025-01-16 21:40:00,East,Medical,741,3,7,Normal,0,22,21,3,0,21.0,79.0,26.333333333333332
4581,2025-01-16 21:45:00,Central,Other,333,1,25,Normal,0,28,21,3,0,22.0,71.0,23.666666666666668
4582,2025-01-16 21:50:00,East,Other,121,1,16,Normal,0,15,21,3,0,28.0,65.0,21.666666666666668
4583,2025-01-16 21:55:00,East,Medical,449,3,12,Normal,0,17,21,3,0,15.0,60.0,20.0
4584,2025-01-16 22:00:00,Central,Other,354,1,12,Normal,0,27,22,3,0,17.0,59.0,19.666666666666668
4585,2025-01-16 22:05:00,Central,Other,360,1,21,Normal,0,25,22,3,0,27.0,69.0,23.0
4586,2025-01-16 22:10:00,Central,Medical,313,3,27,Normal,0,18,22,3,0,25.0,70.0,23.333333333333332
4587,2025-01-16 22:15:00,North,Medical,373,3,22,Normal,0,22,22,3,0,18.0,65.0,21.666666666666668
4588,2025-01-16 22:20:00,South,Medical,405,3,14,Normal,0,19,22,3,0,22.0,59.0,19.666666666666668
4589,2025-01-16 22:25:00,West,Other,251,1,6,Normal,0,24,22,3,0,19.0,65.0,21.666666666666668
4590,2025-01-16 22:30:00,Central,Police,753,2,21,Normal,0,32,22,3,0,24.0,75.0,25.0
4591,2025-01-16 22:35:00,East,Medical,731,3,24,Normal,0,29,22,3,0,32.0,85.0,28.333333333333332
4592,2025-01-16 22:40:00,South,Police,457,2,28,Normal,0,21,22,3,0,29.0,82.0,27.333333333333332
4593,2025-01-16 22:45:00,South,Police,373,2,15,Normal,0,21,22,3,0,21.0,71.0,23.666666666666668
4594,2025-01-16 22:50:00,North,Other,335,1,16,Normal,0,17,22,3,0,21.0,59.0,19.666666666666668
4595,2025-01-16 22:55:00,Central,Fire,538,4,9,Normal,0,16,22,3,0,17.0,54.0,18.0
4596,2025-01-16 23:00:00,Central,Medical,329,3,18,Normal,1,26,23,3,0,16.0,59.0,19.666666666666668
4597,2025-01-16 23:05:00,West,Police,271,2,15,Normal,1,30,23,3,0,26.0,72.0,24.0
4598,2025-01-16 23:10:00,Central,Medical,691,3,8,Normal,0,18,23,3,0,30.0,74.0,24.666666666666668
4599,2025-01-16 23:15:00,South,Police,477,2,28,Normal,0,18,23,3,0,18.0,66.0,22.0
4600,2025-01-16 23:20:00,South,Medical,691,3,9,Normal,0,24,23,3,0,18.0,60.0,20.0
4601,2025-01-16 23:25:00,South,Fire,899,4,18,Normal,0,15,23,3,0,24.0,57.0,19.0
4602,2025-01-16 23:30:00,West,Fire,615,4,7,Normal,0,19,23,3,0,15.0,58.0,19.333333333333332
4603,2025-01-16 23:35:00,South,Medical,380,3,15,Severe,0,46,23,3,0,19.0,80.0,26.666666666666668
4604,2025-01-16 23:40:00,West,Police,437,2,14,Normal,1,30,23,3,0,46.0,95.0,31.666666666666668
4605,2025-01-16 23:45:00,West,Medical,706,3,21,Normal,0,31,23,3,0,30.0,107.0,35.666666666666664
4606,2025-01-16 23:50:00,South,Police,601,2,6,Normal,0,28,23,3,0,31.0,89.0,29.666666666666668
4607,2025-01-16 23:55:00,Central,Other,264,1,9,Normal,0,13,23,3,0,28.0,72.0,24.0
4608,2025-01-17 00:00:00,East,Police,214,2,21,Normal,0,11,0,4,0,13.0,52.0,17.333333333333332
4609,2025-01-17 00:05:00,East,Police,751,2,15,Normal,0,22,0,4,0,11.0,46.0,15.333333333333334
4610,2025-01-17 00:10:00,North,Medical,618,3,5,Normal,0,18,0,4,0,22.0,51.0,17.0
4611,2025-01-17 00:15:00,North,Medical,898,3,7,Normal,0,22,0,4,0,18.0,62.0,20.666666666666668
4612,2025-01-17 00:20:00,East,Medical,628,3,28,Normal,0,21,0,4,0,22.0,61.0,20.333333333333332
4613,2025-01-17 00:25:00,West,Medical,717,3,25,Normal,0,11,0,4,0,21.0,54.0,18.0
4614,2025-01-17 00:30:00,Central,Medical,372,3,5,Severe,0,53,0,4,0,11.0,85.0,28.333333333333332
4615,2025-01-17 00:35:00,North,Medical,405,3,28,Normal,0,20,0,4,0,53.0,84.0,28.0
4616,2025-01-17 00:40:00,South,Police,277,2,27,Normal,0,15,0,4,0,20.0,88.0,29.333333333333332
4617,2025-01-17 00:45:00,Central,Police,304,2,6,Normal,0,19,0,4,0,15.0,54.0,18.0
4618,2025-01-17 00:50:00,South,Medical,613,3,23,Normal,1,34,0,4,0,19.0,68.0,22.666666666666668
4619,2025-01-17 00:55:00,North,Medical,628,3,27,Severe,0,30,0,4,0,34.0,83.0,27.666666666666668
4620,2025-01-17 01:00:00,North,Other,323,1,19,Normal,0,18,1,4,0,30.0,82.0,27.333333333333332
4621,2025-01-17 01:05:00,East,Medical,636,3,23,Normal,0,15,1,4,0,18.0,63.0,21.0
4622,2025-01-17 01:10:00,East,Medical,757,3,12,Normal,0,21,1,4,0,15.0,54.0,18.0
4623,2025-01-17 01:15:00,East,Medical,322,3,13,Normal,0,28,1,4,0,21.0,64.0,21.333333333333332
4624,2025-01-17 01:20:00,South,Medical,773,3,7,Normal,0,25,1,4,0,28.0,74.0,24.666666666666668
4625,2025-01-17 01:25:00,North,Police,728,2,19,Normal,0,17,1,4,0,25.0,70.0,23.333333333333332
4626,2025-01-17 01:30:00,South,Police,771,2,7,Normal,0,23,1,4,0,17.0,65.0,21.666666666666668
4627,2025-01-17 01:35:00,East,Other,364,1,10,Normal,0,22,1,4,0,23.0,62.0,20.666666666666668
4628,2025-01-17 01:40:00,East,Other,356,1,21,Normal,1,37,1,4,0,22.0,82.0,27.333333333333332
4629,2025-01-17 01:45:00,North,Fire,808,4,10,Severe,0,37,1,4,0,37.0,96.0,32.0
4630,2025-01-17 01:50:00,South,Police,555,2,12,Normal,0,20,1,4,0,37.0,94.0,31.333333333333332
4631,2025-01-17 01:55:00,Central,Other,228,1,27,Normal,0,32,1,4,0,20.0,89.0,29.666666666666668
4632,2025-01-17 02:00:00,Central,Medical,471,3,10,Normal,0,16,2,4,0,32.0,68.0,22.666666666666668
4633,2025-01-17 02:05:00,Central,Medical,312,3,7,Normal,0,24,2,4,0,16.0,72.0,24.0
4634,2025-01-17 02:10:00,South,Police,316,2,19,Normal,0,17,2,4,0,24.0,57.0,19.0
4635,2025-01-17 02:15:00,Central,Medical,614,3,6,Severe,0,42,2,4,0,17.0,83.0,27.666666666666668
4636,2025-01-17 02:20:00,North,Medical,596,3,8,Severe,0,42,2,4,0,42.0,101.0,33.666666666666664
4637,2025-01-17 02:25:00,West,Medical,785,3,16,Normal,1,29,2,4,0,42.0,113.0,37.666666666666664
4638,2025-01-17 02:30:00,South,Medical,825,3,9,Normal,0,25,2,4,0,29.0,96.0,32.0
4639,2025-01-17 02:35:00,East,Police,234,2,11,Normal,0,19,2,4,0,25.0,73.0,24.333333333333332
4640,2025-01-17 02:40:00,South,Police,529,2,18,Normal,0,23,2,4,0,19.0,67.0,22.333333333333332
4641,2025-01-17 02:45:00,East,Medical,514,3,8,Normal,0,18,2,4,0,23.0,60.0,20.0
4642,2025-01-17 02:50:00,South,Police,232,2,12,Normal,0,24,2,4,0,18.0,65.0,21.666666666666668
4643,2025-01-17 02:55:00,South,Police,553,2,23,Normal,0,17,2,4,0,24.0,59.0,19.666666666666668
4644,2025-01-17 03:00:00,East,Medical,635,3,6,Normal,0,16,3,4,0,17.0,57.0,19.0
4645,2025-01-17 03:05:00,Central,Medical,533,3,16,Normal,1,33,3,4,0,16.0,66.0,22.0
4646,2025-01-17 03:10:00,Central,Other,258,1,12,Normal,0,30,3,4,0,33.0,79.0,26.333333333333332
4647,2025-01-17 03:15:00,Central,Police,426,2,27,Normal,0,25,3,4,0,30.0,88.0,29.333333333333332
4648,2025-01-17 03:20:00,Central,Medical,321,3,6,Normal,0,18,3,4,0,25.0,73.0,24.333333333333332
4649,2025-01-17 03:25:00,East,Other,176,1,26,Severe,1,50,3,4,0,18.0,93.0,31.0
4650,2025-01-17 03:30:00,West,Other,370,1,20,Normal,0,27,3,4,0,50.0,95.0,31.666666666666668
4651,2025-01-17 03:35:00,Central,Police,684,2,6,Normal,0,19,3,4,0,27.0,96.0,32.0
4652,2025-01-17 03:40:00,West,Other,235,1,14,Normal,0,23,3,4,0,19.0,69.0,23.0
4653,2025-01-17 03:45:00,Central,Medical,706,3,26,Normal,0,18,3,4,0,23.0,60.0,20.0
4654,2025-01-17 03:50:00,North,Medical,710,3,6,Normal,0,25,3,4,0,18.0,66.0,22.0
4655,2025-01-17 03:55:00,Central,Medical,353,3,20,Normal,0,11,3,4,0,25.0,54.0,18.0
4656,2025-01-17 04:00:00,Central,Other,191,1,28,Normal,0,19,4,4,0,11.0,55.0,18.333333333333332
4657,2025-01-17 04:05:00,West,Fire,1130,4,20,Normal,1,30,4,4,0,19.0,60.0,20.0
4658,2025-01-17 04:10:00,Central,Medical,703,3,12,Normal,0,26,4,4,0,30.0,75.0,25.0
4659,2025-01-17 04:15:00,South,Other,384,1,23,Normal,0,18,4,4,0,26.0,74.0,24.666666666666668
4660,2025-01-17 04:20:00,North,Police,395,2,6,Severe,0,32,4,4,0,18.0,76.0,25.333333333333332
4661,2025-01-17 04:25:00,Central,Police,734,2,24,Normal,0,15,4,4,0,32.0,65.0,21.666666666666668
4662,2025-01-17 04:30:00,Central,Police,584,2,8,Normal,0,22,4,4,0,15.0,69.0,23.0
4663,2025-01-17 04:35:00,Central,Police,285,2,26,Normal,0,14,4,4,0,22.0,51.0,17.0
4664,2025-01-17 04:40:00,East,Medical,804,3,12,Severe,1,60,4,4,0,14.0,96.0,32.0
4665,2025-01-17 04:45:00,Central,Other,188,1,18,Severe,0,49,4,4,0,60.0,123.0,41.0
4666,2025-01-17 04:50:00,West,Medical,528,3,10,Normal,0,17,4,4,0,49.0,126.0,42.0
4667,2025-01-17 04:55:00,Central,Police,202,2,15,Normal,0,20,4,4,0,17.0,86.0,28.666666666666668
4668,2025-01-17 05:00:00,West,Medical,834,3,18,Normal,0,21,5,4,0,20.0,58.0,19.333333333333332
4669,2025-01-17 05:05:00,East,Police,245,2,8,Normal,0,19,5,4,0,21.0,60.0,20.0
4670,2025-01-17 05:10:00,West,Other,305,1,22,Normal,0,18,5,4,0,19.0,58.0,19.333333333333332
4671,2025-01-17 05:15:00,North,Police,632,2,25,Normal,0,19,5,4,0,18.0,56.0,18.666666666666668
4672,2025-01-17 05:20:00,West,Medical,787,3,16,Normal,0,18,5,4,0,19.0,55.0,18.333333333333332
4673,2025-01-17 05:25:00,South,Other,298,1,21,Normal,0,22,5,4,0,18.0,59.0,19.666666666666668
4674,2025-01-17 05:30:00,South,Other,391,1,7,Normal,0,16,5,4,0,22.0,56.0,18.666666666666668
4675,2025-01-17 05:35:00,Central,Medical,784,3,27,Normal,0,25,5,4,0,16.0,63.0,21.0
4676,2025-01-17 05:40:00,South,Medical,763,3,24,Normal,1,32,5,4,0,25.0,73.0,24.333333333333332
4677,2025-01-17 05:45:00,East,Police,207,2,9,Normal,0,18,5,4,0,32.0,75.0,25.0
4678,2025-01-17 05:50:00,Central,Medical,318,3,7,Normal,0,17,5,4,0,18.0,67.0,22.333333333333332
4679,2025-01-17 05:55:00,West,Police,526,2,24,Normal,0,19,5,4,0,17.0,54.0,18.0
4680,2025-01-17 06:00:00,West,Medical,547,3,25,Normal,0,19,6,4,0,19.0,55.0,18.333333333333332
4681,2025-01-17 06:05:00,South,Fire,542,4,24,Normal,0,23,6,4,0,19.0,61.0,20.333333333333332
4682,2025-01-17 06:10:00,West,Medical,331,3,26,Normal,0,26,6,4,0,23.0,68.0,22.666666666666668
4683,2025-01-17 06:15:00,East,Medical,557,3,25,Normal,0,21,6,4,0,26.0,70.0,23.333333333333332
4684,2025-01-17 06:20:00,South,Medical,306,3,28,Normal,0,15,6,4,0,21.0,62.0,20.666666666666668
4685,2025-01-17 06:25:00,South,Other,307,1,12,Severe,0,33,6,4,0,15.0,69.0,23.0
4686,2025-01-17 06:30:00,North,Medical,377,3,27,Normal,0,19,6,4,0,33.0,67.0,22.333333333333332
4687,2025-01-17 06:35:00,West,Medical,543,3,25,Normal,0,28,6,4,0,19.0,80.0,26.666666666666668
4688,2025-01-17 06:40:00,West,Police,282,2,5,Normal,0,26,6,4,0,28.0,73.0,24.333333333333332
4689,2025-01-17 06:45:00,West,Medical,839,3,19,Severe,0,37,6,4,0,26.0,91.0,30.333333333333332
4690,2025-01-17 06:50:00,West,Medical,414,3,28,Normal,0,21,6,4,0,37.0,84.0,28.0
4691,2025-01-17 06:55:00,South,Police,394,2,19,Normal,0,20,6,4,0,21.0,78.0,26.0
4692,2025-01-17 07:00:00,South,Medical,658,3,19,Normal,0,18,7,4,0,20.0,59.0,19.666666666666668
4693,2025-01-17 07:05:00,South,Medical,486,3,12,Normal,0,16,7,4,0,18.0,54.0,18.0
4694,2025-01-17 07:10:00,North,Police,207,2,20,Normal,0,18,7,4,0,16.0,52.0,17.333333333333332
4695,2025-01-17 07:15:00,West,Police,219,2,8,Severe,0,36,7,4,0,18.0,70.0,23.333333333333332
4696,2025-01-17 07:20:00,North,Fire,648,4,27,Normal,0,22,7,4,0,36.0,76.0,25.333333333333332
4697,2025-01-17 07:25:00,West,Fire,840,4,21,Normal,0,18,7,4,0,22.0,76.0,25.333333333333332
4698,2025-01-17 07:30:00,East,Police,605,2,19,Normal,0,20,7,4,0,18.0,60.0,20.0
4699,2025-01-17 07:35:00,South,Other,247,1,17,Normal,0,18,7,4,0,20.0,56.0,18.666666666666668
4700,2025-01-17 07:40:00,South,Medical,386,3,21,Normal,0,16,7,4,0,18.0,54.0,18.0
4701,2025-01-17 07:45:00,West,Police,605,2,13,Normal,0,20,7,4,0,16.0,54.0,18.0
4702,2025-01-17 07:50:00,Central,Medical,875,3,12,Normal,0,24,7,4,0,20.0,60.0,20.0
4703,2025-01-17 07:55:00,East,Police,282,2,12,Normal,0,25,7,4,0,24.0,69.0,23.0
4704,2025-01-17 08:00:00,East,Other,370,1,9,Normal,0,27,8,4,0,25.0,76.0,25.333333333333332
4705,2025-01-17 08:05:00,Central,Police,706,2,6,Normal,0,24,8,4,0,27.0,76.0,25.333333333333332
4706,2025-01-17 08:10:00,East,Police,320,2,14,Severe,1,67,8,4,0,24.0,118.0,39.333333333333336
4707,2025-01-17 08:15:00,East,Other,346,1,15,Normal,0,30,8,4,0,67.0,121.0,40.333333333333336
4708,2025-01-17 08:20:00,East,Medical,744,3,13,Normal,1,52,8,4,0,30.0,149.0,49.666666666666664
4709,2025-01-17 08:25:00,West,Other,101,1,20,Normal,0,27,8,4,0,52.0,109.0,36.333333333333336
4710,2025-01-17 08:30:00,West,Police,787,2,28,Normal,0,36,8,4,0,27.0,115.0,38.333333333333336
4711,2025-01-17 08:35:00,East,Medical,372,3,5,Severe,0,45,8,4,0,36.0,108.0,36.0
4712,2025-01-17 08:40:00,West,Medical,343,3,9,Normal,0,21,8,4,0,45.0,102.0,34.0
4713,2025-01-17 08:45:00,East,Other,289,1,7,Normal,0,27,8,4,0,21.0,93.0,31.0
4714,2025-01-17 08:50:00,East,Police,461,2,28,Normal,0,31,8,4,0,27.0,79.0,26.333333333333332
4715,2025-01-17 08:55:00,North,Other,127,1,17,Normal,0,30,8,4,0,31.0,88.0,29.333333333333332
4716,2025-01-17 09:00:00,West,Police,629,2,14,Normal,1,26,9,4,0,30.0,87.0,29.0
4717,2025-01-17 09:05:00,West,Medical,432,3,26,Normal,0,25,9,4,0,26.0,81.0,27.0
4718,2025-01-17 09:10:00,Central,Police,267,2,23,Normal,0,31,9,4,0,25.0,82.0,27.333333333333332
4719,2025-01-17 09:15:00,North,Police,752,2,21,Severe,0,60,9,4,0,31.0,116.0,38.666666666666664
4720,2025-01-17 09:20:00,North,Medical,745,3,24,Normal,0,29,9,4,0,60.0,120.0,40.0
4721,2025-01-17 09:25:00,West,Police,383,2,7,Normal,0,27,9,4,0,29.0,116.0,38.666666666666664
4722,2025-01-17 09:30:00,West,Medical,429,3,9,Normal,0,28,9,4,0,27.0,84.0,28.0
4723,2025-01-17 09:35:00,North,Medical,531,3,26,Normal,0,29,9,4,0,28.0,84.0,28.0
4724,2025-01-17 09:40:00,East,Police,473,2,12,Normal,0,21,9,4,0,29.0,78.0,26.0
4725,2025-01-17 09:45:00,West,Police,530,2,20,Normal,0,26,9,4,0,21.0,76.0,25.333333333333332
4726,2025-01-17 09:50:00,North,Medical,316,3,5,Normal,1,55,9,4,0,26.0,102.0,34.0
4727,2025-01-17 09:55:00,North,Fire,861,4,14,Normal,0,25,9,4,0,55.0,106.0,35.333333333333336
4728,2025-01-17 10:00:00,North,Medical,432,3,28,Normal,0,12,10,4,0,25.0,92.0,30.666666666666668
4729,2025-01-17 10:05:00,West,Police,432,2,6,Normal,0,23,10,4,0,12.0,60.0,20.0
4730,2025-01-17 10:10:00,North,Medical,731,3,12,Normal,0,23,10,4,0,23.0,58.0,19.333333333333332
4731,2025-01-17 10:15:00,South,Other,123,1,18,Normal,0,23,10,4,0,23.0,69.0,23.0
4732,2025-01-17 10:20:00,North,Police,303,2,26,Normal,0,27,10,4,0,23.0,73.0,24.333333333333332
4733,2025-01-17 10:25:00,Central,Police,261,2,24,Normal,0,17,10,4,0,27.0,67.0,22.333333333333332
4734,2025-01-17 10:30:00,North,Other,247,1,13,Normal,0,15,10,4,0,17.0,59.0,19.666666666666668
4735,2025-01-17 10:35:00,West,Police,469,2,21,Normal,0,16,10,4,0,15.0,48.0,16.0
4736,2025-01-17 10:40:00,East,Police,610,2,17,Normal,0,17,10,4,0,16.0,48.0,16.0
4737,2025-01-17 10:45:00,West,Medical,614,3,16,Normal,0,21,10,4,0,17.0,54.0,18.0
4738,2025-01-17 10:50:00,South,Medical,773,3,20,Normal,0,25,10,4,0,21.0,63.0,21.0
4739,2025-01-17 10:55:00,West,Medical,671,3,15,Normal,0,22,10,4,0,25.0,68.0,22.666666666666668
4740,2025-01-17 11:00:00,Central,Fire,907,4,22,Severe,0,44,11,4,0,22.0,91.0,30.333333333333332
4741,2025-01-17 11:05:00,North,Medical,746,3,20,Normal,0,15,11,4,0,44.0,81.0,27.0
4742,2025-01-17 11:10:00,West,Medical,399,3,25,Severe,0,33,11,4,0,15.0,92.0,30.666666666666668
4743,2025-01-17 11:15:00,South,Other,237,1,9,Severe,1,53,11,4,0,33.0,101.0,33.666666666666664
4744,2025-01-17 11:20:00,Central,Medical,597,3,20,Normal,0,20,11,4,0,53.0,106.0,35.333333333333336
4745,2025-01-17 11:25:00,Central,Police,483,2,29,Normal,0,26,11,4,0,20.0,99.0,33.0
4746,2025-01-17 11:30:00,South,Police,413,2,27,Normal,0,14,11,4,0,26.0,60.0,20.0
4747,2025-01-17 11:35:00,West,Medical,662,3,10,Severe,0,38,11,4,0,14.0,78.0,26.0
4748,2025-01-17 11:40:00,South,Fire,445,4,25,Severe,0,49,11,4,0,38.0,101.0,33.666666666666664
4749,2025-01-17 11:45:00,North,Fire,701,4,26,Normal,0,16,11,4,0,49.0,103.0,34.333333333333336
4750,2025-01-17 11:50:00,Central,Other,195,1,8,Normal,0,21,11,4,0,16.0,86.0,28.666666666666668
4751,2025-01-17 11:55:00,Central,Police,777,2,26,Severe,0,43,11,4,0,21.0,80.0,26.666666666666668
4752,2025-01-17 12:00:00,South,Medical,764,3,7,Normal,0,24,12,4,0,43.0,88.0,29.333333333333332
4753,2025-01-17 12:05:00,North,Medical,784,3,15,Normal,0,24,12,4,0,24.0,91.0,30.333333333333332
4754,2025-01-17 12:10:00,East,Medical,519,3,9,Normal,0,17,12,4,0,24.0,65.0,21.666666666666668
4755,2025-01-17 12:15:00,North,Medical,684,3,8,Normal,0,23,12,4,0,17.0,64.0,21.333333333333332
4756,2025-01-17 12:20:00,Central,Medical,306,3,8,Normal,0,32,12,4,0,23.0,72.0,24.0
4757,2025-01-17 12:25:00,West,Other,210,1,11,Normal,0,21,12,4,0,32.0,76.0,25.333333333333332
4758,2025-01-17 12:30:00,East,Medical,716,3,12,Normal,0,24,12,4,0,21.0,77.0,25.666666666666668
4759,2025-01-17 12:35:00,Central,Police,656,2,24,Normal,0,17,12,4,0,24.0,62.0,20.666666666666668
4760,2025-01-17 12:40:00,West,Other,345,1,22,Normal,0,21,12,4,0,17.0,62.0,20.666666666666668
4761,2025-01-17 12:45:00,West,Medical,888,3,13,Severe,0,52,12,4,0,21.0,90.0,30.0
4762,2025-01-17 12:50:00,North,Medical,802,3,17,Normal,0,30,12,4,0,52.0,103.0,34.333333333333336
4763,2025-01-17 12:55:00,East,Medical,550,3,29,Severe,0,33,12,4,0,30.0,115.0,38.333333333333336
4764,2025-01-17 13:00:00,South,Fire,741,4,15,Normal,0,22,13,4,0,33.0,85.0,28.333333333333332
4765,2025-01-17 13:05:00,Central,Medical,689,3,14,Severe,0,36,13,4,0,22.0,91.0,30.333333333333332
4766,2025-01-17 13:10:00,East,Medical,427,3,14,Normal,0,16,13,4,0,36.0,74.0,24.666666666666668
4767,2025-01-17 13:15:00,East,Police,559,2,5,Normal,0,21,13,4,0,16.0,73.0,24.333333333333332
4768,2025-01-17 13:20:00,West,Medical,360,3,13,Normal,0,9,13,4,0,21.0,46.0,15.333333333333334
4769,2025-01-17 13:25:00,North,Medical,589,3,8,Normal,0,16,13,4,0,9.0,46.0,15.333333333333334
4770,2025-01-17 13:30:00,West,Other,120,1,28,Severe,0,29,13,4,0,16.0,54.0,18.0
4771,2025-01-17 13:35:00,West,Other,180,1,7,Severe,0,43,13,4,0,29.0,88.0,29.333333333333332
4772,2025-01-17 13:40:00,West,Medical,576,3,13,Normal,0,17,13,4,0,43.0,89.0,29.666666666666668
4773,2025-01-17 13:45:00,Central,Medical,320,3,26,Normal,0,27,13,4,0,17.0,87.0,29.0
4774,2025-01-17 13:50:00,East,Other,210,1,15,Normal,0,16,13,4,0,27.0,60.0,20.0
4775,2025-01-17 13:55:00,South,Police,272,2,6,Normal,0,18,13,4,0,16.0,61.0,20.333333333333332
4776,2025-01-17 14:00:00,West,Medical,416,3,20,Normal,0,17,14,4,0,18.0,51.0,17.0
4777,2025-01-17 14:05:00,West,Medical,560,3,13,Normal,0,13,14,4,0,17.0,48.0,16.0
4778,2025-01-17 14:10:00,East,Other,155,1,19,Normal,0,16,14,4,0,13.0,46.0,15.333333333333334
4779,2025-01-17 14:15:00,East,Other,218,1,6,Normal,0,20,14,4,0,16.0,49.0,16.333333333333332
4780,2025-01-17 14:20:00,West,Police,364,2,27,Normal,0,22,14,4,0,20.0,58.0,19.333333333333332
4781,2025-01-17 14:25:00,Central,Police,450,2,27,Normal,0,22,14,4,0,22.0,64.0,21.333333333333332
4782,2025-01-17 14:30:00,Central,Police,363,2,17,Severe,0,48,14,4,0,22.0,92.0,30.666666666666668
4783,2025-01-17 14:35:00,West,Police,622,2,8,Normal,0,22,14,4,0,48.0,92.0,30.666666666666668
4784,2025-01-17 14:40:00,South,Police,781,2,8,Normal,0,18,14,4,0,22.0,88.0,29.333333333333332
4785,2025-01-17 14:45:00,East,Other,205,1,5,Normal,0,10,14,4,0,18.0,50.0,16.666666666666668
4786,2025-01-17 14:50:00,West,Medical,412,3,5,Normal,0,31,14,4,0,10.0,59.0,19.666666666666668
4787,2025-01-17 14:55:00,North,Other,248,1,9,Normal,0,22,14,4,0,31.0,63.0,21.0
4788,2025-01-17 15:00:00,East,Police,305,2,25,Normal,0,16,15,4,0,22.0,69.0,23.0
4789,2025-01-17 15:05:00,South,Police,419,2,29,Severe,0,39,15,4,0,16.0,77.0,25.666666666666668
4790,2025-01-17 15:10:00,North,Fire,939,4,24,Normal,0,27,15,4,0,39.0,82.0,27.333333333333332
4791,2025-01-17 15:15:00,North,Fire,491,4,8,Severe,0,27,15,4,0,27.0,93.0,31.0
4792,2025-01-17 15:20:00,Central,Police,335,2,9,Normal,0,18,15,4,0,27.0,72.0,24.0
4793,2025-01-17 15:25:00,West,Other,329,1,7,Severe,0,46,15,4,0,18.0,91.0,30.333333333333332
4794,2025-01-17 15:30:00,South,Fire,679,4,24,Normal,0,23,15,4,0,46.0,87.0,29.0
4795,2025-01-17 15:35:00,South,Other,100,1,16,Severe,0,35,15,4,0,23.0,104.0,34.666666666666664
4796,2025-01-17 15:40:00,South,Fire,1132,4,9,Normal,0,10,15,4,0,35.0,68.0,22.666666666666668
4797,2025-01-17 15:45:00,North,Medical,740,3,25,Normal,0,17,15,4,0,10.0,62.0,20.666666666666668
4798,2025-01-17 15:50:00,South,Police,560,2,18,Normal,0,18,15,4,0,17.0,45.0,15.0
4799,2025-01-17 15:55:00,South,Medical,765,3,27,Normal,0,20,15,4,0,18.0,55.0,18.333333333333332
4800,2025-01-17 16:00:00,West,Police,299,2,25,Normal,0,21,16,4,0,20.0,59.0,19.666666666666668
4801,2025-01-17 16:05:00,Central,Police,767,2,14,Normal,1,26,16,4,0,21.0,67.0,22.333333333333332
4802,2025-01-17 16:10:00,West,Police,506,2,10,Normal,0,19,16,4,0,26.0,66.0,22.0
4803,2025-01-17 16:15:00,South,Medical,530,3,18,Normal,0,20,16,4,0,19.0,65.0,21.666666666666668
4804,2025-01-17 16:20:00,South,Police,489,2,27,Normal,0,24,16,4,0,20.0,63.0,21.0
4805,2025-01-17 16:25:00,North,Medical,475,3,13,Normal,0,25,16,4,0,24.0,69.0,23.0
4806,2025-01-17 16:30:00,East,Other,393,1,28,Normal,0,16,16,4,0,25.0,65.0,21.666666666666668
4807,2025-01-17 16:35:00,East,Medical,779,3,18,Normal,1,43,16,4,0,16.0,84.0,28.0
4808,2025-01-17 16:40:00,Central,Other,251,1,15,Normal,0,18,16,4,0,43.0,77.0,25.666666666666668
4809,2025-01-17 16:45:00,Central,Fire,654,4,21,Normal,0,23,16,4,0,18.0,84.0,28.0
4810,2025-01-17 16:50:00,North,Medical,812,3,9,Normal,1,40,16,4,0,23.0,81.0,27.0
4811,2025-01-17 16:55:00,East,Police,562,2,6,Normal,0,22,16,4,0,40.0,85.0,28.333333333333332
4812,2025-01-17 17:00:00,Central,Medical,439,3,24,Severe,0,38,17,4,0,22.0,100.0,33.333333333333336
4813,2025-01-17 17:05:00,West,Police,657,2,24,Normal,0,23,17,4,0,38.0,83.0,27.666666666666668
4814,2025-01-17 17:10:00,East,Medical,431,3,23,Normal,0,19,17,4,0,23.0,80.0,26.666666666666668
4815,2025-01-17 17:15:00,East,Other,303,1,27,Severe,1,52,17,4,0,19.0,94.0,31.333333333333332
4816,2025-01-17 17:20:00,West,Fire,573,4,11,Normal,0,17,17,4,0,52.0,88.0,29.333333333333332
4817,2025-01-17 17:25:00,Central,Other,162,1,16,Normal,0,21,17,4,0,17.0,90.0,30.0
4818,2025-01-17 17:30:00,North,Medical,740,3,5,Normal,0,19,17,4,0,21.0,57.0,19.0
4819,2025-01-17 17:35:00,Central,Police,220,2,12,Normal,0,10,17,4,0,19.0,50.0,16.666666666666668
4820,2025-01-17 17:40:00,Central,Medical,466,3,25,Normal,0,26,17,4,0,10.0,55.0,18.333333333333332
4821,2025-01-17 17:45:00,West,Other,183,1,6,Severe,0,41,17,4,0,26.0,77.0,25.666666666666668
4822,2025-01-17 17:50:00,East,Other,333,1,15,Normal,0,18,17,4,0,41.0,85.0,28.333333333333332
4823,2025-01-17 17:55:00,West,Medical,559,3,21,Severe,0,40,17,4,0,18.0,99.0,33.0
4824,2025-01-17 18:00:00,East,Police,536,2,16,Normal,0,27,18,4,0,40.0,85.0,28.333333333333332
4825,2025-01-17 18:05:00,East,Medical,566,3,15,Normal,0,35,18,4,0,27.0,102.0,34.0
4826,2025-01-17 18:10:00,West,Medical,364,3,13,Normal,0,32,18,4,0,35.0,94.0,31.333333333333332
4827,2025-01-17 18:15:00,Central,Medical,777,3,23,Normal,0,30,18,4,0,32.0,97.0,32.333333333333336
4828,2025-01-17 18:20:00,Central,Fire,916,4,26,Normal,0,27,18,4,0,30.0,89.0,29.666666666666668
4829,2025-01-17 18:25:00,North,Police,717,2,13,Normal,0,31,18,4,0,27.0,88.0,29.333333333333332
4830,2025-01-17 18:30:00,North,Police,254,2,23,Normal,1,44,18,4,0,31.0,102.0,34.0
4831,2025-01-17 18:35:00,Central,Medical,385,3,18,Normal,0,24,18,4,0,44.0,99.0,33.0
4832,2025-01-17 18:40:00,North,Medical,816,3,23,Normal,1,42,18,4,0,24.0,110.0,36.666666666666664
4833,2025-01-17 18:45:00,East,Medical,671,3,9,Normal,0,35,18,4,0,42.0,101.0,33.666666666666664
4834,2025-01-17 18:50:00,North,Police,770,2,22,Normal,0,25,18,4,0,35.0,102.0,34.0
4835,2025-01-17 18:55:00,West,Police,699,2,16,Normal,0,31,18,4,0,25.0,91.0,30.333333333333332
4836,2025-01-17 19:00:00,West,Other,121,1,24,Normal,0,34,19,4,0,31.0,90.0,30.0
4837,2025-01-17 19:05:00,Central,Other,216,1,16,Normal,0,27,19,4,0,34.0,92.0,30.666666666666668
4838,2025-01-17 19:10:00,West,Other,155,1,15,Normal,0,28,19,4,0,27.0,89.0,29.666666666666668
4839,2025-01-17 19:15:00,East,Medical,487,3,20,Normal,0,29,19,4,0,28.0,84.0,28.0
4840,2025-01-17 19:20:00,South,Police,755,2,5,Normal,0,23,19,4,0,29.0,80.0,26.666666666666668
4841,2025-01-17 19:25:00,West,Medical,898,3,10,Normal,0,29,19,4,0,23.0,81.0,27.0
4842,2025-01-17 19:30:00,East,Other,208,1,17,Normal,0,33,19,4,0,29.0,85.0,28.333333333333332
4843,2025-01-17 19:35:00,West,Other,397,1,21,Normal,0,25,19,4,0,33.0,87.0,29.0
4844,2025-01-17 19:40:00,East,Police,524,2,23,Normal,0,25,19,4,0,25.0,83.0,27.666666666666668
4845,2025-01-17 19:45:00,East,Medical,404,3,23,Normal,0,26,19,4,0,25.0,76.0,25.333333333333332
4846,2025-01-17 19:50:00,East,Fire,411,4,10,Normal,0,30,19,4,0,26.0,81.0,27.0
4847,2025-01-17 19:55:00,North,Police,483,2,10,Normal,0,32,19,4,0,30.0,88.0,29.333333333333332
4848,2025-01-17 20:00:00,West,Police,527,2,10,Normal,0,32,20,4,0,32.0,94.0,31.333333333333332
4849,2025-01-17 20:05:00,South,Fire,935,4,7,Severe,0,51,20,4,0,32.0,115.0,38.333333333333336
4850,2025-01-17 20:10:00,South,Other,379,1,18,Normal,0,25,20,4,0,51.0,108.0,36.0
4851,2025-01-17 20:15:00,South,Other,120,1,5,Normal,0,27,20,4,0,25.0,103.0,34.333333333333336
4852,2025-01-17 20:20:00,South,Police,458,2,12,Severe,0,56,20,4,0,27.0,108.0,36.0
4853,2025-01-17 20:25:00,North,Police,729,2,5,Normal,0,31,20,4,0,56.0,114.0,38.0
4854,2025-01-17 20:30:00,North,Police,762,2,9,Normal,0,30,20,4,0,31.0,117.0,39.0
4855,2025-01-17 20:35:00,North,Fire,1060,4,8,Normal,0,33,20,4,0,30.0,94.0,31.333333333333332
4856,2025-01-17 20:40:00,Central,Other,149,1,21,Normal,0,31,20,4,0,33.0,94.0,31.333333333333332
4857,2025-01-17 20:45:00,West,Fire,1027,4,25,Normal,0,27,20,4,0,31.0,91.0,30.333333333333332
4858,2025-01-17 20:50:00,North,Other,269,1,21,Severe,0,49,20,4,0,27.0,107.0,35.666666666666664
4859,2025-01-17 20:55:00,Central,Medical,332,3,25,Severe,0,49,20,4,0,49.0,125.0,41.666666666666664
4860,2025-01-17 21:00:00,North,Police,504,2,22,Normal,0,16,21,4,0,49.0,114.0,38.0
4861,2025-01-17 21:05:00,North,Police,519,2,18,Normal,0,20,21,4,0,16.0,85.0,28.333333333333332
4862,2025-01-17 21:10:00,East,Medical,797,3,11,Severe,0,37,21,4,0,20.0,73.0,24.333333333333332
4863,2025-01-17 21:15:00,North,Medical,559,3,15,Normal,0,14,21,4,0,37.0,71.0,23.666666666666668
4864,2025-01-17 21:20:00,North,Police,740,2,13,Normal,0,18,21,4,0,14.0,69.0,23.0
4865,2025-01-17 21:25:00,South,Medical,695,3,25,Normal,0,27,21,4,0,18.0,59.0,19.666666666666668
4866,2025-01-17 21:30:00,West,Medical,689,3,21,Normal,0,31,21,4,0,27.0,76.0,25.333333333333332
4867,2025-01-17 21:35:00,South,Police,290,2,13,Normal,0,19,21,4,0,31.0,77.0,25.666666666666668
4868,2025-01-17 21:40:00,North,Police,204,2,22,Normal,0,22,21,4,0,19.0,72.0,24.0
4869,2025-01-17 21:45:00,West,Medical,715,3,21,Normal,0,18,21,4,0,22.0,59.0,19.666666666666668
4870,2025-01-17 21:50:00,East,Police,538,2,20,Normal,0,25,21,4,0,18.0,65.0,21.666666666666668
4871,2025-01-17 21:55:00,North,Medical,588,3,18,Severe,0,43,21,4,0,25.0,86.0,28.666666666666668
4872,2025-01-17 22:00:00,North,Police,393,2,17,Normal,0,25,22,4,0,43.0,93.0,31.0
4873,2025-01-17 22:05:00,South,Police,484,2,17,Severe,0,47,22,4,0,25.0,115.0,38.333333333333336
4874,2025-01-17 22:10:00,South,Medical,833,3,15,Normal,0,19,22,4,0,47.0,91.0,30.333333333333332
4875,2025-01-17 22:15:00,West,Medical,770,3,21,Normal,0,20,22,4,0,19.0,86.0,28.666666666666668
4876,2025-01-17 22:20:00,West,Other,102,1,17,Normal,0,22,22,4,0,20.0,61.0,20.333333333333332
4877,2025-01-17 22:25:00,South,Police,509,2,26,Normal,0,24,22,4,0,22.0,66.0,22.0
4878,2025-01-17 22:30:00,South,Other,298,1,17,Normal,0,16,22,4,0,24.0,62.0,20.666666666666668
4879,2025-01-17 22:35:00,South,Fire,825,4,17,Normal,0,18,22,4,0,16.0,58.0,19.333333333333332
4880,2025-01-17 22:40:00,West,Other,395,1,12,Normal,0,32,22,4,0,18.0,66.0,22.0
4881,2025-01-17 22:45:00,East,Fire,939,4,17,Normal,0,27,22,4,0,32.0,77.0,25.666666666666668
4882,2025-01-17 22:50:00,North,Other,302,1,7,Normal,0,14,22,4,0,27.0,73.0,24.333333333333332
4883,2025-01-17 22:55:00,East,Police,392,2,7,Normal,0,21,22,4,0,14.0,62.0,20.666666666666668
4884,2025-01-17 23:00:00,West,Medical,471,3,17,Normal,0,19,23,4,0,21.0,54.0,18.0
4885,2025-01-17 23:05:00,North,Medical,647,3,13,Normal,1,27,23,4,0,19.0,67.0,22.333333333333332
4886,2025-01-17 23:10:00,Central,Medical,518,3,25,Normal,0,30,23,4,0,27.0,76.0,25.333333333333332
4887,2025-01-17 23:15:00,South,Police,524,2,17,Normal,0,23,23,4,0,30.0,80.0,26.666666666666668
4888,2025-01-17 23:20:00,North,Other,366,1,24,Normal,0,22,23,4,0,23.0,75.0,25.0
4889,2025-01-17 23:25:00,South,Police,399,2,13,Normal,0,19,23,4,0,22.0,64.0,21.333333333333332
4890,2025-01-17 23:30:00,North,Police,709,2,16,Normal,0,23,23,4,0,19.0,64.0,21.333333333333332
4891,2025-01-17 23:35:00,Central,Medical,797,3,16,Severe,0,47,23,4,0,23.0,89.0,29.666666666666668
4892,2025-01-17 23:40:00,West,Police,462,2,10,Normal,0,21,23,4,0,47.0,91.0,30.333333333333332
4893,2025-01-17 23:45:00,West,Fire,1131,4,29,Normal,0,22,23,4,0,21.0,90.0,30.0
4894,2025-01-17 23:50:00,Central,Medical,863,3,27,Normal,1,33,23,4,0,22.0,76.0,25.333333333333332
4895,2025-01-17 23:55:00,North,Other,121,1,17,Normal,0,19,23,4,0,33.0,74.0,24.666666666666668
4896,2025-01-18 00:00:00,South,Fire,565,4,22,Normal,0,11,0,5,1,19.0,63.0,21.0
4897,2025-01-18 00:05:00,East,Fire,942,4,25,Severe,0,40,0,5,1,11.0,70.0,23.333333333333332
4898,2025-01-18 00:10:00,Central,Medical,337,3,12,Normal,0,23,0,5,1,40.0,74.0,24.666666666666668
4899,2025-01-18 00:15:00,North,Police,675,2,12,Normal,0,30,0,5,1,23.0,93.0,31.0
4900,2025-01-18 00:20:00,West,Police,799,2,5,Normal,1,37,0,5,1,30.0,90.0,30.0
4901,2025-01-18 00:25:00,East,Fire,419,4,27,Normal,0,15,0,5,1,37.0,82.0,27.333333333333332
4902,2025-01-18 00:30:00,West,Medical,346,3,12,Normal,0,24,0,5,1,15.0,76.0,25.333333333333332
4903,2025-01-18 00:35:00,South,Police,561,2,11,Normal,0,20,0,5,1,24.0,59.0,19.666666666666668
4904,2025-01-18 00:40:00,Central,Medical,840,3,11,Normal,0,18,0,5,1,20.0,62.0,20.666666666666668
4905,2025-01-18 00:45:00,West,Police,512,2,5,Normal,0,27,0,5,1,18.0,65.0,21.666666666666668
4906,2025-01-18 00:50:00,South,Fire,709,4,23,Normal,0,8,0,5,1,27.0,53.0,17.666666666666668
4907,2025-01-18 00:55:00,South,Medical,674,3,26,Normal,0,18,0,5,1,8.0,53.0,17.666666666666668
4908,2025-01-18 01:00:00,Central,Police,350,2,8,Normal,0,23,1,5,1,18.0,49.0,16.333333333333332
4909,2025-01-18 01:05:00,North,Medical,772,3,23,Normal,0,24,1,5,1,23.0,65.0,21.666666666666668
4910,2025-01-18 01:10:00,West,Fire,907,4,11,Normal,0,15,1,5,1,24.0,62.0,20.666666666666668
4911,2025-01-18 01:15:00,West,Police,756,2,5,Normal,0,28,1,5,1,15.0,67.0,22.333333333333332
4912,2025-01-18 01:20:00,West,Medical,890,3,29,Normal,0,20,1,5,1,28.0,63.0,21.0
4913,2025-01-18 01:25:00,East,Police,507,2,23,Normal,0,20,1,5,1,20.0,68.0,22.666666666666668
4914,2025-01-18 01:30:00,Central,Medical,779,3,10,Normal,0,23,1,5,1,20.0,63.0,21.0
4915,2025-01-18 01:35:00,West,Medical,622,3,27,Normal,0,14,1,5,1,23.0,57.0,19.0
4916,2025-01-18 01:40:00,South,Police,383,2,14,Severe,0,41,1,5,1,14.0,78.0,26.0
4917,2025-01-18 01:45:00,West,Medical,668,3,28,Normal,0,21,1,5,1,41.0,76.0,25.333333333333332
4918,2025-01-18 01:50:00,North,Medical,638,3,13,Normal,0,18,1,5,1,21.0,80.0,26.666666666666668
4919,2025-01-18 01:55:00,Central,Other,320,1,21,Normal,0,24,1,5,1,18.0,63.0,21.0
4920,2025-01-18 02:00:00,Central,Medical,773,3,27,Normal,0,25,2,5,1,24.0,67.0,22.333333333333332
4921,2025-01-18 02:05:00,Central,Medical,800,3,29,Normal,0,18,2,5,1,25.0,67.0,22.333333333333332
4922,2025-01-18 02:10:00,Central,Medical,710,3,9,Normal,0,18,2,5,1,18.0,61.0,20.333333333333332
4923,2025-01-18 02:15:00,North,Other,113,1,18,Normal,0,20,2,5,1,18.0,56.0,18.666666666666668
4924,2025-01-18 02:20:00,South,Other,100,1,8,Severe,0,48,2,5,1,20.0,86.0,28.666666666666668
4925,2025-01-18 02:25:00,East,Medical,771,3,18,Normal,0,17,2,5,1,48.0,85.0,28.333333333333332
4926,2025-01-18 02:30:00,North,Medical,625,3,18,Normal,0,12,2,5,1,17.0,77.0,25.666666666666668
4927,2025-01-18 02:35:00,West,Fire,668,4,13,Normal,0,17,2,5,1,12.0,46.0,15.333333333333334
4928,2025-01-18 02:40:00,Central,Other,206,1,6,Normal,0,25,2,5,1,17.0,54.0,18.0
4929,2025-01-18 02:45:00,South,Police,675,2,21,Normal,0,25,2,5,1,25.0,67.0,22.333333333333332
4930,2025-01-18 02:50:00,Central,Police,452,2,23,Normal,0,18,2,5,1,25.0,68.0,22.666666666666668
4931,2025-01-18 02:55:00,North,Medical,594,3,29,Normal,0,21,2,5,1,18.0,64.0,21.333333333333332
4932,2025-01-18 03:00:00,North,Police,423,2,29,Normal,0,21,3,5,1,21.0,60.0,20.0
4933,2025-01-18 03:05:00,Central,Police,476,2,7,Normal,0,18,3,5,1,21.0,60.0,20.0
4934,2025-01-18 03:10:00,South,Other,337,1,20,Normal,1,38,3,5,1,18.0,77.0,25.666666666666668
4935,2025-01-18 03:15:00,East,Other,196,1,15,Severe,0,41,3,5,1,38.0,97.0,32.333333333333336
4936,2025-01-18 03:20:00,South,Police,228,2,6,Normal,0,25,3,5,1,41.0,104.0,34.666666666666664
4937,2025-01-18 03:25:00,Central,Medical,381,3,24,Severe,0,36,3,5,1,25.0,102.0,34.0
4938,2025-01-18 03:30:00,South,Police,544,2,8,Normal,0,19,3,5,1,36.0,80.0,26.666666666666668
4939,2025-01-18 03:35:00,West,Other,293,1,15,Normal,0,15,3,5,1,19.0,70.0,23.333333333333332
4940,2025-01-18 03:40:00,North,Medical,836,3,18,Normal,0,17,3,5,1,15.0,51.0,17.0
4941,2025-01-18 03:45:00,South,Other,316,1,9,Normal,0,11,3,5,1,17.0,43.0,14.333333333333334
4942,2025-01-18 03:50:00,Central,Other,328,1,8,Normal,0,19,3,5,1,11.0,47.0,15.666666666666666
4943,2025-01-18 03:55:00,South,Police,311,2,17,Normal,0,17,3,5,1,19.0,47.0,15.666666666666666
4944,2025-01-18 04:00:00,South,Other,112,1,27,Normal,0,22,4,5,1,17.0,58.0,19.333333333333332
4945,2025-01-18 04:05:00,East,Medical,759,3,6,Normal,0,20,4,5,1,22.0,59.0,19.666666666666668
4946,2025-01-18 04:10:00,West,Medical,469,3,22,Normal,0,23,4,5,1,20.0,65.0,21.666666666666668
4947,2025-01-18 04:15:00,North,Medical,398,3,6,Normal,0,18,4,5,1,23.0,61.0,20.333333333333332
4948,2025-01-18 04:20:00,North,Other,253,1,16,Severe,0,33,4,5,1,18.0,74.0,24.666666666666668
4949,2025-01-18 04:25:00,West,Fire,699,4,25,Normal,0,19,4,5,1,33.0,70.0,23.333333333333332
4950,2025-01-18 04:30:00,East,Medical,385,3,8,Normal,0,14,4,5,1,19.0,66.0,22.0
4951,2025-01-18 04:35:00,North,Other,360,1,25,Normal,0,16,4,5,1,14.0,49.0,16.333333333333332
4952,2025-01-18 04:40:00,South,Police,460,2,22,Normal,0,21,4,5,1,16.0,51.0,17.0
4953,2025-01-18 04:45:00,Central,Other,325,1,17,Severe,0,36,4,5,1,21.0,73.0,24.333333333333332
4954,2025-01-18 04:50:00,East,Police,659,2,15,Normal,0,28,4,5,1,36.0,85.0,28.333333333333332
4955,2025-01-18 04:55:00,East,Police,379,2,17,Normal,0,20,4,5,1,28.0,84.0,28.0
4956,2025-01-18 05:00:00,North,Police,230,2,8,Normal,1,25,5,5,1,20.0,73.0,24.333333333333332
4957,2025-01-18 05:05:00,North,Police,687,2,27,Normal,0,14,5,5,1,25.0,59.0,19.666666666666668
4958,2025-01-18 05:10:00,East,Medical,705,3,29,Normal,0,18,5,5,1,14.0,57.0,19.0
4959,2025-01-18 05:15:00,South,Fire,510,4,8,Normal,0,16,5,5,1,18.0,48.0,16.0
4960,2025-01-18 05:20:00,West,Police,308,2,19,Normal,0,11,5,5,1,16.0,45.0,15.0
4961,2025-01-18 05:25:00,North,Police,494,2,27,Normal,0,11,5,5,1,11.0,38.0,12.666666666666666
4962,2025-01-18 05:30:00,West,Other,168,1,15,Normal,0,18,5,5,1,11.0,40.0,13.333333333333334
4963,2025-01-18 05:35:00,East,Medical,781,3,7,Severe,0,39,5,5,1,18.0,68.0,22.666666666666668
4964,2025-01-18 05:40:00,North,Medical,699,3,5,Normal,0,17,5,5,1,39.0,74.0,24.666666666666668
4965,2025-01-18 05:45:00,East,Police,689,2,7,Normal,1,33,5,5,1,17.0,89.0,29.666666666666668
4966,2025-01-18 05:50:00,South,Medical,484,3,24,Severe,0,34,5,5,1,33.0,84.0,28.0
4967,2025-01-18 05:55:00,East,Police,765,2,21,Normal,0,19,5,5,1,34.0,86.0,28.666666666666668
4968,2025-01-18 06:00:00,West,Other,268,1,12,Normal,1,38,6,5,1,19.0,91.0,30.333333333333332
4969,2025-01-18 06:05:00,South,Medical,418,3,13,Normal,0,17,6,5,1,38.0,74.0,24.666666666666668
4970,2025-01-18 06:10:00,Central,Medical,760,3,28,Severe,0,41,6,5,1,17.0,96.0,32.0
4971,2025-01-18 06:15:00,East,Medical,854,3,12,Normal,0,17,6,5,1,41.0,75.0,25.0
4972,2025-01-18 06:20:00,North,Police,341,2,24,Normal,0,24,6,5,1,17.0,82.0,27.333333333333332
4973,2025-01-18 06:25:00,North,Police,683,2,8,Normal,0,15,6,5,1,24.0,56.0,18.666666666666668
4974,2025-01-18 06:30:00,North,Police,401,2,10,Normal,0,20,6,5,1,15.0,59.0,19.666666666666668
4975,2025-01-18 06:35:00,North,Other,264,1,21,Normal,0,15,6,5,1,20.0,50.0,16.666666666666668
4976,2025-01-18 06:40:00,Central,Other,149,1,25,Normal,1,38,6,5,1,15.0,73.0,24.333333333333332
4977,2025-01-18 06:45:00,North,Police,587,2,29,Normal,0,24,6,5,1,38.0,77.0,25.666666666666668
4978,2025-01-18 06:50:00,South,Medical,318,3,9,Normal,0,19,6,5,1,24.0,81.0,27.0
4979,2025-01-18 06:55:00,East,Other,370,1,9,Normal,0,28,6,5,1,19.0,71.0,23.666666666666668
4980,2025-01-18 07:00:00,East,Other,286,1,12,Normal,1,38,7,5,1,28.0,85.0,28.333333333333332
4981,2025-01-18 07:05:00,North,Other,349,1,21,Normal,0,22,7,5,1,38.0,88.0,29.333333333333332
4982,2025-01-18 07:10:00,West,Medical,714,3,21,Normal,0,18,7,5,1,22.0,78.0,26.0
4983,2025-01-18 07:15:00,South,Fire,849,4,28,Normal,0,28,7,5,1,18.0,68.0,22.666666666666668
4984,2025-01-18 07:20:00,North,Medical,424,3,18,Normal,0,23,7,5,1,28.0,69.0,23.0
4985,2025-01-18 07:25:00,East,Medical,377,3,7,Normal,0,21,7,5,1,23.0,72.0,24.0
4986,2025-01-18 07:30:00,West,Medical,824,3,7,Normal,0,18,7,5,1,21.0,62.0,20.666666666666668
4987,2025-01-18 07:35:00,Central,Police,414,2,10,Normal,0,27,7,5,1,18.0,66.0,22.0
4988,2025-01-18 07:40:00,North,Other,347,1,22,Normal,0,18,7,5,1,27.0,63.0,21.0
4989,2025-01-18 07:45:00,South,Police,259,2,29,Normal,0,23,7,5,1,18.0,68.0,22.666666666666668
4990,2025-01-18 07:50:00,Central,Fire,467,4,22,Normal,0,25,7,5,1,23.0,66.0,22.0
4991,2025-01-18 07:55:00,South,Fire,522,4,5,Normal,0,26,7,5,1,25.0,74.0,24.666666666666668
4992,2025-01-18 08:00:00,Central,Medical,782,3,16,Normal,0,29,8,5,1,26.0,80.0,26.666666666666668
4993,2025-01-18 08:05:00,North,Police,337,2,13,Severe,0,42,8,5,1,29.0,97.0,32.333333333333336
4994,2025-01-18 08:10:00,West,Police,594,2,16,Normal,0,26,8,5,1,42.0,97.0,32.333333333333336
4995,2025-01-18 08:15:00,East,Other,346,1,17,Normal,0,39,8,5,1,26.0,107.0,35.666666666666664
4996,2025-01-18 08:20:00,West,Other,183,1,18,Normal,0,30,8,5,1,39.0,95.0,31.666666666666668
4997,2025-01-18 08:25:00,South,Police,548,2,26,Normal,0,31,8,5,1,30.0,100.0,33.333333333333336
4998,2025-01-18 08:30:00,Central,Police,485,2,11,Normal,0,25,8,5,1,31.0,86.0,28.666666666666668
4999,2025-01-18 08:35:00,East,Fire,741,4,6,Normal,0,29,8,5,1,25.0,85.0,28.333333333333332
5000,2025-01-18 08:40:00,South,Fire,689,4,14,Normal,0,30,8,5,1,29.0,84.0,28.0
5001,2025-01-18 08:45:00,West,Medical,681,3,28,Normal,0,23,8,5,1,30.0,82.0,27.333333333333332
5002,2025-01-18 08:50:00,North,Police,485,2,7,Normal,0,32,8,5,1,23.0,85.0,28.333333333333332
5003,2025-01-18 08:55:00,East,Other,219,1,26,Normal,0,30,8,5,1,32.0,85.0,28.333333333333332
5004,2025-01-18 09:00:00,North,Police,484,2,10,Normal,0,19,9,5,1,30.0,81.0,27.0
5005,2025-01-18 09:05:00,West,Medical,789,3,12,Normal,0,19,9,5,1,19.0,68.0,22.666666666666668
5006,2025-01-18 09:10:00,Central,Medical,677,3,27,Severe,0,54,9,5,1,19.0,92.0,30.666666666666668
5007,2025-01-18 09:15:00,North,Other,188,1,9,Normal,0,27,9,5,1,54.0,100.0,33.333333333333336
5008,2025-01-18 09:20:00,Central,Other,374,1,7,Normal,0,19,9,5,1,27.0,100.0,33.333333333333336
5009,2025-01-18 09:25:00,North,Police,341,2,26,Normal,0,30,9,5,1,19.0,76.0,25.333333333333332
5010,2025-01-18 09:30:00,North,Medical,385,3,16,Normal,0,30,9,5,1,30.0,79.0,26.333333333333332
5011,2025-01-18 09:35:00,Central,Police,639,2,29,Normal,0,29,9,5,1,30.0,89.0,29.666666666666668
5012,2025-01-18 09:40:00,East,Police,400,2,12,Normal,0,26,9,5,1,29.0,85.0,28.333333333333332
5013,2025-01-18 09:45:00,South,Police,639,2,18,Normal,0,25,9,5,1,26.0,80.0,26.666666666666668
5014,2025-01-18 09:50:00,North,Medical,832,3,25,Severe,0,58,9,5,1,25.0,109.0,36.333333333333336
5015,2025-01-18 09:55:00,South,Other,194,1,14,Normal,0,33,9,5,1,58.0,116.0,38.666666666666664
5016,2025-01-18 10:00:00,South,Medical,457,3,12,Normal,0,17,10,5,1,33.0,108.0,36.0
5017,2025-01-18 10:05:00,South,Medical,367,3,28,Normal,0,17,10,5,1,17.0,67.0,22.333333333333332
5018,2025-01-18 10:10:00,West,Police,338,2,12,Normal,0,18,10,5,1,17.0,52.0,17.333333333333332
5019,2025-01-18 10:15:00,East,Other,184,1,8,Normal,0,28,10,5,1,18.0,63.0,21.0
5020,2025-01-18 10:20:00,West,Medical,688,3,19,Normal,0,27,10,5,1,28.0,73.0,24.333333333333332
5021,2025-01-18 10:25:00,North,Other,152,1,17,Normal,0,21,10,5,1,27.0,76.0,25.333333333333332
5022,2025-01-18 10:30:00,North,Police,332,2,26,Normal,0,29,10,5,1,21.0,77.0,25.666666666666668
5023,2025-01-18 10:35:00,Central,Medical,672,3,9,Normal,0,17,10,5,1,29.0,67.0,22.333333333333332
5024,2025-01-18 10:40:00,Central,Medical,872,3,28,Normal,0,17,10,5,1,17.0,63.0,21.0
5025,2025-01-18 10:45:00,East,Medical,320,3,16,Normal,0,23,10,5,1,17.0,57.0,19.0
5026,2025-01-18 10:50:00,East,Other,121,1,27,Normal,0,31,10,5,1,23.0,71.0,23.666666666666668
5027,2025-01-18 10:55:00,West,Police,280,2,26,Severe,0,39,10,5,1,31.0,93.0,31.0
5028,2025-01-18 11:00:00,East,Other,177,1,16,Normal,0,26,11,5,1,39.0,96.0,32.0
5029,2025-01-18 11:05:00,South,Other,199,1,27,Normal,0,15,11,5,1,26.0,80.0,26.666666666666668
5030,2025-01-18 11:10:00,North,Other,328,1,29,Normal,0,12,11,5,1,15.0,53.0,17.666666666666668
5031,2025-01-18 11:15:00,Central,Medical,617,3,23,Normal,0,17,11,5,1,12.0,44.0,14.666666666666666
5032,2025-01-18 11:20:00,North,Police,354,2,25,Normal,0,25,11,5,1,17.0,54.0,18.0
5033,2025-01-18 11:25:00,West,Other,119,1,6,Normal,0,25,11,5,1,25.0,67.0,22.333333333333332
5034,2025-01-18 11:30:00,East,Police,402,2,19,Normal,0,19,11,5,1,25.0,69.0,23.0
5035,2025-01-18 11:35:00,North,Medical,399,3,27,Normal,1,26,11,5,1,19.0,70.0,23.333333333333332
5036,2025-01-18 11:40:00,South,Medical,684,3,26,Normal,0,16,11,5,1,26.0,61.0,20.333333333333332
5037,2025-01-18 11:45:00,South,Police,299,2,7,Normal,0,24,11,5,1,16.0,66.0,22.0
5038,2025-01-18 11:50:00,West,Medical,580,3,14,Normal,0,24,11,5,1,24.0,64.0,21.333333333333332
5039,2025-01-18 11:55:00,North,Medical,788,3,26,Normal,0,16,11,5,1,24.0,64.0,21.333333333333332
5040,2025-01-18 12:00:00,North,Medical,415,3,24,Normal,0,20,12,5,1,16.0,60.0,20.0
5041,2025-01-18 12:05:00,West,Medical,850,3,28,Normal,0,20,12,5,1,20.0,56.0,18.666666666666668
5042,2025-01-18 12:10:00,West,Medical,531,3,7,Normal,0,10,12,5,1,20.0,50.0,16.666666666666668
5043,2025-01-18 12:15:00,North,Police,605,2,13,Normal,0,19,12,5,1,10.0,49.0,16.333333333333332
5044,2025-01-18 12:20:00,East,Other,355,1,11,Normal,0,17,12,5,1,19.0,46.0,15.333333333333334
5045,2025-01-18 12:25:00,North,Medical,854,3,11,Normal,0,17,12,5,1,17.0,53.0,17.666666666666668
5046,2025-01-18 12:30:00,West,Police,404,2,15,Normal,0,25,12,5,1,17.0,59.0,19.666666666666668
5047,2025-01-18 12:35:00,Central,Other,140,1,27,Normal,0,26,12,5,1,25.0,68.0,22.666666666666668
5048,2025-01-18 12:40:00,South,Police,515,2,5,Normal,0,19,12,5,1,26.0,70.0,23.333333333333332
5049,2025-01-18 12:45:00,West,Other,361,1,24,Normal,0,23,12,5,1,19.0,68.0,22.666666666666668
5050,2025-01-18 12:50:00,Central,Police,442,2,24,Normal,0,16,12,5,1,23.0,58.0,19.333333333333332
5051,2025-01-18 12:55:00,Central,Police,449,2,16,Normal,0,15,12,5,1,16.0,54.0,18.0
5052,2025-01-18 13:00:00,South,Medical,552,3,11,Normal,0,26,13,5,1,15.0,57.0,19.0
5053,2025-01-18 13:05:00,West,Medical,378,3,16,Normal,0,16,13,5,1,26.0,57.0,19.0
5054,2025-01-18 13:10:00,East,Police,712,2,28,Normal,0,15,13,5,1,16.0,57.0,19.0
5055,2025-01-18 13:15:00,West,Medical,489,3,15,Normal,0,15,13,5,1,15.0,46.0,15.333333333333334
5056,2025-01-18 13:20:00,Central,Other,194,1,10,Normal,0,17,13,5,1,15.0,47.0,15.666666666666666
5057,2025-01-18 13:25:00,North,Fire,662,4,23,Normal,0,17,13,5,1,17.0,49.0,16.333333333333332
5058,2025-01-18 13:30:00,East,Police,451,2,17,Normal,0,25,13,5,1,17.0,59.0,19.666666666666668
5059,2025-01-18 13:35:00,Central,Other,106,1,27,Severe,0,49,13,5,1,25.0,91.0,30.333333333333332
5060,2025-01-18 13:40:00,East,Medical,865,3,16,Normal,0,11,13,5,1,49.0,85.0,28.333333333333332
5061,2025-01-18 13:45:00,Central,Other,216,1,19,Normal,0,15,13,5,1,11.0,75.0,25.0
5062,2025-01-18 13:50:00,North,Other,180,1,6,Normal,0,18,13,5,1,15.0,44.0,14.666666666666666
5063,2025-01-18 13:55:00,West,Medical,576,3,27,Normal,0,18,13,5,1,18.0,51.0,17.0
5064,2025-01-18 14:00:00,Central,Other,168,1,29,Normal,0,19,14,5,1,18.0,55.0,18.333333333333332
5065,2025-01-18 14:05:00,Central,Police,372,2,12,Severe,0,47,14,5,1,19.0,84.0,28.0
5066,2025-01-18 14:10:00,North,Police,206,2,29,Normal,0,20,14,5,1,47.0,86.0,28.666666666666668
5067,2025-01-18 14:15:00,East,Police,517,2,14,Normal,0,18,14,5,1,20.0,85.0,28.333333333333332
5068,2025-01-18 14:20:00,West,Police,359,2,11,Normal,0,25,14,5,1,18.0,63.0,21.0
5069,2025-01-18 14:25:00,West,Medical,308,3,11,Normal,0,28,14,5,1,25.0,71.0,23.666666666666668
5070,2025-01-18 14:30:00,West,Medical,543,3,29,Normal,0,18,14,5,1,28.0,71.0,23.666666666666668
5071,2025-01-18 14:35:00,North,Police,224,2,10,Normal,0,14,14,5,1,18.0,60.0,20.0
5072,2025-01-18 14:40:00,West,Medical,747,3,24,Normal,0,18,14,5,1,14.0,50.0,16.666666666666668
5073,2025-01-18 14:45:00,North,Police,525,2,17,Normal,0,27,14,5,1,18.0,59.0,19.666666666666668
5074,2025-01-18 14:50:00,Central,Police,408,2,21,Normal,0,21,14,5,1,27.0,66.0,22.0
5075,2025-01-18 14:55:00,West,Medical,306,3,9,Normal,0,19,14,5,1,21.0,67.0,22.333333333333332
5076,2025-01-18 15:00:00,Central,Medical,898,3,7,Normal,0,18,15,5,1,19.0,58.0,19.333333333333332
5077,2025-01-18 15:05:00,East,Police,383,2,19,Normal,0,18,15,5,1,18.0,55.0,18.333333333333332
5078,2025-01-18 15:10:00,West,Police,438,2,28,Normal,0,21,15,5,1,18.0,57.0,19.0
5079,2025-01-18 15:15:00,North,Fire,614,4,13,Normal,0,14,15,5,1,21.0,53.0,17.666666666666668
5080,2025-01-18 15:20:00,North,Police,406,2,11,Normal,0,16,15,5,1,14.0,51.0,17.0
5081,2025-01-18 15:25:00,West,Other,277,1,7,Normal,0,24,15,5,1,16.0,54.0,18.0
5082,2025-01-18 15:30:00,East,Other,126,1,19,Normal,0,18,15,5,1,24.0,58.0,19.333333333333332
5083,2025-01-18 15:35:00,North,Police,456,2,8,Normal,0,17,15,5,1,18.0,59.0,19.666666666666668
5084,2025-01-18 15:40:00,Central,Police,644,2,8,Normal,0,17,15,5,1,17.0,52.0,17.333333333333332
5085,2025-01-18 15:45:00,East,Other,146,1,28,Normal,0,15,15,5,1,17.0,49.0,16.333333333333332
5086,2025-01-18 15:50:00,Central,Fire,879,4,23,Normal,0,25,15,5,1,15.0,57.0,19.0
5087,2025-01-18 15:55:00,Central,Police,677,2,28,Normal,0,15,15,5,1,25.0,55.0,18.333333333333332
5088,2025-01-18 16:00:00,North,Other,276,1,6,Severe,0,35,16,5,1,15.0,75.0,25.0
5089,2025-01-18 16:05:00,Central,Police,394,2,22,Normal,0,21,16,5,1,35.0,71.0,23.666666666666668
5090,2025-01-18 16:10:00,East,Medical,431,3,28,Normal,0,22,16,5,1,21.0,78.0,26.0
5091,2025-01-18 16:15:00,South,Police,497,2,27,Severe,0,42,16,5,1,22.0,85.0,28.333333333333332
5092,2025-01-18 16:20:00,Central,Medical,377,3,6,Normal,0,11,16,5,1,42.0,75.0,25.0
5093,2025-01-18 16:25:00,North,Police,525,2,15,Normal,0,16,16,5,1,11.0,69.0,23.0
5094,2025-01-18 16:30:00,West,Medical,367,3,13,Normal,0,23,16,5,1,16.0,50.0,16.666666666666668
5095,2025-01-18 16:35:00,South,Police,244,2,9,Normal,0,17,16,5,1,23.0,56.0,18.666666666666668
5096,2025-01-18 16:40:00,West,Other,168,1,26,Normal,0,19,16,5,1,17.0,59.0,19.666666666666668
5097,2025-01-18 16:45:00,South,Other,213,1,23,Normal,0,23,16,5,1,19.0,59.0,19.666666666666668
5098,2025-01-18 16:50:00,West,Other,327,1,15,Normal,0,14,16,5,1,23.0,56.0,18.666666666666668
5099,2025-01-18 16:55:00,East,Fire,769,4,12,Normal,0,18,16,5,1,14.0,55.0,18.333333333333332
5100,2025-01-18 17:00:00,South,Medical,634,3,5,Normal,0,16,17,5,1,18.0,48.0,16.0
5101,2025-01-18 17:05:00,West,Medical,707,3,6,Normal,0,27,17,5,1,16.0,61.0,20.333333333333332
5102,2025-01-18 17:10:00,South,Medical,564,3,29,Normal,1,35,17,5,1,27.0,78.0,26.0
5103,2025-01-18 17:15:00,South,Medical,352,3,5,Severe,0,38,17,5,1,35.0,100.0,33.333333333333336
5104,2025-01-18 17:20:00,Central,Fire,1047,4,27,Normal,0,21,17,5,1,38.0,94.0,31.333333333333332
5105,2025-01-18 17:25:00,South,Medical,847,3,29,Normal,0,24,17,5,1,21.0,83.0,27.666666666666668
5106,2025-01-18 17:30:00,West,Police,704,2,23,Severe,0,35,17,5,1,24.0,80.0,26.666666666666668
5107,2025-01-18 17:35:00,North,Medical,355,3,27,Normal,0,23,17,5,1,35.0,82.0,27.333333333333332
5108,2025-01-18 17:40:00,South,Medical,727,3,15,Normal,0,21,17,5,1,23.0,79.0,26.333333333333332
5109,2025-01-18 17:45:00,Central,Fire,1045,4,21,Normal,0,12,17,5,1,21.0,56.0,18.666666666666668
5110,2025-01-18 17:50:00,East,Medical,551,3,21,Normal,0,30,17,5,1,12.0,63.0,21.0
5111,2025-01-18 17:55:00,East,Medical,718,3,6,Severe,0,30,17,5,1,30.0,72.0,24.0
5112,2025-01-18 18:00:00,South,Medical,794,3,9,Normal,0,30,18,5,1,30.0,90.0,30.0
5113,2025-01-18 18:05:00,West,Medical,557,3,21,Normal,0,35,18,5,1,30.0,95.0,31.666666666666668
5114,2025-01-18 18:10:00,Central,Police,584,2,19,Normal,0,36,18,5,1,35.0,101.0,33.666666666666664
5115,2025-01-18 18:15:00,West,Other,183,1,13,Normal,0,33,18,5,1,36.0,104.0,34.666666666666664
5116,2025-01-18 18:20:00,North,Other,330,1,14,Normal,0,22,18,5,1,33.0,91.0,30.333333333333332
5117,2025-01-18 18:25:00,North,Other,333,1,22,Normal,0,24,18,5,1,22.0,79.0,26.333333333333332
5118,2025-01-18 18:30:00,West,Police,215,2,17,Severe,0,60,18,5,1,24.0,106.0,35.333333333333336
5119,2025-01-18 18:35:00,East,Medical,308,3,19,Severe,0,55,18,5,1,60.0,139.0,46.333333333333336
5120,2025-01-18 18:40:00,South,Fire,589,4,22,Normal,0,29,18,5,1,55.0,144.0,48.0
5121,2025-01-18 18:45:00,Central,Medical,699,3,20,Normal,0,33,18,5,1,29.0,117.0,39.0
5122,2025-01-18 18:50:00,South,Other,377,1,26,Severe,0,52,18,5,1,33.0,114.0,38.0
5123,2025-01-18 18:55:00,Central,Police,636,2,22,Normal,0,22,18,5,1,52.0,107.0,35.666666666666664
5124,2025-01-18 19:00:00,Central,Medical,468,3,29,Normal,0,30,19,5,1,22.0,104.0,34.666666666666664
5125,2025-01-18 19:05:00,South,Other,378,1,22,Normal,0,26,19,5,1,30.0,78.0,26.0
5126,2025-01-18 19:10:00,Central,Fire,646,4,26,Normal,0,31,19,5,1,26.0,87.0,29.0
5127,2025-01-18 19:15:00,Central,Police,323,2,8,Normal,0,37,19,5,1,31.0,94.0,31.333333333333332
5128,2025-01-18 19:20:00,South,Medical,854,3,23,Normal,0,27,19,5,1,37.0,95.0,31.666666666666668
5129,2025-01-18 19:25:00,North,Fire,898,4,10,Severe,1,70,19,5,1,27.0,134.0,44.666666666666664
5130,2025-01-18 19:30:00,West,Medical,806,3,28,Normal,0,31,19,5,1,70.0,128.0,42.666666666666664
5131,2025-01-18 19:35:00,West,Other,151,1,18,Severe,0,45,19,5,1,31.0,146.0,48.666666666666664
5132,2025-01-18 19:40:00,East,Other,173,1,10,Normal,0,25,19,5,1,45.0,101.0,33.666666666666664
5133,2025-01-18 19:45:00,East,Medical,787,3,17,Normal,0,30,19,5,1,25.0,100.0,33.333333333333336
5134,2025-01-18 19:50:00,East,Police,325,2,7,Normal,0,33,19,5,1,30.0,88.0,29.333333333333332
5135,2025-01-18 19:55:00,East,Other,274,1,9,Normal,0,27,19,5,1,33.0,90.0,30.0
5136,2025-01-18 20:00:00,West,Other,326,1,11,Normal,0,29,20,5,1,27.0,89.0,29.666666666666668
5137,2025-01-18 20:05:00,West,Police,205,2,27,Normal,0,26,20,5,1,29.0,82.0,27.333333333333332
5138,2025-01-18 20:10:00,South,Medical,660,3,26,Normal,0,31,20,5,1,26.0,86.0,28.666666666666668
5139,2025-01-18 20:15:00,North,Other,126,1,5,Normal,0,37,20,5,1,31.0,94.0,31.333333333333332
5140,2025-01-18 20:20:00,South,Medical,645,3,7,Normal,0,28,20,5,1,37.0,96.0,32.0
5141,2025-01-18 20:25:00,North,Police,464,2,24,Normal,0,34,20,5,1,28.0,99.0,33.0
5142,2025-01-18 20:30:00,West,Police,602,2,7,Normal,0,22,20,5,1,34.0,84.0,28.0
5143,2025-01-18 20:35:00,East,Medical,709,3,17,Normal,0,32,20,5,1,22.0,88.0,29.333333333333332
5144,2025-01-18 20:40:00,South,Other,110,1,22,Normal,0,37,20,5,1,32.0,91.0,30.333333333333332
5145,2025-01-18 20:45:00,East,Other,326,1,7,Normal,0,23,20,5,1,37.0,92.0,30.666666666666668
5146,2025-01-18 20:50:00,North,Police,606,2,10,Normal,0,40,20,5,1,23.0,100.0,33.333333333333336
5147,2025-01-18 20:55:00,East,Police,479,2,7,Normal,0,30,20,5,1,40.0,93.0,31.0
5148,2025-01-18 21:00:00,East,Medical,490,3,26,Normal,0,20,21,5,1,30.0,90.0,30.0
5149,2025-01-18 21:05:00,Central,Other,269,1,17,Severe,1,64,21,5,1,20.0,114.0,38.0
5150,2025-01-18 21:10:00,East,Police,625,2,13,Normal,0,21,21,5,1,64.0,105.0,35.0
5151,2025-01-18 21:15:00,South,Medical,460,3,28,Normal,0,20,21,5,1,21.0,105.0,35.0
5152,2025-01-18 21:20:00,North,Medical,896,3,5,Normal,0,18,21,5,1,20.0,59.0,19.666666666666668
5153,2025-01-18 21:25:00,Central,Police,505,2,27,Normal,0,18,21,5,1,18.0,56.0,18.666666666666668
5154,2025-01-18 21:30:00,North,Other,239,1,28,Normal,0,15,21,5,1,18.0,51.0,17.0
5155,2025-01-18 21:35:00,South,Police,398,2,14,Normal,0,22,21,5,1,15.0,55.0,18.333333333333332
5156,2025-01-18 21:40:00,West,Fire,780,4,6,Severe,0,58,21,5,1,22.0,95.0,31.666666666666668
5157,2025-01-18 21:45:00,East,Medical,506,3,13,Normal,0,21,21,5,1,58.0,101.0,33.666666666666664
5158,2025-01-18 21:50:00,East,Medical,820,3,28,Normal,0,13,21,5,1,21.0,92.0,30.666666666666668
5159,2025-01-18 21:55:00,North,Medical,671,3,19,Normal,0,22,21,5,1,13.0,56.0,18.666666666666668
5160,2025-01-18 22:00:00,East,Police,339,2,19,Normal,0,20,22,5,1,22.0,55.0,18.333333333333332
5161,2025-01-18 22:05:00,East,Police,592,2,5,Severe,0,38,22,5,1,20.0,80.0,26.666666666666668
5162,2025-01-18 22:10:00,East,Other,183,1,16,Normal,0,18,22,5,1,38.0,76.0,25.333333333333332
5163,2025-01-18 22:15:00,South,Medical,813,3,9,Normal,0,27,22,5,1,18.0,83.0,27.666666666666668
5164,2025-01-18 22:20:00,East,Other,167,1,13,Normal,1,33,22,5,1,27.0,78.0,26.0
5165,2025-01-18 22:25:00,Central,Fire,469,4,23,Normal,0,23,22,5,1,33.0,83.0,27.666666666666668
5166,2025-01-18 22:30:00,North,Police,677,2,6,Normal,0,18,22,5,1,23.0,74.0,24.666666666666668
5167,2025-01-18 22:35:00,South,Police,345,2,9,Normal,0,18,22,5,1,18.0,59.0,19.666666666666668
5168,2025-01-18 22:40:00,East,Police,451,2,12,Severe,0,57,22,5,1,18.0,93.0,31.0
5169,2025-01-18 22:45:00,Central,Other,147,1,9,Normal,0,31,22,5,1,57.0,106.0,35.333333333333336
5170,2025-01-18 22:50:00,West,Medical,698,3,13,Normal,1,31,22,5,1,31.0,119.0,39.666666666666664
5171,2025-01-18 22:55:00,West,Police,589,2,14,Severe,0,44,22,5,1,31.0,106.0,35.333333333333336
5172,2025-01-18 23:00:00,West,Police,279,2,19,Normal,0,19,23,5,1,44.0,94.0,31.333333333333332
5173,2025-01-18 23:05:00,South,Police,423,2,18,Severe,0,39,23,5,1,19.0,102.0,34.0
5174,2025-01-18 23:10:00,West,Medical,449,3,24,Normal,0,17,23,5,1,39.0,75.0,25.0
5175,2025-01-18 23:15:00,East,Medical,302,3,13,Severe,0,40,23,5,1,17.0,96.0,32.0
5176,2025-01-18 23:20:00,Central,Fire,959,4,10,Normal,0,20,23,5,1,40.0,77.0,25.666666666666668
5177,2025-01-18 23:25:00,East,Police,222,2,5,Normal,0,14,23,5,1,20.0,74.0,24.666666666666668
5178,2025-01-18 23:30:00,South,Medical,503,3,16,Severe,0,42,23,5,1,14.0,76.0,25.333333333333332
5179,2025-01-18 23:35:00,Central,Police,750,2,6,Normal,0,16,23,5,1,42.0,72.0,24.0
5180,2025-01-18 23:40:00,East,Fire,609,4,23,Normal,0,19,23,5,1,16.0,77.0,25.666666666666668
5181,2025-01-18 23:45:00,East,Other,360,1,12,Severe,0,42,23,5,1,19.0,77.0,25.666666666666668
5182,2025-01-18 23:50:00,South,Medical,478,3,8,Severe,0,48,23,5,1,42.0,109.0,36.333333333333336
5183,2025-01-18 23:55:00,East,Other,173,1,25,Normal,0,25,23,5,1,48.0,115.0,38.333333333333336
5184,2025-01-19 00:00:00,North,Medical,343,3,20,Normal,0,17,0,6,1,25.0,90.0,30.0
5185,2025-01-19 00:05:00,East,Other,135,1,28,Severe,0,47,0,6,1,17.0,89.0,29.666666666666668
5186,2025-01-19 00:10:00,South,Medical,349,3,20,Normal,0,25,0,6,1,47.0,89.0,29.666666666666668
5187,2025-01-19 00:15:00,West,Other,341,1,10,Severe,0,46,0,6,1,25.0,118.0,39.333333333333336
5188,2025-01-19 00:20:00,North,Police,513,2,23,Normal,0,21,0,6,1,46.0,92.0,30.666666666666668
5189,2025-01-19 00:25:00,East,Fire,469,4,12,Normal,0,22,0,6,1,21.0,89.0,29.666666666666668
5190,2025-01-19 00:30:00,North,Police,237,2,17,Normal,0,13,0,6,1,22.0,56.0,18.666666666666668
5191,2025-01-19 00:35:00,Central,Police,403,2,19,Normal,0,21,0,6,1,13.0,56.0,18.666666666666668
5192,2025-01-19 00:40:00,Central,Medical,378,3,21,Severe,0,53,0,6,1,21.0,87.0,29.0
5193,2025-01-19 00:45:00,East,Other,105,1,5,Normal,0,21,0,6,1,53.0,95.0,31.666666666666668
5194,2025-01-19 00:50:00,Central,Medical,724,3,28,Normal,0,18,0,6,1,21.0,92.0,30.666666666666668
5195,2025-01-19 00:55:00,North,Medical,489,3,28,Normal,1,25,0,6,1,18.0,64.0,21.333333333333332
5196,2025-01-19 01:00:00,North,Police,317,2,19,Normal,0,17,1,6,1,25.0,60.0,20.0
5197,2025-01-19 01:05:00,West,Police,319,2,14,Normal,0,17,1,6,1,17.0,59.0,19.666666666666668
5198,2025-01-19 01:10:00,West,Police,520,2,14,Normal,0,17,1,6,1,17.0,51.0,17.0
5199,2025-01-19 01:15:00,East,Medical,316,3,29,Normal,0,20,1,6,1,17.0,54.0,18.0
5200,2025-01-19 01:20:00,East,Other,206,1,29,Normal,0,22,1,6,1,20.0,59.0,19.666666666666668
5201,2025-01-19 01:25:00,South,Police,450,2,15,Normal,0,18,1,6,1,22.0,60.0,20.0
5202,2025-01-19 01:30:00,Central,Medical,726,3,29,Normal,0,17,1,6,1,18.0,57.0,19.0
5203,2025-01-19 01:35:00,South,Police,658,2,15,Normal,0,26,1,6,1,17.0,61.0,20.333333333333332
5204,2025-01-19 01:40:00,Central,Other,394,1,16,Normal,0,17,1,6,1,26.0,60.0,20.0
5205,2025-01-19 01:45:00,West,Other,247,1,26,Severe,0,35,1,6,1,17.0,78.0,26.0
5206,2025-01-19 01:50:00,South,Police,304,2,14,Normal,0,13,1,6,1,35.0,65.0,21.666666666666668
5207,2025-01-19 01:55:00,North,Fire,593,4,20,Normal,0,21,1,6,1,13.0,69.0,23.0
5208,2025-01-19 02:00:00,East,Other,118,1,22,Normal,0,20,2,6,1,21.0,54.0,18.0
5209,2025-01-19 02:05:00,East,Police,602,2,20,Normal,0,19,2,6,1,20.0,60.0,20.0
5210,2025-01-19 02:10:00,East,Medical,802,3,17,Normal,0,22,2,6,1,19.0,61.0,20.333333333333332
5211,2025-01-19 02:15:00,East,Police,672,2,13,Normal,0,19,2,6,1,22.0,60.0,20.0
5212,2025-01-19 02:20:00,East,Fire,400,4,20,Normal,0,28,2,6,1,19.0,69.0,23.0
5213,2025-01-19 02:25:00,East,Medical,736,3,22,Normal,0,19,2,6,1,28.0,66.0,22.0
5214,2025-01-19 02:30:00,North,Other,232,1,16,Severe,1,61,2,6,1,19.0,108.0,36.0
5215,2025-01-19 02:35:00,North,Police,540,2,28,Normal,0,22,2,6,1,61.0,102.0,34.0
5216,2025-01-19 02:40:00,North,Other,138,1,15,Severe,0,45,2,6,1,22.0,128.0,42.666666666666664
5217,2025-01-19 02:45:00,Central,Medical,668,3,12,Normal,1,40,2,6,1,45.0,107.0,35.666666666666664
5218,2025-01-19 02:50:00,South,Police,221,2,24,Normal,0,18,2,6,1,40.0,103.0,34.333333333333336
5219,2025-01-19 02:55:00,East,Police,730,2,19,Normal,0,21,2,6,1,18.0,79.0,26.333333333333332
5220,2025-01-19 03:00:00,South,Medical,489,3,19,Severe,0,43,3,6,1,21.0,82.0,27.333333333333332
5221,2025-01-19 03:05:00,North,Police,782,2,6,Normal,0,18,3,6,1,43.0,82.0,27.333333333333332
5222,2025-01-19 03:10:00,East,Medical,521,3,5,Normal,0,10,3,6,1,18.0,71.0,23.666666666666668
5223,2025-01-19 03:15:00,West,Fire,535,4,6,Normal,0,16,3,6,1,10.0,44.0,14.666666666666666
5224,2025-01-19 03:20:00,East,Other,219,1,29,Normal,0,28,3,6,1,16.0,54.0,18.0
5225,2025-01-19 03:25:00,East,Medical,700,3,20,Normal,1,25,3,6,1,28.0,69.0,23.0
5226,2025-01-19 03:30:00,Central,Medical,618,3,25,Normal,0,24,3,6,1,25.0,77.0,25.666666666666668
5227,2025-01-19 03:35:00,East,Police,593,2,27,Normal,0,19,3,6,1,24.0,68.0,22.666666666666668
5228,2025-01-19 03:40:00,East,Police,549,2,14,Normal,0,10,3,6,1,19.0,53.0,17.666666666666668
5229,2025-01-19 03:45:00,Central,Police,436,2,27,Normal,0,15,3,6,1,10.0,44.0,14.666666666666666
5230,2025-01-19 03:50:00,Central,Medical,361,3,27,Normal,0,19,3,6,1,15.0,44.0,14.666666666666666
5231,2025-01-19 03:55:00,North,Police,581,2,20,Normal,0,17,3,6,1,19.0,51.0,17.0
5232,2025-01-19 04:00:00,East,Medical,898,3,6,Normal,0,22,4,6,1,17.0,58.0,19.333333333333332
5233,2025-01-19 04:05:00,North,Medical,850,3,29,Normal,0,26,4,6,1,22.0,65.0,21.666666666666668
5234,2025-01-19 04:10:00,Central,Medical,788,3,28,Normal,0,19,4,6,1,26.0,67.0,22.333333333333332
5235,2025-01-19 04:15:00,Central,Police,372,2,14,Normal,0,19,4,6,1,19.0,64.0,21.333333333333332
5236,2025-01-19 04:20:00,West,Fire,923,4,15,Normal,0,17,4,6,1,19.0,55.0,18.333333333333332
5237,2025-01-19 04:25:00,East,Medical,536,3,27,Normal,0,17,4,6,1,17.0,53.0,17.666666666666668
5238,2025-01-19 04:30:00,Central,Other,357,1,7,Normal,0,21,4,6,1,17.0,55.0,18.333333333333332
5239,2025-01-19 04:35:00,East,Medical,578,3,10,Normal,0,25,4,6,1,21.0,63.0,21.0
5240,2025-01-19 04:40:00,North,Medical,413,3,26,Normal,0,18,4,6,1,25.0,64.0,21.333333333333332
5241,2025-01-19 04:45:00,South,Other,121,1,21,Normal,0,16,4,6,1,18.0,59.0,19.666666666666668
5242,2025-01-19 04:50:00,East,Medical,526,3,28,Normal,0,24,4,6,1,16.0,58.0,19.333333333333332
5243,2025-01-19 04:55:00,North,Medical,401,3,24,Normal,0,16,4,6,1,24.0,56.0,18.666666666666668
5244,2025-01-19 05:00:00,Central,Medical,706,3,17,Normal,0,20,5,6,1,16.0,60.0,20.0
5245,2025-01-19 05:05:00,North,Police,612,2,8,Normal,0,23,5,6,1,20.0,59.0,19.666666666666668
5246,2025-01-19 05:10:00,Central,Medical,451,3,17,Normal,0,16,5,6,1,23.0,59.0,19.666666666666668
5247,2025-01-19 05:15:00,East,Police,464,2,7,Normal,0,16,5,6,1,16.0,55.0,18.333333333333332
5248,2025-01-19 05:20:00,South,Police,603,2,19,Normal,0,10,5,6,1,16.0,42.0,14.0
5249,2025-01-19 05:25:00,East,Other,393,1,6,Normal,0,17,5,6,1,10.0,43.0,14.333333333333334
5250,2025-01-19 05:30:00,Central,Other,281,1,20,Normal,0,11,5,6,1,17.0,38.0,12.666666666666666
5251,2025-01-19 05:35:00,North,Police,256,2,10,Normal,0,19,5,6,1,11.0,47.0,15.666666666666666
5252,2025-01-19 05:40:00,North,Other,156,1,20,Normal,0,18,5,6,1,19.0,48.0,16.0
5253,2025-01-19 05:45:00,East,Medical,551,3,10,Normal,0,18,5,6,1,18.0,55.0,18.333333333333332
5254,2025-01-19 05:50:00,Central,Police,547,2,17,Normal,0,24,5,6,1,18.0,60.0,20.0
5255,2025-01-19 05:55:00,Central,Fire,745,4,25,Normal,0,18,5,6,1,24.0,60.0,20.0
5256,2025-01-19 06:00:00,Central,Medical,779,3,22,Normal,0,25,6,6,1,18.0,67.0,22.333333333333332
5257,2025-01-19 06:05:00,South,Medical,417,3,23,Normal,0,8,6,6,1,25.0,51.0,17.0
5258,2025-01-19 06:10:00,South,Medical,388,3,16,Normal,0,21,6,6,1,8.0,54.0,18.0
5259,2025-01-19 06:15:00,East,Police,689,2,26,Normal,0,15,6,6,1,21.0,44.0,14.666666666666666
5260,2025-01-19 06:20:00,North,Other,136,1,9,Normal,0,27,6,6,1,15.0,63.0,21.0
5261,2025-01-19 06:25:00,East,Medical,694,3,25,Normal,0,22,6,6,1,27.0,64.0,21.333333333333332
5262,2025-01-19 06:30:00,East,Police,791,2,7,Normal,0,25,6,6,1,22.0,74.0,24.666666666666668
5263,2025-01-19 06:35:00,East,Medical,793,3,11,Normal,0,19,6,6,1,25.0,66.0,22.0
5264,2025-01-19 06:40:00,East,Medical,388,3,16,Normal,0,24,6,6,1,19.0,68.0,22.666666666666668
5265,2025-01-19 06:45:00,Central,Fire,519,4,19,Normal,0,24,6,6,1,24.0,67.0,22.333333333333332
5266,2025-01-19 06:50:00,West,Other,327,1,28,Normal,0,22,6,6,1,24.0,70.0,23.333333333333332
5267,2025-01-19 06:55:00,South,Medical,799,3,21,Normal,0,15,6,6,1,22.0,61.0,20.333333333333332
5268,2025-01-19 07:00:00,North,Medical,537,3,18,Normal,0,19,7,6,1,15.0,56.0,18.666666666666668
5269,2025-01-19 07:05:00,South,Medical,611,3,13,Normal,0,26,7,6,1,19.0,60.0,20.0
5270,2025-01-19 07:10:00,West,Medical,714,3,10,Normal,0,24,7,6,1,26.0,69.0,23.0
5271,2025-01-19 07:15:00,East,Police,374,2,8,Normal,0,17,7,6,1,24.0,67.0,22.333333333333332
5272,2025-01-19 07:20:00,West,Medical,723,3,13,Normal,0,23,7,6,1,17.0,64.0,21.333333333333332
5273,2025-01-19 07:25:00,East,Medical,723,3,29,Normal,0,26,7,6,1,23.0,66.0,22.0
5274,2025-01-19 07:30:00,North,Medical,838,3,14,Normal,1,22,7,6,1,26.0,71.0,23.666666666666668
5275,2025-01-19 07:35:00,South,Police,746,2,19,Normal,0,22,7,6,1,22.0,70.0,23.333333333333332
5276,2025-01-19 07:40:00,North,Medical,606,3,21,Normal,0,18,7,6,1,22.0,62.0,20.666666666666668
5277,2025-01-19 07:45:00,North,Other,318,1,27,Normal,0,25,7,6,1,18.0,65.0,21.666666666666668
5278,2025-01-19 07:50:00,North,Medical,845,3,12,Normal,0,19,7,6,1,25.0,62.0,20.666666666666668
5279,2025-01-19 07:55:00,East,Medical,863,3,27,Severe,0,36,7,6,1,19.0,80.0,26.666666666666668
5280,2025-01-19 08:00:00,Central,Other,302,1,9,Normal,0,22,8,6,1,36.0,77.0,25.666666666666668
5281,2025-01-19 08:05:00,East,Other,371,1,17,Normal,0,33,8,6,1,22.0,91.0,30.333333333333332
5282,2025-01-19 08:10:00,East,Police,569,2,7,Normal,0,36,8,6,1,33.0,91.0,30.333333333333332
5283,2025-01-19 08:15:00,South,Fire,616,4,14,Severe,0,51,8,6,1,36.0,120.0,40.0
5284,2025-01-19 08:20:00,South,Police,350,2,9,Normal,0,28,8,6,1,51.0,115.0,38.333333333333336
5285,2025-01-19 08:25:00,East,Fire,867,4,23,Normal,0,36,8,6,1,28.0,115.0,38.333333333333336
5286,2025-01-19 08:30:00,South,Medical,352,3,27,Severe,0,53,8,6,1,36.0,117.0,39.0
5287,2025-01-19 08:35:00,East,Other,326,1,6,Normal,0,33,8,6,1,53.0,122.0,40.666666666666664
5288,2025-01-19 08:40:00,Central,Medical,622,3,14,Severe,0,57,8,6,1,33.0,143.0,47.666666666666664
5289,2025-01-19 08:45:00,South,Fire,605,4,13,Severe,0,50,8,6,1,57.0,140.0,46.666666666666664
5290,2025-01-19 08:50:00,South,Medical,439,3,19,Normal,0,38,8,6,1,50.0,145.0,48.333333333333336
5291,2025-01-19 08:55:00,East,Police,363,2,8,Normal,0,31,8,6,1,38.0,119.0,39.666666666666664
5292,2025-01-19 09:00:00,West,Other,112,1,14,Normal,0,37,9,6,1,31.0,106.0,35.333333333333336
5293,2025-01-19 09:05:00,East,Medical,407,3,24,Normal,0,30,9,6,1,37.0,98.0,32.666666666666664
5294,2025-01-19 09:10:00,West,Medical,854,3,16,Normal,0,42,9,6,1,30.0,109.0,36.333333333333336
5295,2025-01-19 09:15:00,Central,Police,336,2,20,Normal,0,31,9,6,1,42.0,103.0,34.333333333333336
5296,2025-01-19 09:20:00,North,Police,665,2,12,Normal,0,33,9,6,1,31.0,106.0,35.333333333333336
5297,2025-01-19 09:25:00,East,Police,264,2,28,Normal,0,26,9,6,1,33.0,90.0,30.0
5298,2025-01-19 09:30:00,West,Police,779,2,29,Normal,0,21,9,6,1,26.0,80.0,26.666666666666668
5299,2025-01-19 09:35:00,West,Other,115,1,16,Normal,0,41,9,6,1,21.0,88.0,29.333333333333332
5300,2025-01-19 09:40:00,West,Police,704,2,9,Normal,0,35,9,6,1,41.0,97.0,32.333333333333336
5301,2025-01-19 09:45:00,South,Fire,622,4,5,Normal,0,30,9,6,1,35.0,106.0,35.333333333333336
5302,2025-01-19 09:50:00,North,Medical,689,3,21,Normal,0,39,9,6,1,30.0,104.0,34.666666666666664
5303,2025-01-19 09:55:00,Central,Medical,629,3,19,Normal,0,37,9,6,1,39.0,106.0,35.333333333333336
5304,2025-01-19 10:00:00,West,Medical,662,3,23,Severe,0,38,10,6,1,37.0,114.0,38.0
5305,2025-01-19 10:05:00,East,Medical,548,3,25,Normal,0,24,10,6,1,38.0,99.0,33.0
5306,2025-01-19 10:10:00,West,Medical,412,3,26,Normal,0,15,10,6,1,24.0,77.0,25.666666666666668
5307,2025-01-19 10:15:00,South,Police,656,2,29,Normal,0,21,10,6,1,15.0,60.0,20.0
5308,2025-01-19 10:20:00,South,Police,558,2,24,Normal,0,22,10,6,1,21.0,58.0,19.333333333333332
5309,2025-01-19 10:25:00,North,Police,620,2,22,Normal,0,20,10,6,1,22.0,63.0,21.0
5310,2025-01-19 10:30:00,West,Fire,931,4,27,Severe,0,45,10,6,1,20.0,87.0,29.0
5311,2025-01-19 10:35:00,East,Police,760,2,16,Normal,0,22,10,6,1,45.0,87.0,29.0
5312,2025-01-19 10:40:00,Central,Medical,353,3,23,Normal,0,21,10,6,1,22.0,88.0,29.333333333333332
5313,2025-01-19 10:45:00,South,Police,214,2,18,Normal,0,22,10,6,1,21.0,65.0,21.666666666666668
5314,2025-01-19 10:50:00,West,Other,278,1,20,Normal,0,18,10,6,1,22.0,61.0,20.333333333333332
5315,2025-01-19 10:55:00,South,Medical,850,3,27,Normal,0,14,10,6,1,18.0,54.0,18.0
5316,2025-01-19 11:00:00,West,Police,258,2,19,Normal,0,24,11,6,1,14.0,56.0,18.666666666666668
5317,2025-01-19 11:05:00,South,Police,627,2,25,Normal,0,28,11,6,1,24.0,66.0,22.0
5318,2025-01-19 11:10:00,Central,Other,228,1,12,Severe,0,28,11,6,1,28.0,80.0,26.666666666666668
5319,2025-01-19 11:15:00,Central,Medical,517,3,19,Normal,0,23,11,6,1,28.0,79.0,26.333333333333332
5320,2025-01-19 11:20:00,East,Police,287,2,17,Normal,1,29,11,6,1,23.0,80.0,26.666666666666668
5321,2025-01-19 11:25:00,South,Police,273,2,10,Normal,0,22,11,6,1,29.0,74.0,24.666666666666668
5322,2025-01-19 11:30:00,South,Other,263,1,11,Normal,0,18,11,6,1,22.0,69.0,23.0
5323,2025-01-19 11:35:00,South,Other,228,1,21,Normal,0,22,11,6,1,18.0,62.0,20.666666666666668
5324,2025-01-19 11:40:00,South,Medical,500,3,24,Normal,1,25,11,6,1,22.0,65.0,21.666666666666668
5325,2025-01-19 11:45:00,West,Fire,848,4,9,Severe,0,48,11,6,1,25.0,95.0,31.666666666666668
5326,2025-01-19 11:50:00,Central,Police,690,2,25,Normal,0,20,11,6,1,48.0,93.0,31.0
5327,2025-01-19 11:55:00,Central,Other,194,1,24,Normal,1,35,11,6,1,20.0,103.0,34.333333333333336
5328,2025-01-19 12:00:00,East,Other,272,1,11,Normal,0,18,12,6,1,35.0,73.0,24.333333333333332
5329,2025-01-19 12:05:00,North,Police,427,2,28,Normal,0,30,12,6,1,18.0,83.0,27.666666666666668
5330,2025-01-19 12:10:00,South,Police,523,2,26,Normal,0,21,12,6,1,30.0,69.0,23.0
5331,2025-01-19 12:15:00,Central,Other,163,1,5,Normal,1,31,12,6,1,21.0,82.0,27.333333333333332
5332,2025-01-19 12:20:00,North,Medical,478,3,29,Normal,0,25,12,6,1,31.0,77.0,25.666666666666668
5333,2025-01-19 12:25:00,South,Police,325,2,7,Normal,0,16,12,6,1,25.0,72.0,24.0
5334,2025-01-19 12:30:00,East,Police,705,2,19,Normal,0,26,12,6,1,16.0,67.0,22.333333333333332
5335,2025-01-19 12:35:00,Central,Medical,434,3,15,Normal,0,18,12,6,1,26.0,60.0,20.0
5336,2025-01-19 12:40:00,North,Medical,641,3,17,Normal,0,21,12,6,1,18.0,65.0,21.666666666666668
5337,2025-01-19 12:45:00,West,Medical,438,3,28,Normal,0,20,12,6,1,21.0,59.0,19.666666666666668
5338,2025-01-19 12:50:00,Central,Medical,572,3,22,Normal,0,27,12,6,1,20.0,68.0,22.666666666666668
5339,2025-01-19 12:55:00,North,Medical,591,3,23,Normal,0,25,12,6,1,27.0,72.0,24.0
5340,2025-01-19 13:00:00,South,Medical,644,3,17,Severe,0,42,13,6,1,25.0,94.0,31.333333333333332
5341,2025-01-19 13:05:00,West,Medical,366,3,22,Normal,0,23,13,6,1,42.0,90.0,30.0
5342,2025-01-19 13:10:00,South,Police,780,2,29,Normal,0,22,13,6,1,23.0,87.0,29.0
5343,2025-01-19 13:15:00,East,Medical,570,3,22,Normal,0,25,13,6,1,22.0,70.0,23.333333333333332
5344,2025-01-19 13:20:00,West,Medical,588,3,19,Normal,0,24,13,6,1,25.0,71.0,23.666666666666668
5345,2025-01-19 13:25:00,West,Medical,498,3,19,Normal,0,18,13,6,1,24.0,67.0,22.333333333333332
5346,2025-01-19 13:30:00,West,Other,126,1,5,Severe,0,35,13,6,1,18.0,77.0,25.666666666666668
5347,2025-01-19 13:35:00,Central,Medical,836,3,22,Normal,0,9,13,6,1,35.0,62.0,20.666666666666668
5348,2025-01-19 13:40:00,Central,Police,223,2,6,Normal,0,16,13,6,1,9.0,60.0,20.0
5349,2025-01-19 13:45:00,Central,Police,671,2,29,Normal,0,17,13,6,1,16.0,42.0,14.0
5350,2025-01-19 13:50:00,East,Police,239,2,11,Normal,0,29,13,6,1,17.0,62.0,20.666666666666668
5351,2025-01-19 13:55:00,East,Medical,869,3,9,Normal,0,18,13,6,1,29.0,64.0,21.333333333333332
5352,2025-01-19 14:00:00,North,Other,290,1,27,Normal,0,26,14,6,1,18.0,73.0,24.333333333333332
5353,2025-01-19 14:05:00,South,Medical,370,3,28,Normal,0,18,14,6,1,26.0,62.0,20.666666666666668
5354,2025-01-19 14:10:00,West,Other,221,1,23,Normal,0,19,14,6,1,18.0,63.0,21.0
5355,2025-01-19 14:15:00,North,Medical,668,3,11,Severe,0,46,14,6,1,19.0,83.0,27.666666666666668
5356,2025-01-19 14:20:00,Central,Fire,943,4,26,Normal,0,14,14,6,1,46.0,79.0,26.333333333333332
5357,2025-01-19 14:25:00,West,Medical,829,3,17,Severe,0,37,14,6,1,14.0,97.0,32.333333333333336
5358,2025-01-19 14:30:00,East,Medical,766,3,21,Normal,0,20,14,6,1,37.0,71.0,23.666666666666668
5359,2025-01-19 14:35:00,South,Medical,768,3,16,Normal,0,19,14,6,1,20.0,76.0,25.333333333333332
5360,2025-01-19 14:40:00,West,Fire,1091,4,12,Normal,0,22,14,6,1,19.0,61.0,20.333333333333332
5361,2025-01-19 14:45:00,Central,Medical,794,3,29,Normal,0,20,14,6,1,22.0,61.0,20.333333333333332
5362,2025-01-19 14:50:00,North,Medical,812,3,26,Normal,0,15,14,6,1,20.0,57.0,19.0
5363,2025-01-19 14:55:00,North,Medical,327,3,9,Normal,0,29,14,6,1,15.0,64.0,21.333333333333332
5364,2025-01-19 15:00:00,Central,Police,214,2,27,Normal,0,19,15,6,1,29.0,63.0,21.0
5365,2025-01-19 15:05:00,East,Medical,552,3,11,Normal,0,15,15,6,1,19.0,63.0,21.0
5366,2025-01-19 15:10:00,Central,Medical,511,3,19,Normal,1,33,15,6,1,15.0,67.0,22.333333333333332
5367,2025-01-19 15:15:00,North,Medical,827,3,26,Normal,1,28,15,6,1,33.0,76.0,25.333333333333332
5368,2025-01-19 15:20:00,South,Police,283,2,20,Normal,0,27,15,6,1,28.0,88.0,29.333333333333332
5369,2025-01-19 15:25:00,Central,Medical,345,3,6,Normal,0,18,15,6,1,27.0,73.0,24.333333333333332
5370,2025-01-19 15:30:00,North,Other,260,1,14,Normal,0,20,15,6,1,18.0,65.0,21.666666666666668
5371,2025-01-19 15:35:00,North,Other,161,1,15,Normal,0,24,15,6,1,20.0,62.0,20.666666666666668
5372,2025-01-19 15:40:00,South,Police,256,2,27,Normal,0,27,15,6,1,24.0,71.0,23.666666666666668
5373,2025-01-19 15:45:00,West,Medical,879,3,26,Normal,0,20,15,6,1,27.0,71.0,23.666666666666668
5374,2025-01-19 15:50:00,South,Other,249,1,26,Normal,0,14,15,6,1,20.0,61.0,20.333333333333332
5375,2025-01-19 15:55:00,West,Fire,1118,4,22,Normal,0,18,15,6,1,14.0,52.0,17.333333333333332
5376,2025-01-19 16:00:00,South,Fire,808,4,19,Normal,0,21,16,6,1,18.0,53.0,17.666666666666668
5377,2025-01-19 16:05:00,South,Fire,580,4,21,Normal,0,11,16,6,1,21.0,50.0,16.666666666666668
5378,2025-01-19 16:10:00,East,Medical,751,3,16,Severe,0,36,16,6,1,11.0,68.0,22.666666666666668
5379,2025-01-19 16:15:00,Central,Other,220,1,23,Normal,0,17,16,6,1,36.0,64.0,21.333333333333332
5380,2025-01-19 16:20:00,North,Medical,760,3,17,Normal,0,31,16,6,1,17.0,84.0,28.0
5381,2025-01-19 16:25:00,Central,Police,767,2,6,Normal,0,21,16,6,1,31.0,69.0,23.0
5382,2025-01-19 16:30:00,West,Medical,757,3,23,Normal,0,19,16,6,1,21.0,71.0,23.666666666666668
5383,2025-01-19 16:35:00,Central,Police,314,2,26,Normal,0,17,16,6,1,19.0,57.0,19.0
5384,2025-01-19 16:40:00,West,Other,247,1,18,Normal,0,24,16,6,1,17.0,60.0,20.0
5385,2025-01-19 16:45:00,North,Medical,647,3,14,Normal,0,18,16,6,1,24.0,59.0,19.666666666666668
5386,2025-01-19 16:50:00,Central,Police,314,2,8,Normal,0,21,16,6,1,18.0,63.0,21.0
5387,2025-01-19 16:55:00,North,Medical,366,3,25,Normal,0,12,16,6,1,21.0,51.0,17.0
5388,2025-01-19 17:00:00,Central,Other,245,1,17,Normal,0,20,17,6,1,12.0,53.0,17.666666666666668
5389,2025-01-19 17:05:00,North,Medical,590,3,8,Normal,1,29,17,6,1,20.0,61.0,20.333333333333332
5390,2025-01-19 17:10:00,North,Medical,653,3,9,Normal,0,25,17,6,1,29.0,74.0,24.666666666666668
5391,2025-01-19 17:15:00,South,Medical,461,3,6,Severe,0,45,17,6,1,25.0,99.0,33.0
5392,2025-01-19 17:20:00,Central,Police,771,2,13,Severe,1,52,17,6,1,45.0,122.0,40.666666666666664
5393,2025-01-19 17:25:00,North,Medical,562,3,9,Normal,0,10,17,6,1,52.0,107.0,35.666666666666664
5394,2025-01-19 17:30:00,East,Police,219,2,29,Normal,0,18,17,6,1,10.0,80.0,26.666666666666668
5395,2025-01-19 17:35:00,East,Medical,678,3,22,Normal,0,12,17,6,1,18.0,40.0,13.333333333333334
5396,2025-01-19 17:40:00,North,Medical,781,3,29,Normal,0,24,17,6,1,12.0,54.0,18.0
5397,2025-01-19 17:45:00,West,Medical,592,3,19,Normal,0,17,17,6,1,24.0,53.0,17.666666666666668
5398,2025-01-19 17:50:00,West,Other,329,1,25,Normal,0,15,17,6,1,17.0,56.0,18.666666666666668
5399,2025-01-19 17:55:00,South,Other,386,1,21,Severe,0,47,17,6,1,15.0,79.0,26.333333333333332
5400,2025-01-19 18:00:00,South,Police,628,2,25,Normal,0,30,18,6,1,47.0,92.0,30.666666666666668
5401,2025-01-19 18:05:00,Central,Police,370,2,28,Normal,0,24,18,6,1,30.0,101.0,33.666666666666664
5402,2025-01-19 18:10:00,North,Medical,449,3,17,Normal,0,26,18,6,1,24.0,80.0,26.666666666666668
5403,2025-01-19 18:15:00,North,Fire,903,4,17,Normal,0,37,18,6,1,26.0,87.0,29.0
5404,2025-01-19 18:20:00,West,Other,230,1,15,Normal,0,29,18,6,1,37.0,92.0,30.666666666666668
5405,2025-01-19 18:25:00,East,Medical,563,3,17,Normal,0,28,18,6,1,29.0,94.0,31.333333333333332
5406,2025-01-19 18:30:00,North,Police,720,2,16,Normal,0,25,18,6,1,28.0,82.0,27.333333333333332
5407,2025-01-19 18:35:00,Central,Medical,334,3,12,Normal,0,29,18,6,1,25.0,82.0,27.333333333333332
5408,2025-01-19 18:40:00,West,Medical,787,3,9,Normal,0,34,18,6,1,29.0,88.0,29.333333333333332
5409,2025-01-19 18:45:00,Central,Police,353,2,17,Normal,0,25,18,6,1,34.0,88.0,29.333333333333332
5410,2025-01-19 18:50:00,North,Police,277,2,27,Normal,0,38,18,6,1,25.0,97.0,32.333333333333336
5411,2025-01-19 18:55:00,South,Other,183,1,26,Normal,0,30,18,6,1,38.0,93.0,31.0
5412,2025-01-19 19:00:00,North,Medical,693,3,11,Normal,0,42,19,6,1,30.0,110.0,36.666666666666664
5413,2025-01-19 19:05:00,East,Police,352,2,11,Normal,0,29,19,6,1,42.0,101.0,33.666666666666664
5414,2025-01-19 19:10:00,East,Police,352,2,9,Normal,0,36,19,6,1,29.0,107.0,35.666666666666664
5415,2025-01-19 19:15:00,South,Police,234,2,22,Normal,0,40,19,6,1,36.0,105.0,35.0
5416,2025-01-19 19:20:00,North,Medical,885,3,27,Normal,0,27,19,6,1,40.0,103.0,34.333333333333336
5417,2025-01-19 19:25:00,South,Police,623,2,23,Severe,0,46,19,6,1,27.0,113.0,37.666666666666664
5418,2025-01-19 19:30:00,Central,Medical,301,3,7,Normal,0,32,19,6,1,46.0,105.0,35.0
5419,2025-01-19 19:35:00,Central,Medical,583,3,9,Normal,1,42,19,6,1,32.0,120.0,40.0
5420,2025-01-19 19:40:00,Central,Police,541,2,6,Normal,0,33,19,6,1,42.0,107.0,35.666666666666664
5421,2025-01-19 19:45:00,South,Medical,477,3,15,Normal,0,33,19,6,1,33.0,108.0,36.0
5422,2025-01-19 19:50:00,Central,Medical,898,3,16,Normal,0,38,19,6,1,33.0,104.0,34.666666666666664
5423,2025-01-19 19:55:00,North,Other,158,1,18,Normal,1,42,19,6,1,38.0,113.0,37.666666666666664
5424,2025-01-19 20:00:00,East,Medical,652,3,16,Normal,0,32,20,6,1,42.0,112.0,37.333333333333336
5425,2025-01-19 20:05:00,West,Police,478,2,8,Normal,0,23,20,6,1,32.0,97.0,32.333333333333336
5426,2025-01-19 20:10:00,North,Medical,559,3,11,Normal,1,49,20,6,1,23.0,104.0,34.666666666666664
5427,2025-01-19 20:15:00,Central,Medical,846,3,23,Severe,0,43,20,6,1,49.0,115.0,38.333333333333336
5428,2025-01-19 20:20:00,East,Police,330,2,17,Normal,0,33,20,6,1,43.0,125.0,41.666666666666664
5429,2025-01-19 20:25:00,East,Medical,360,3,8,Normal,1,41,20,6,1,33.0,117.0,39.0
5430,2025-01-19 20:30:00,South,Medical,668,3,26,Severe,0,38,20,6,1,41.0,112.0,37.333333333333336
5431,2025-01-19 20:35:00,Central,Medical,667,3,19,Normal,0,33,20,6,1,38.0,112.0,37.333333333333336
5432,2025-01-19 20:40:00,South,Other,293,1,16,Normal,0,36,20,6,1,33.0,107.0,35.666666666666664
5433,2025-01-19 20:45:00,Central,Medical,860,3,17,Normal,0,29,20,6,1,36.0,98.0,32.666666666666664
5434,2025-01-19 20:50:00,South,Other,213,1,6,Normal,0,31,20,6,1,29.0,96.0,32.0
5435,2025-01-19 20:55:00,North,Medical,843,3,23,Normal,0,24,20,6,1,31.0,84.0,28.0
5436,2025-01-19 21:00:00,North,Other,203,1,24,Normal,0,17,21,6,1,24.0,72.0,24.0
5437,2025-01-19 21:05:00,West,Medical,483,3,22,Normal,0,23,21,6,1,17.0,64.0,21.333333333333332
5438,2025-01-19 21:10:00,South,Police,366,2,19,Normal,0,20,21,6,1,23.0,60.0,20.0
5439,2025-01-19 21:15:00,Central,Medical,442,3,27,Normal,0,20,21,6,1,20.0,63.0,21.0
5440,2025-01-19 21:20:00,Central,Fire,713,4,10,Normal,0,17,21,6,1,20.0,57.0,19.0
5441,2025-01-19 21:25:00,East,Medical,684,3,26,Normal,0,20,21,6,1,17.0,57.0,19.0
5442,2025-01-19 21:30:00,East,Fire,430,4,14,Normal,0,31,21,6,1,20.0,68.0,22.666666666666668
5443,2025-01-19 21:35:00,West,Medical,869,3,20,Normal,0,21,21,6,1,31.0,72.0,24.0
5444,2025-01-19 21:40:00,North,Other,108,1,10,Normal,0,18,21,6,1,21.0,70.0,23.333333333333332
5445,2025-01-19 21:45:00,West,Police,490,2,28,Normal,1,27,21,6,1,18.0,66.0,22.0
5446,2025-01-19 21:50:00,North,Police,455,2,8,Normal,0,20,21,6,1,27.0,65.0,21.666666666666668
5447,2025-01-19 21:55:00,Central,Medical,494,3,16,Normal,0,14,21,6,1,20.0,61.0,20.333333333333332
5448,2025-01-19 22:00:00,South,Police,452,2,5,Normal,0,21,22,6,1,14.0,55.0,18.333333333333332
5449,2025-01-19 22:05:00,West,Police,716,2,23,Normal,0,15,22,6,1,21.0,50.0,16.666666666666668
5450,2025-01-19 22:10:00,West,Other,226,1,10,Normal,0,21,22,6,1,15.0,57.0,19.0
5451,2025-01-19 22:15:00,West,Police,476,2,16,Normal,0,19,22,6,1,21.0,55.0,18.333333333333332
5452,2025-01-19 22:20:00,West,Fire,569,4,24,Normal,0,22,22,6,1,19.0,62.0,20.666666666666668
5453,2025-01-19 22:25:00,West,Medical,431,3,16,Normal,0,14,22,6,1,22.0,55.0,18.333333333333332
5454,2025-01-19 22:30:00,South,Medical,569,3,26,Normal,0,22,22,6,1,14.0,58.0,19.333333333333332
5455,2025-01-19 22:35:00,West,Police,417,2,13,Normal,0,20,22,6,1,22.0,56.0,18.666666666666668
5456,2025-01-19 22:40:00,South,Fire,703,4,6,Normal,0,19,22,6,1,20.0,61.0,20.333333333333332
5457,2025-01-19 22:45:00,North,Police,565,2,29,Normal,0,13,22,6,1,19.0,52.0,17.333333333333332
5458,2025-01-19 22:50:00,North,Medical,670,3,29,Normal,0,19,22,6,1,13.0,51.0,17.0
5459,2025-01-19 22:55:00,South,Other,262,1,25,Normal,0,21,22,6,1,19.0,53.0,17.666666666666668
5460,2025-01-19 23:00:00,South,Other,249,1,16,Normal,0,20,23,6,1,21.0,60.0,20.0
5461,2025-01-19 23:05:00,East,Medical,824,3,8,Normal,0,17,23,6,1,20.0,58.0,19.333333333333332
5462,2025-01-19 23:10:00,East,Fire,821,4,12,Normal,0,26,23,6,1,17.0,63.0,21.0
5463,2025-01-19 23:15:00,Central,Fire,567,4,29,Normal,0,31,23,6,1,26.0,74.0,24.666666666666668
5464,2025-01-19 23:20:00,North,Police,275,2,25,Normal,0,22,23,6,1,31.0,79.0,26.333333333333332
5465,2025-01-19 23:25:00,East,Medical,379,3,8,Normal,0,22,23,6,1,22.0,75.0,25.0
5466,2025-01-19 23:30:00,Central,Other,394,1,6,Normal,0,24,23,6,1,22.0,68.0,22.666666666666668
5467,2025-01-19 23:35:00,Central,Medical,799,3,11,Normal,0,17,23,6,1,24.0,63.0,21.0
5468,2025-01-19 23:40:00,North,Other,322,1,21,Normal,0,10,23,6,1,17.0,51.0,17.0
5469,2025-01-19 23:45:00,East,Police,590,2,13,Normal,0,16,23,6,1,10.0,43.0,14.333333333333334
5470,2025-01-19 23:50:00,West,Other,191,1,17,Normal,0,19,23,6,1,16.0,45.0,15.0
5471,2025-01-19 23:55:00,South,Other,266,1,26,Normal,0,20,23,6,1,19.0,55.0,18.333333333333332
5472,2025-01-20 00:00:00,Central,Police,675,2,20,Normal,0,16,0,0,0,20.0,55.0,18.333333333333332
5473,2025-01-20 00:05:00,North,Medical,384,3,16,Normal,0,22,0,0,0,16.0,58.0,19.333333333333332
5474,2025-01-20 00:10:00,North,Medical,697,3,7,Normal,0,15,0,0,0,22.0,53.0,17.666666666666668
5475,2025-01-20 00:15:00,Central,Police,564,2,15,Normal,0,19,0,0,0,15.0,56.0,18.666666666666668
5476,2025-01-20 00:20:00,East,Medical,885,3,24,Severe,0,48,0,0,0,19.0,82.0,27.333333333333332
5477,2025-01-20 00:25:00,West,Police,548,2,6,Normal,0,17,0,0,0,48.0,84.0,28.0
5478,2025-01-20 00:30:00,South,Fire,543,4,27,Normal,0,14,0,0,0,17.0,79.0,26.333333333333332
5479,2025-01-20 00:35:00,South,Police,514,2,21,Normal,0,15,0,0,0,14.0,46.0,15.333333333333334
5480,2025-01-20 00:40:00,Central,Medical,349,3,8,Normal,0,16,0,0,0,15.0,45.0,15.0
5481,2025-01-20 00:45:00,West,Police,314,2,26,Normal,0,14,0,0,0,16.0,45.0,15.0
5482,2025-01-20 00:50:00,West,Medical,601,3,20,Normal,0,19,0,0,0,14.0,49.0,16.333333333333332
5483,2025-01-20 00:55:00,West,Medical,833,3,14,Severe,0,39,0,0,0,19.0,72.0,24.0
5484,2025-01-20 01:00:00,North,Medical,635,3,28,Normal,0,23,1,0,0,39.0,81.0,27.0
5485,2025-01-20 01:05:00,North,Police,287,2,22,Normal,0,23,1,0,0,23.0,85.0,28.333333333333332
5486,2025-01-20 01:10:00,North,Other,348,1,16,Normal,0,12,1,0,0,23.0,58.0,19.333333333333332
5487,2025-01-20 01:15:00,West,Medical,800,3,21,Normal,0,23,1,0,0,12.0,58.0,19.333333333333332
5488,2025-01-20 01:20:00,West,Police,287,2,13,Normal,0,17,1,0,0,23.0,52.0,17.333333333333332
5489,2025-01-20 01:25:00,West,Medical,377,3,28,Normal,0,13,1,0,0,17.0,53.0,17.666666666666668
5490,2025-01-20 01:30:00,Central,Medical,630,3,25,Normal,0,21,1,0,0,13.0,51.0,17.0
5491,2025-01-20 01:35:00,West,Medical,805,3,10,Normal,0,20,1,0,0,21.0,54.0,18.0
5492,2025-01-20 01:40:00,West,Police,362,2,16,Severe,1,50,1,0,0,20.0,91.0,30.333333333333332
5493,2025-01-20 01:45:00,West,Other,360,1,6,Normal,0,18,1,0,0,50.0,88.0,29.333333333333332
5494,2025-01-20 01:50:00,Central,Police,247,2,29,Normal,0,21,1,0,0,18.0,89.0,29.666666666666668
5495,2025-01-20 01:55:00,East,Medical,739,3,10,Normal,0,21,1,0,0,21.0,60.0,20.0
5496,2025-01-20 02:00:00,North,Other,374,1,21,Normal,1,34,2,0,0,21.0,76.0,25.333333333333332
5497,2025-01-20 02:05:00,East,Fire,430,4,16,Normal,0,19,2,0,0,34.0,74.0,24.666666666666668
5498,2025-01-20 02:10:00,East,Fire,729,4,14,Normal,0,20,2,0,0,19.0,73.0,24.333333333333332
5499,2025-01-20 02:15:00,North,Medical,343,3,7,Normal,1,27,2,0,0,20.0,66.0,22.0
5500,2025-01-20 02:20:00,North,Police,271,2,18,Normal,1,32,2,0,0,27.0,79.0,26.333333333333332
5501,2025-01-20 02:25:00,Central,Police,519,2,10,Normal,0,25,2,0,0,32.0,84.0,28.0
5502,2025-01-20 02:30:00,South,Police,479,2,16,Normal,0,11,2,0,0,25.0,68.0,22.666666666666668
5503,2025-01-20 02:35:00,Central,Other,165,1,14,Normal,0,20,2,0,0,11.0,56.0,18.666666666666668
5504,2025-01-20 02:40:00,West,Medical,536,3,23,Normal,0,15,2,0,0,20.0,46.0,15.333333333333334
5505,2025-01-20 02:45:00,South,Police,408,2,6,Normal,0,18,2,0,0,15.0,53.0,17.666666666666668
5506,2025-01-20 02:50:00,East,Other,303,1,13,Normal,0,22,2,0,0,18.0,55.0,18.333333333333332
5507,2025-01-20 02:55:00,East,Medical,495,3,24,Normal,0,16,2,0,0,22.0,56.0,18.666666666666668
5508,2025-01-20 03:00:00,South,Fire,708,4,9,Normal,0,16,3,0,0,16.0,54.0,18.0
5509,2025-01-20 03:05:00,East,Police,709,2,29,Normal,0,26,3,0,0,16.0,58.0,19.333333333333332
5510,2025-01-20 03:10:00,East,Police,239,2,27,Normal,0,19,3,0,0,26.0,61.0,20.333333333333332
5511,2025-01-20 03:15:00,Central,Medical,445,3,6,Normal,0,26,3,0,0,19.0,71.0,23.666666666666668
5512,2025-01-20 03:20:00,East,Medical,460,3,15,Normal,0,18,3,0,0,26.0,63.0,21.0
5513,2025-01-20 03:25:00,North,Police,393,2,10,Normal,0,12,3,0,0,18.0,56.0,18.666666666666668
5514,2025-01-20 03:30:00,Central,Police,712,2,6,Normal,0,18,3,0,0,12.0,48.0,16.0
5515,2025-01-20 03:35:00,South,Fire,708,4,16,Normal,0,19,3,0,0,18.0,49.0,16.333333333333332
5516,2025-01-20 03:40:00,East,Police,774,2,22,Normal,0,31,3,0,0,19.0,68.0,22.666666666666668
5517,2025-01-20 03:45:00,South,Police,405,2,20,Normal,0,13,3,0,0,31.0,63.0,21.0
5518,2025-01-20 03:50:00,South,Medical,898,3,14,Severe,0,48,3,0,0,13.0,92.0,30.666666666666668
5519,2025-01-20 03:55:00,South,Other,207,1,14,Normal,0,18,3,0,0,48.0,79.0,26.333333333333332
5520,2025-01-20 04:00:00,North,Medical,568,3,27,Normal,0,20,4,0,0,18.0,86.0,28.666666666666668
5521,2025-01-20 04:05:00,North,Medical,358,3,19,Normal,0,20,4,0,0,20.0,58.0,19.333333333333332
5522,2025-01-20 04:10:00,North,Police,671,2,25,Normal,0,14,4,0,0,20.0,54.0,18.0
5523,2025-01-20 04:15:00,West,Medical,521,3,20,Normal,0,25,4,0,0,14.0,59.0,19.666666666666668
5524,2025-01-20 04:20:00,North,Medical,625,3,27,Normal,0,19,4,0,0,25.0,58.0,19.333333333333332
5525,2025-01-20 04:25:00,West,Medical,656,3,22,Normal,0,21,4,0,0,19.0,65.0,21.666666666666668
5526,2025-01-20 04:30:00,East,Medical,527,3,16,Normal,0,26,4,0,0,21.0,66.0,22.0
5527,2025-01-20 04:35:00,West,Police,444,2,5,Normal,0,28,4,0,0,26.0,75.0,25.0
5528,2025-01-20 04:40:00,North,Other,226,1,14,Normal,0,20,4,0,0,28.0,74.0,24.666666666666668
5529,2025-01-20 04:45:00,East,Medical,466,3,20,Normal,0,15,4,0,0,20.0,63.0,21.0
5530,2025-01-20 04:50:00,North,Police,454,2,12,Normal,0,11,4,0,0,15.0,46.0,15.333333333333334
5531,2025-01-20 04:55:00,South,Other,221,1,8,Normal,0,19,4,0,0,11.0,45.0,15.0
5532,2025-01-20 05:00:00,Central,Other,209,1,7,Normal,0,20,5,0,0,19.0,50.0,16.666666666666668
5533,2025-01-20 05:05:00,North,Police,441,2,14,Normal,0,16,5,0,0,20.0,55.0,18.333333333333332
5534,2025-01-20 05:10:00,West,Fire,705,4,22,Normal,1,39,5,0,0,16.0,75.0,25.0
5535,2025-01-20 05:15:00,North,Police,333,2,18,Normal,0,25,5,0,0,39.0,80.0,26.666666666666668
5536,2025-01-20 05:20:00,West,Police,647,2,13,Normal,0,17,5,0,0,25.0,81.0,27.0
5537,2025-01-20 05:25:00,West,Other,372,1,24,Normal,0,19,5,0,0,17.0,61.0,20.333333333333332
5538,2025-01-20 05:30:00,Central,Police,767,2,24,Normal,0,23,5,0,0,19.0,59.0,19.666666666666668
5539,2025-01-20 05:35:00,South,Medical,768,3,14,Normal,0,26,5,0,0,23.0,68.0,22.666666666666668
5540,2025-01-20 05:40:00,South,Medical,754,3,26,Normal,0,12,5,0,0,26.0,61.0,20.333333333333332
5541,2025-01-20 05:45:00,North,Medical,366,3,23,Normal,0,23,5,0,0,12.0,61.0,20.333333333333332
5542,2025-01-20 05:50:00,North,Medical,758,3,21,Normal,0,19,5,0,0,23.0,54.0,18.0
5543,2025-01-20 05:55:00,East,Medical,632,3,14,Normal,0,22,5,0,0,19.0,64.0,21.333333333333332
5544,2025-01-20 06:00:00,Central,Medical,722,3,24,Normal,0,27,6,0,0,22.0,68.0,22.666666666666668
5545,2025-01-20 06:05:00,South,Police,534,2,11,Normal,0,21,6,0,0,27.0,70.0,23.333333333333332
5546,2025-01-20 06:10:00,West,Police,773,2,9,Normal,0,17,6,0,0,21.0,65.0,21.666666666666668
5547,2025-01-20 06:15:00,West,Medical,591,3,26,Normal,0,18,6,0,0,17.0,56.0,18.666666666666668
5548,2025-01-20 06:20:00,North,Police,285,2,25,Severe,0,37,6,0,0,18.0,72.0,24.0
5549,2025-01-20 06:25:00,North,Medical,718,3,12,Normal,1,37,6,0,0,37.0,92.0,30.666666666666668
5550,2025-01-20 06:30:00,Central,Police,359,2,22,Normal,1,42,6,0,0,37.0,116.0,38.666666666666664
5551,2025-01-20 06:35:00,North,Police,296,2,25,Normal,0,14,6,0,0,42.0,93.0,31.0
5552,2025-01-20 06:40:00,Central,Police,231,2,28,Normal,0,15,6,0,0,14.0,71.0,23.666666666666668
5553,2025-01-20 06:45:00,North,Medical,764,3,6,Normal,0,18,6,0,0,15.0,47.0,15.666666666666666
5554,2025-01-20 06:50:00,Central,Other,168,1,9,Normal,0,26,6,0,0,18.0,59.0,19.666666666666668
5555,2025-01-20 06:55:00,South,Police,618,2,16,Normal,1,47,6,0,0,26.0,91.0,30.333333333333332
5556,2025-01-20 07:00:00,West,Police,725,2,8,Normal,0,19,7,0,0,47.0,92.0,30.666666666666668
5557,2025-01-20 07:05:00,East,Police,498,2,5,Normal,0,15,7,0,0,19.0,81.0,27.0
5558,2025-01-20 07:10:00,East,Medical,882,3,28,Normal,0,22,7,0,0,15.0,56.0,18.666666666666668
5559,2025-01-20 07:15:00,North,Medical,546,3,29,Normal,0,19,7,0,0,22.0,56.0,18.666666666666668
5560,2025-01-20 07:20:00,West,Medical,610,3,16,Normal,0,20,7,0,0,19.0,61.0,20.333333333333332
5561,2025-01-20 07:25:00,West,Police,488,2,29,Normal,0,23,7,0,0,20.0,62.0,20.666666666666668
5562,2025-01-20 07:30:00,East,Other,215,1,26,Normal,0,14,7,0,0,23.0,57.0,19.0
5563,2025-01-20 07:35:00,South,Police,421,2,15,Normal,0,15,7,0,0,14.0,52.0,17.333333333333332
5564,2025-01-20 07:40:00,South,Police,599,2,29,Normal,0,23,7,0,0,15.0,52.0,17.333333333333332
5565,2025-01-20 07:45:00,North,Other,228,1,17,Normal,0,26,7,0,0,23.0,64.0,21.333333333333332
5566,2025-01-20 07:50:00,South,Police,485,2,21,Normal,0,19,7,0,0,26.0,68.0,22.666666666666668
5567,2025-01-20 07:55:00,North,Medical,852,3,18,Severe,0,32,7,0,0,19.0,77.0,25.666666666666668
5568,2025-01-20 08:00:00,West,Medical,567,3,26,Severe,0,48,8,0,0,32.0,99.0,33.0
5569,2025-01-20 08:05:00,South,Other,160,1,15,Normal,0,33,8,0,0,48.0,113.0,37.666666666666664
5570,2025-01-20 08:10:00,North,Police,393,2,19,Severe,0,42,8,0,0,33.0,123.0,41.0
5571,2025-01-20 08:15:00,Central,Police,281,2,23,Normal,0,30,8,0,0,42.0,105.0,35.0
5572,2025-01-20 08:20:00,North,Medical,440,3,29,Normal,0,30,8,0,0,30.0,102.0,34.0
5573,2025-01-20 08:25:00,South,Medical,637,3,29,Normal,0,26,8,0,0,30.0,86.0,28.666666666666668
5574,2025-01-20 08:30:00,Central,Medical,407,3,21,Normal,0,25,8,0,0,26.0,81.0,27.0
5575,2025-01-20 08:35:00,South,Medical,412,3,25,Severe,0,40,8,0,0,25.0,91.0,30.333333333333332
5576,2025-01-20 08:40:00,Central,Police,451,2,7,Normal,0,30,8,0,0,40.0,95.0,31.666666666666668
5577,2025-01-20 08:45:00,East,Medical,836,3,14,Normal,0,27,8,0,0,30.0,97.0,32.333333333333336
5578,2025-01-20 08:50:00,Central,Police,692,2,9,Normal,0,32,8,0,0,27.0,89.0,29.666666666666668
5579,2025-01-20 08:55:00,East,Medical,551,3,15,Normal,0,23,8,0,0,32.0,82.0,27.333333333333332
5580,2025-01-20 09:00:00,South,Other,312,1,24,Normal,0,28,9,0,0,23.0,83.0,27.666666666666668
5581,2025-01-20 09:05:00,West,Medical,397,3,9,Normal,0,21,9,0,0,28.0,72.0,24.0
5582,2025-01-20 09:10:00,East,Medical,310,3,9,Normal,0,31,9,0,0,21.0,80.0,26.666666666666668
5583,2025-01-20 09:15:00,South,Other,215,1,13,Normal,0,30,9,0,0,31.0,82.0,27.333333333333332
5584,2025-01-20 09:20:00,East,Police,230,2,20,Normal,0,42,9,0,0,30.0,103.0,34.333333333333336
5585,2025-01-20 09:25:00,Central,Medical,625,3,22,Normal,0,31,9,0,0,42.0,103.0,34.333333333333336
5586,2025-01-20 09:30:00,West,Other,378,1,19,Normal,0,35,9,0,0,31.0,108.0,36.0
5587,2025-01-20 09:35:00,Central,Fire,590,4,5,Normal,0,28,9,0,0,35.0,94.0,31.333333333333332
5588,2025-01-20 09:40:00,South,Police,345,2,12,Normal,0,41,9,0,0,28.0,104.0,34.666666666666664
5589,2025-01-20 09:45:00,Central,Police,444,2,20,Normal,0,30,9,0,0,41.0,99.0,33.0
5590,2025-01-20 09:50:00,North,Police,329,2,10,Normal,0,26,9,0,0,30.0,97.0,32.333333333333336
5591,2025-01-20 09:55:00,North,Other,355,1,18,Severe,1,65,9,0,0,26.0,121.0,40.333333333333336
5592,2025-01-20 10:00:00,Central,Fire,1060,4,17,Normal,0,24,10,0,0,65.0,115.0,38.333333333333336
5593,2025-01-20 10:05:00,Central,Medical,457,3,9,Severe,0,47,10,0,0,24.0,136.0,45.333333333333336
5594,2025-01-20 10:10:00,Central,Other,341,1,15,Normal,0,21,10,0,0,47.0,92.0,30.666666666666668
5595,2025-01-20 10:15:00,Central,Medical,637,3,7,Normal,0,21,10,0,0,21.0,89.0,29.666666666666668
5596,2025-01-20 10:20:00,East,Police,520,2,12,Normal,0,19,10,0,0,21.0,61.0,20.333333333333332
5597,2025-01-20 10:25:00,East,Medical,425,3,5,Normal,0,20,10,0,0,19.0,60.0,20.0
5598,2025-01-20 10:30:00,North,Police,304,2,29,Normal,0,20,10,0,0,20.0,59.0,19.666666666666668
5599,2025-01-20 10:35:00,South,Medical,483,3,25,Normal,0,20,10,0,0,20.0,60.0,20.0
5600,2025-01-20 10:40:00,East,Other,307,1,25,Normal,0,24,10,0,0,20.0,64.0,21.333333333333332
5601,2025-01-20 10:45:00,East,Medical,888,3,23,Normal,0,28,10,0,0,24.0,72.0,24.0
5602,2025-01-20 10:50:00,West,Police,530,2,8,Normal,0,14,10,0,0,28.0,66.0,22.0
5603,2025-01-20 10:55:00,West,Police,316,2,6,Severe,0,33,10,0,0,14.0,75.0,25.0
5604,2025-01-20 11:00:00,South,Other,393,1,20,Normal,0,19,11,0,0,33.0,66.0,22.0
5605,2025-01-20 11:05:00,South,Fire,825,4,21,Normal,0,16,11,0,0,19.0,68.0,22.666666666666668
5606,2025-01-20 11:10:00,North,Police,747,2,11,Normal,0,24,11,0,0,16.0,59.0,19.666666666666668
5607,2025-01-20 11:15:00,East,Medical,678,3,23,Normal,0,11,11,0,0,24.0,51.0,17.0
5608,2025-01-20 11:20:00,South,Fire,1161,4,18,Normal,0,23,11,0,0,11.0,58.0,19.333333333333332
5609,2025-01-20 11:25:00,East,Fire,904,4,20,Normal,0,25,11,0,0,23.0,59.0,19.666666666666668
5610,2025-01-20 11:30:00,East,Fire,1078,4,9,Normal,0,15,11,0,0,25.0,63.0,21.0
5611,2025-01-20 11:35:00,East,Medical,757,3,20,Normal,0,22,11,0,0,15.0,62.0,20.666666666666668
5612,2025-01-20 11:40:00,Central,Police,356,2,17,Normal,0,22,11,0,0,22.0,59.0,19.666666666666668
5613,2025-01-20 11:45:00,East,Medical,300,3,7,Normal,0,22,11,0,0,22.0,66.0,22.0
5614,2025-01-20 11:50:00,Central,Medical,411,3,11,Normal,0,15,11,0,0,22.0,59.0,19.666666666666668
5615,2025-01-20 11:55:00,North,Other,306,1,14,Normal,0,22,11,0,0,15.0,59.0,19.666666666666668
5616,2025-01-20 12:00:00,West,Police,696,2,26,Normal,0,18,12,0,0,22.0,55.0,18.333333333333332
5617,2025-01-20 12:05:00,South,Other,314,1,28,Severe,0,35,12,0,0,18.0,75.0,25.0
5618,2025-01-20 12:10:00,North,Other,122,1,19,Normal,1,39,12,0,0,35.0,92.0,30.666666666666668
5619,2025-01-20 12:15:00,Central,Medical,790,3,20,Normal,0,25,12,0,0,39.0,99.0,33.0
5620,2025-01-20 12:20:00,West,Police,350,2,23,Normal,0,12,12,0,0,25.0,76.0,25.333333333333332
5621,2025-01-20 12:25:00,West,Police,688,2,27,Normal,0,17,12,0,0,12.0,54.0,18.0
5622,2025-01-20 12:30:00,West,Police,490,2,21,Normal,0,18,12,0,0,17.0,47.0,15.666666666666666
5623,2025-01-20 12:35:00,Central,Other,225,1,22,Normal,0,23,12,0,0,18.0,58.0,19.333333333333332
5624,2025-01-20 12:40:00,North,Police,376,2,21,Normal,0,16,12,0,0,23.0,57.0,19.0
5625,2025-01-20 12:45:00,North,Medical,581,3,25,Normal,0,26,12,0,0,16.0,65.0,21.666666666666668
5626,2025-01-20 12:50:00,Central,Police,366,2,29,Normal,0,9,12,0,0,26.0,51.0,17.0
5627,2025-01-20 12:55:00,West,Medical,535,3,15,Normal,0,22,12,0,0,9.0,57.0,19.0
5628,2025-01-20 13:00:00,North,Other,313,1,21,Normal,0,21,13,0,0,22.0,52.0,17.333333333333332
5629,2025-01-20 13:05:00,West,Fire,756,4,19,Normal,0,26,13,0,0,21.0,69.0,23.0
5630,2025-01-20 13:10:00,South,Medical,577,3,25,Normal,0,17,13,0,0,26.0,64.0,21.333333333333332
5631,2025-01-20 13:15:00,Central,Fire,1020,4,13,Normal,1,36,13,0,0,17.0,79.0,26.333333333333332
5632,2025-01-20 13:20:00,Central,Other,387,1,25,Normal,0,30,13,0,0,36.0,83.0,27.666666666666668
5633,2025-01-20 13:25:00,West,Medical,303,3,20,Normal,0,25,13,0,0,30.0,91.0,30.333333333333332
5634,2025-01-20 13:30:00,South,Police,686,2,13,Normal,0,15,13,0,0,25.0,70.0,23.333333333333332
5635,2025-01-20 13:35:00,Central,Other,337,1,29,Normal,0,20,13,0,0,15.0,60.0,20.0
5636,2025-01-20 13:40:00,East,Medical,428,3,9,Normal,0,25,13,0,0,20.0,60.0,20.0
5637,2025-01-20 13:45:00,Central,Medical,408,3,18,Normal,0,22,13,0,0,25.0,67.0,22.333333333333332
5638,2025-01-20 13:50:00,West,Medical,560,3,18,Normal,0,18,13,0,0,22.0,65.0,21.666666666666668
5639,2025-01-20 13:55:00,Central,Medical,853,3,22,Normal,0,26,13,0,0,18.0,66.0,22.0
5640,2025-01-20 14:00:00,North,Police,493,2,10,Normal,0,19,14,0,0,26.0,63.0,21.0
5641,2025-01-20 14:05:00,West,Police,797,2,21,Normal,0,22,14,0,0,19.0,67.0,22.333333333333332
5642,2025-01-20 14:10:00,West,Medical,763,3,14,Normal,0,15,14,0,0,22.0,56.0,18.666666666666668
5643,2025-01-20 14:15:00,West,Police,300,2,14,Normal,1,33,14,0,0,15.0,70.0,23.333333333333332
5644,2025-01-20 14:20:00,West,Other,149,1,10,Severe,0,41,14,0,0,33.0,89.0,29.666666666666668
5645,2025-01-20 14:25:00,East,Medical,493,3,16,Normal,0,18,14,0,0,41.0,92.0,30.666666666666668
5646,2025-01-20 14:30:00,Central,Police,253,2,29,Normal,0,28,14,0,0,18.0,87.0,29.0
5647,2025-01-20 14:35:00,West,Police,653,2,6,Normal,0,26,14,0,0,28.0,72.0,24.0
5648,2025-01-20 14:40:00,North,Medical,425,3,8,Normal,0,18,14,0,0,26.0,72.0,24.0
5649,2025-01-20 14:45:00,West,Medical,608,3,24,Normal,0,16,14,0,0,18.0,60.0,20.0
5650,2025-01-20 14:50:00,North,Medical,680,3,12,Severe,0,42,14,0,0,16.0,76.0,25.333333333333332
5651,2025-01-20 14:55:00,North,Police,704,2,11,Normal,0,21,14,0,0,42.0,79.0,26.333333333333332
5652,2025-01-20 15:00:00,East,Police,798,2,20,Normal,1,33,15,0,0,21.0,96.0,32.0
5653,2025-01-20 15:05:00,East,Fire,997,4,22,Normal,0,18,15,0,0,33.0,72.0,24.0
5654,2025-01-20 15:10:00,South,Police,402,2,21,Normal,0,22,15,0,0,18.0,73.0,24.333333333333332
5655,2025-01-20 15:15:00,East,Police,741,2,13,Normal,0,13,15,0,0,22.0,53.0,17.666666666666668
5656,2025-01-20 15:20:00,West,Police,724,2,21,Normal,0,17,15,0,0,13.0,52.0,17.333333333333332
5657,2025-01-20 15:25:00,West,Police,539,2,5,Normal,1,33,15,0,0,17.0,63.0,21.0
5658,2025-01-20 15:30:00,North,Medical,885,3,13,Normal,0,23,15,0,0,33.0,73.0,24.333333333333332
5659,2025-01-20 15:35:00,South,Fire,524,4,16,Normal,0,15,15,0,0,23.0,71.0,23.666666666666668
5660,2025-01-20 15:40:00,Central,Other,331,1,24,Severe,0,33,15,0,0,15.0,71.0,23.666666666666668
5661,2025-01-20 15:45:00,West,Medical,404,3,26,Normal,0,24,15,0,0,33.0,72.0,24.0
5662,2025-01-20 15:50:00,South,Police,662,2,8,Normal,0,16,15,0,0,24.0,73.0,24.333333333333332
5663,2025-01-20 15:55:00,North,Medical,678,3,5,Normal,0,25,15,0,0,16.0,65.0,21.666666666666668
5664,2025-01-20 16:00:00,West,Fire,898,4,19,Normal,0,22,16,0,0,25.0,63.0,21.0
5665,2025-01-20 16:05:00,West,Other,142,1,18,Normal,0,23,16,0,0,22.0,70.0,23.333333333333332
5666,2025-01-20 16:10:00,Central,Fire,918,4,6,Normal,0,20,16,0,0,23.0,65.0,21.666666666666668
5667,2025-01-20 16:15:00,Central,Police,314,2,22,Normal,0,21,16,0,0,20.0,64.0,21.333333333333332
5668,2025-01-20 16:20:00,Central,Medical,661,3,22,Normal,0,30,16,0,0,21.0,71.0,23.666666666666668
5669,2025-01-20 16:25:00,Central,Fire,1056,4,28,Normal,0,21,16,0,0,30.0,72.0,24.0
5670,2025-01-20 16:30:00,West,Police,671,2,27,Normal,0,22,16,0,0,21.0,73.0,24.333333333333332
5671,2025-01-20 16:35:00,West,Medical,844,3,8,Normal,1,35,16,0,0,22.0,78.0,26.0
5672,2025-01-20 16:40:00,South,Medical,426,3,8,Normal,0,21,16,0,0,35.0,78.0,26.0
5673,2025-01-20 16:45:00,North,Police,493,2,26,Normal,0,32,16,0,0,21.0,88.0,29.333333333333332
5674,2025-01-20 16:50:00,East,Medical,333,3,19,Normal,0,19,16,0,0,32.0,72.0,24.0
5675,2025-01-20 16:55:00,South,Medical,577,3,17,Normal,0,17,16,0,0,19.0,68.0,22.666666666666668
5676,2025-01-20 17:00:00,East,Medical,642,3,28,Normal,1,35,17,0,0,17.0,71.0,23.666666666666668
5677,2025-01-20 17:05:00,South,Medical,779,3,20,Normal,0,24,17,0,0,35.0,76.0,25.333333333333332
5678,2025-01-20 17:10:00,Central,Police,533,2,17,Normal,0,13,17,0,0,24.0,72.0,24.0
5679,2025-01-20 17:15:00,West,Other,223,1,12,Normal,0,16,17,0,0,13.0,53.0,17.666666666666668
5680,2025-01-20 17:20:00,West,Police,319,2,23,Normal,0,12,17,0,0,16.0,41.0,13.666666666666666
5681,2025-01-20 17:25:00,East,Police,218,2,9,Normal,0,26,17,0,0,12.0,54.0,18.0
5682,2025-01-20 17:30:00,Central,Other,309,1,10,Normal,0,21,17,0,0,26.0,59.0,19.666666666666668
5683,2025-01-20 17:35:00,South,Medical,873,3,24,Normal,1,33,17,0,0,21.0,80.0,26.666666666666668
5684,2025-01-20 17:40:00,West,Medical,554,3,13,Normal,0,21,17,0,0,33.0,75.0,25.0
5685,2025-01-20 17:45:00,East,Other,150,1,20,Normal,0,23,17,0,0,21.0,77.0,25.666666666666668
5686,2025-01-20 17:50:00,South,Medical,600,3,10,Normal,0,13,17,0,0,23.0,57.0,19.0
5687,2025-01-20 17:55:00,Central,Police,262,2,19,Normal,0,21,17,0,0,13.0,57.0,19.0
5688,2025-01-20 18:00:00,North,Medical,565,3,6,Severe,0,49,18,0,0,21.0,83.0,27.666666666666668
5689,2025-01-20 18:05:00,West,Medical,390,3,22,Normal,0,40,18,0,0,49.0,110.0,36.666666666666664
5690,2025-01-20 18:10:00,West,Medical,341,3,25,Normal,0,31,18,0,0,40.0,120.0,40.0
5691,2025-01-20 18:15:00,North,Other,388,1,26,Normal,0,29,18,0,0,31.0,100.0,33.333333333333336
5692,2025-01-20 18:20:00,West,Fire,535,4,24,Normal,0,32,18,0,0,29.0,92.0,30.666666666666668
5693,2025-01-20 18:25:00,Central,Other,249,1,5,Normal,0,32,18,0,0,32.0,93.0,31.0
5694,2025-01-20 18:30:00,Central,Police,442,2,20,Normal,0,25,18,0,0,32.0,89.0,29.666666666666668
5695,2025-01-20 18:35:00,South,Police,653,2,5,Normal,0,27,18,0,0,25.0,84.0,28.0
5696,2025-01-20 18:40:00,North,Medical,636,3,7,Normal,0,21,18,0,0,27.0,73.0,24.333333333333332
5697,2025-01-20 18:45:00,East,Police,423,2,16,Normal,0,32,18,0,0,21.0,80.0,26.666666666666668
5698,2025-01-20 18:50:00,West,Medical,452,3,28,Normal,0,13,18,0,0,32.0,66.0,22.0
5699,2025-01-20 18:55:00,West,Medical,779,3,11,Normal,0,23,18,0,0,13.0,68.0,22.666666666666668
5700,2025-01-20 19:00:00,South,Other,304,1,25,Severe,0,46,19,0,0,23.0,82.0,27.333333333333332
5701,2025-01-20 19:05:00,Central,Medical,701,3,10,Severe,0,42,19,0,0,46.0,111.0,37.0
5702,2025-01-20 19:10:00,South,Medical,673,3,22,Normal,0,20,19,0,0,42.0,108.0,36.0
5703,2025-01-20 19:15:00,South,Police,706,2,26,Normal,0,29,19,0,0,20.0,91.0,30.333333333333332
5704,2025-01-20 19:20:00,East,Other,332,1,24,Normal,0,30,19,0,0,29.0,79.0,26.333333333333332
5705,2025-01-20 19:25:00,West,Fire,578,4,11,Normal,0,33,19,0,0,30.0,92.0,30.666666666666668
5706,2025-01-20 19:30:00,West,Other,108,1,21,Normal,1,49,19,0,0,33.0,112.0,37.333333333333336
5707,2025-01-20 19:35:00,North,Police,462,2,20,Normal,0,27,19,0,0,49.0,109.0,36.333333333333336
5708,2025-01-20 19:40:00,South,Fire,432,4,18,Normal,0,33,19,0,0,27.0,109.0,36.333333333333336
5709,2025-01-20 19:45:00,Central,Medical,714,3,14,Normal,0,41,19,0,0,33.0,101.0,33.666666666666664
5710,2025-01-20 19:50:00,Central,Medical,453,3,11,Normal,0,30,19,0,0,41.0,104.0,34.666666666666664
5711,2025-01-20 19:55:00,North,Medical,477,3,12,Severe,0,46,19,0,0,30.0,117.0,39.0
5712,2025-01-20 20:00:00,Central,Fire,1017,4,13,Normal,0,25,20,0,0,46.0,101.0,33.666666666666664
5713,2025-01-20 20:05:00,North,Fire,560,4,6,Severe,1,63,20,0,0,25.0,134.0,44.666666666666664
5714,2025-01-20 20:10:00,Central,Medical,789,3,11,Normal,0,31,20,0,0,63.0,119.0,39.666666666666664
5715,2025-01-20 20:15:00,East,Medical,618,3,6,Normal,0,24,20,0,0,31.0,118.0,39.333333333333336
5716,2025-01-20 20:20:00,East,Medical,896,3,11,Normal,0,24,20,0,0,24.0,79.0,26.333333333333332
5717,2025-01-20 20:25:00,Central,Medical,537,3,14,Normal,1,52,20,0,0,24.0,100.0,33.333333333333336
5718,2025-01-20 20:30:00,East,Other,335,1,20,Normal,0,34,20,0,0,52.0,110.0,36.666666666666664
5719,2025-01-20 20:35:00,East,Medical,832,3,26,Normal,0,27,20,0,0,34.0,113.0,37.666666666666664
5720,2025-01-20 20:40:00,West,Medical,850,3,7,Normal,0,33,20,0,0,27.0,94.0,31.333333333333332
5721,2025-01-20 20:45:00,South,Police,583,2,28,Normal,0,30,20,0,0,33.0,90.0,30.0
5722,2025-01-20 20:50:00,East,Police,270,2,22,Severe,0,41,20,0,0,30.0,104.0,34.666666666666664
5723,2025-01-20 20:55:00,East,Police,513,2,8,Normal,0,36,20,0,0,41.0,107.0,35.666666666666664
5724,2025-01-20 21:00:00,Central,Other,124,1,19,Normal,1,40,21,0,0,36.0,117.0,39.0
5725,2025-01-20 21:05:00,North,Medical,540,3,9,Normal,0,22,21,0,0,40.0,98.0,32.666666666666664
5726,2025-01-20 21:10:00,North,Medical,722,3,10,Normal,1,37,21,0,0,22.0,99.0,33.0
5727,2025-01-20 21:15:00,West,Police,559,2,7,Normal,0,24,21,0,0,37.0,83.0,27.666666666666668
5728,2025-01-20 21:20:00,West,Medical,736,3,5,Normal,0,15,21,0,0,24.0,76.0,25.333333333333332
5729,2025-01-20 21:25:00,Central,Medical,784,3,6,Normal,0,18,21,0,0,15.0,57.0,19.0
5730,2025-01-20 21:30:00,North,Fire,475,4,6,Normal,0,23,21,0,0,18.0,56.0,18.666666666666668
5731,2025-01-20 21:35:00,East,Police,504,2,17,Normal,0,16,21,0,0,23.0,57.0,19.0
5732,2025-01-20 21:40:00,South,Police,575,2,11,Normal,0,12,21,0,0,16.0,51.0,17.0
5733,2025-01-20 21:45:00,North,Medical,505,3,8,Normal,0,22,21,0,0,12.0,50.0,16.666666666666668
5734,2025-01-20 21:50:00,Central,Medical,591,3,12,Normal,0,20,21,0,0,22.0,54.0,18.0
5735,2025-01-20 21:55:00,North,Medical,683,3,18,Normal,0,21,21,0,0,20.0,63.0,21.0
5736,2025-01-20 22:00:00,Central,Medical,565,3,11,Severe,0,45,22,0,0,21.0,86.0,28.666666666666668
5737,2025-01-20 22:05:00,North,Police,620,2,6,Normal,0,16,22,0,0,45.0,82.0,27.333333333333332
5738,2025-01-20 22:10:00,Central,Police,545,2,16,Normal,0,21,22,0,0,16.0,82.0,27.333333333333332
5739,2025-01-20 22:15:00,East,Fire,960,4,5,Normal,0,23,22,0,0,21.0,60.0,20.0
5740,2025-01-20 22:20:00,South,Medical,631,3,21,Severe,0,35,22,0,0,23.0,79.0,26.333333333333332
5741,2025-01-20 22:25:00,South,Medical,739,3,12,Normal,0,19,22,0,0,35.0,77.0,25.666666666666668
5742,2025-01-20 22:30:00,South,Police,372,2,18,Normal,0,25,22,0,0,19.0,79.0,26.333333333333332
5743,2025-01-20 22:35:00,North,Police,390,2,13,Normal,0,27,22,0,0,25.0,71.0,23.666666666666668
5744,2025-01-20 22:40:00,South,Fire,1002,4,16,Normal,0,19,22,0,0,27.0,71.0,23.666666666666668
5745,2025-01-20 22:45:00,West,Medical,438,3,19,Normal,0,23,22,0,0,19.0,69.0,23.0
5746,2025-01-20 22:50:00,East,Medical,616,3,23,Normal,0,15,22,0,0,23.0,57.0,19.0
5747,2025-01-20 22:55:00,West,Police,783,2,12,Normal,0,18,22,0,0,15.0,56.0,18.666666666666668
5748,2025-01-20 23:00:00,East,Police,718,2,10,Normal,0,11,23,0,0,18.0,44.0,14.666666666666666
5749,2025-01-20 23:05:00,Central,Police,519,2,29,Severe,0,43,23,0,0,11.0,72.0,24.0
5750,2025-01-20 23:10:00,West,Fire,962,4,15,Normal,0,16,23,0,0,43.0,70.0,23.333333333333332
5751,2025-01-20 23:15:00,North,Other,206,1,22,Normal,0,22,23,0,0,16.0,81.0,27.0
5752,2025-01-20 23:20:00,East,Police,500,2,9,Normal,0,17,23,0,0,22.0,55.0,18.333333333333332
5753,2025-01-20 23:25:00,West,Medical,358,3,22,Normal,0,21,23,0,0,17.0,60.0,20.0
5754,2025-01-20 23:30:00,North,Other,379,1,7,Normal,0,23,23,0,0,21.0,61.0,20.333333333333332
5755,2025-01-20 23:35:00,West,Police,467,2,26,Normal,0,18,23,0,0,23.0,62.0,20.666666666666668
5756,2025-01-20 23:40:00,North,Police,599,2,12,Normal,0,20,23,0,0,18.0,61.0,20.333333333333332
5757,2025-01-20 23:45:00,North,Police,509,2,19,Severe,0,38,23,0,0,20.0,76.0,25.333333333333332
5758,2025-01-20 23:50:00,West,Medical,596,3,5,Normal,0,27,23,0,0,38.0,85.0,28.333333333333332
5759,2025-01-20 23:55:00,South,Medical,438,3,27,Normal,1,36,23,0,0,27.0,101.0,33.666666666666664
5760,2025-01-21 00:00:00,Central,Other,290,1,13,Normal,0,22,0,1,0,36.0,85.0,28.333333333333332
5761,2025-01-21 00:05:00,Central,Medical,620,3,20,Normal,0,13,0,1,0,22.0,71.0,23.666666666666668
5762,2025-01-21 00:10:00,North,Medical,896,3,23,Normal,0,14,0,1,0,13.0,49.0,16.333333333333332
5763,2025-01-21 00:15:00,East,Medical,550,3,25,Severe,0,29,0,1,0,14.0,56.0,18.666666666666668
5764,2025-01-21 00:20:00,East,Police,612,2,27,Normal,0,18,0,1,0,29.0,61.0,20.333333333333332
5765,2025-01-21 00:25:00,South,Fire,1027,4,8,Normal,0,27,0,1,0,18.0,74.0,24.666666666666668
5766,2025-01-21 00:30:00,Central,Medical,639,3,18,Normal,0,26,0,1,0,27.0,71.0,23.666666666666668
5767,2025-01-21 00:35:00,West,Other,399,1,26,Normal,0,18,0,1,0,26.0,71.0,23.666666666666668
5768,2025-01-21 00:40:00,Central,Police,481,2,18,Normal,0,16,0,1,0,18.0,60.0,20.0
5769,2025-01-21 00:45:00,Central,Medical,816,3,10,Normal,0,13,0,1,0,16.0,47.0,15.666666666666666
5770,2025-01-21 00:50:00,North,Other,146,1,14,Severe,0,35,0,1,0,13.0,64.0,21.333333333333332
5771,2025-01-21 00:55:00,East,Medical,717,3,13,Normal,0,23,0,1,0,35.0,71.0,23.666666666666668
5772,2025-01-21 01:00:00,West,Police,632,2,20,Severe,0,39,1,1,0,23.0,97.0,32.333333333333336
5773,2025-01-21 01:05:00,West,Police,759,2,22,Normal,0,23,1,1,0,39.0,85.0,28.333333333333332
5774,2025-01-21 01:10:00,Central,Police,294,2,9,Normal,0,15,1,1,0,23.0,77.0,25.666666666666668
5775,2025-01-21 01:15:00,West,Other,265,1,15,Normal,0,23,1,1,0,15.0,61.0,20.333333333333332
5776,2025-01-21 01:20:00,North,Other,336,1,20,Normal,0,14,1,1,0,23.0,52.0,17.333333333333332
5777,2025-01-21 01:25:00,North,Medical,787,3,26,Severe,0,47,1,1,0,14.0,84.0,28.0
5778,2025-01-21 01:30:00,East,Medical,655,3,19,Normal,0,21,1,1,0,47.0,82.0,27.333333333333332
5779,2025-01-21 01:35:00,South,Medical,326,3,6,Normal,0,24,1,1,0,21.0,92.0,30.666666666666668
5780,2025-01-21 01:40:00,South,Medical,668,3,12,Normal,0,25,1,1,0,24.0,70.0,23.333333333333332
5781,2025-01-21 01:45:00,South,Fire,1133,4,9,Normal,0,23,1,1,0,25.0,72.0,24.0
5782,2025-01-21 01:50:00,Central,Medical,338,3,15,Normal,0,17,1,1,0,23.0,65.0,21.666666666666668
5783,2025-01-21 01:55:00,Central,Medical,527,3,11,Normal,0,18,1,1,0,17.0,58.0,19.333333333333332
5784,2025-01-21 02:00:00,West,Other,252,1,23,Normal,0,18,2,1,0,18.0,53.0,17.666666666666668
5785,2025-01-21 02:05:00,East,Police,212,2,14,Normal,0,19,2,1,0,18.0,55.0,18.333333333333332
5786,2025-01-21 02:10:00,Central,Medical,480,3,7,Normal,1,34,2,1,0,19.0,71.0,23.666666666666668
5787,2025-01-21 02:15:00,Central,Medical,422,3,25,Normal,0,17,2,1,0,34.0,70.0,23.333333333333332
5788,2025-01-21 02:20:00,West,Police,654,2,27,Normal,0,18,2,1,0,17.0,69.0,23.0
5789,2025-01-21 02:25:00,North,Other,341,1,26,Normal,0,19,2,1,0,18.0,54.0,18.0
5790,2025-01-21 02:30:00,West,Other,176,1,27,Severe,0,41,2,1,0,19.0,78.0,26.0
5791,2025-01-21 02:35:00,South,Other,330,1,7,Normal,0,17,2,1,0,41.0,77.0,25.666666666666668
5792,2025-01-21 02:40:00,North,Fire,976,4,28,Normal,0,20,2,1,0,17.0,78.0,26.0
5793,2025-01-21 02:45:00,South,Police,531,2,16,Normal,0,23,2,1,0,20.0,60.0,20.0
5794,2025-01-21 02:50:00,West,Medical,377,3,12,Normal,0,17,2,1,0,23.0,60.0,20.0
5795,2025-01-21 02:55:00,East,Fire,951,4,11,Normal,0,17,2,1,0,17.0,57.0,19.0
5796,2025-01-21 03:00:00,Central,Police,742,2,17,Normal,0,18,3,1,0,17.0,52.0,17.333333333333332
5797,2025-01-21 03:05:00,South,Police,361,2,26,Normal,0,14,3,1,0,18.0,49.0,16.333333333333332
5798,2025-01-21 03:10:00,East,Police,782,2,19,Normal,1,27,3,1,0,14.0,59.0,19.666666666666668
5799,2025-01-21 03:15:00,Central,Medical,789,3,14,Normal,0,17,3,1,0,27.0,58.0,19.333333333333332
5800,2025-01-21 03:20:00,North,Police,448,2,25,Severe,0,30,3,1,0,17.0,74.0,24.666666666666668
5801,2025-01-21 03:25:00,East,Medical,385,3,24,Normal,0,22,3,1,0,30.0,69.0,23.0
5802,2025-01-21 03:30:00,Central,Medical,752,3,23,Normal,0,17,3,1,0,22.0,69.0,23.0
5803,2025-01-21 03:35:00,Central,Medical,305,3,6,Normal,0,20,3,1,0,17.0,59.0,19.666666666666668
5804,2025-01-21 03:40:00,East,Medical,898,3,8,Normal,0,26,3,1,0,20.0,63.0,21.0
5805,2025-01-21 03:45:00,Central,Police,410,2,17,Normal,0,16,3,1,0,26.0,62.0,20.666666666666668
5806,2025-01-21 03:50:00,North,Police,600,2,24,Severe,0,43,3,1,0,16.0,85.0,28.333333333333332
5807,2025-01-21 03:55:00,North,Medical,415,3,11,Normal,0,21,3,1,0,43.0,80.0,26.666666666666668
5808,2025-01-21 04:00:00,West,Other,359,1,28,Normal,0,12,4,1,0,21.0,76.0,25.333333333333332
5809,2025-01-21 04:05:00,North,Other,212,1,24,Normal,0,20,4,1,0,12.0,53.0,17.666666666666668
5810,2025-01-21 04:10:00,East,Police,420,2,22,Normal,0,17,4,1,0,20.0,49.0,16.333333333333332
5811,2025-01-21 04:15:00,Central,Police,424,2,28,Normal,0,15,4,1,0,17.0,52.0,17.333333333333332
5812,2025-01-21 04:20:00,North,Fire,886,4,21,Normal,0,8,4,1,0,15.0,40.0,13.333333333333334
5813,2025-01-21 04:25:00,North,Other,152,1,25,Normal,0,23,4,1,0,8.0,46.0,15.333333333333334
5814,2025-01-21 04:30:00,South,Medical,553,3,21,Normal,0,25,4,1,0,23.0,56.0,18.666666666666668
5815,2025-01-21 04:35:00,West,Police,273,2,25,Normal,0,22,4,1,0,25.0,70.0,23.333333333333332
5816,2025-01-21 04:40:00,West,Police,720,2,13,Severe,0,50,4,1,0,22.0,97.0,32.333333333333336
5817,2025-01-21 04:45:00,North,Police,747,2,26,Normal,0,23,4,1,0,50.0,95.0,31.666666666666668
5818,2025-01-21 04:50:00,North,Police,411,2,21,Normal,0,26,4,1,0,23.0,99.0,33.0
5819,2025-01-21 04:55:00,North,Police,416,2,8,Normal,0,15,4,1,0,26.0,64.0,21.333333333333332
5820,2025-01-21 05:00:00,Central,Other,391,1,26,Normal,0,19,5,1,0,15.0,60.0,20.0
5821,2025-01-21 05:05:00,South,Fire,800,4,18,Normal,0,29,5,1,0,19.0,63.0,21.0
5822,2025-01-21 05:10:00,North,Other,137,1,9,Normal,0,23,5,1,0,29.0,71.0,23.666666666666668
5823,2025-01-21 05:15:00,West,Police,282,2,23,Normal,0,20,5,1,0,23.0,72.0,24.0
5824,2025-01-21 05:20:00,Central,Medical,852,3,29,Normal,0,26,5,1,0,20.0,69.0,23.0
5825,2025-01-21 05:25:00,South,Police,225,2,8,Normal,0,32,5,1,0,26.0,78.0,26.0
5826,2025-01-21 05:30:00,North,Other,121,1,7,Normal,0,17,5,1,0,32.0,75.0,25.0
5827,2025-01-21 05:35:00,Central,Other,347,1,21,Normal,0,15,5,1,0,17.0,64.0,21.333333333333332
5828,2025-01-21 05:40:00,East,Fire,1170,4,8,Normal,0,14,5,1,0,15.0,46.0,15.333333333333334
5829,2025-01-21 05:45:00,Central,Police,333,2,16,Normal,0,19,5,1,0,14.0,48.0,16.0
5830,2025-01-21 05:50:00,East,Police,614,2,29,Normal,0,28,5,1,0,19.0,61.0,20.333333333333332
5831,2025-01-21 05:55:00,East,Other,283,1,14,Normal,0,15,5,1,0,28.0,62.0,20.666666666666668
5832,2025-01-21 06:00:00,South,Fire,789,4,24,Normal,0,19,6,1,0,15.0,62.0,20.666666666666668
5833,2025-01-21 06:05:00,North,Police,639,2,29,Normal,0,28,6,1,0,19.0,62.0,20.666666666666668
5834,2025-01-21 06:10:00,West,Medical,345,3,16,Severe,0,45,6,1,0,28.0,92.0,30.666666666666668
5835,2025-01-21 06:15:00,North,Other,300,1,23,Normal,0,19,6,1,0,45.0,92.0,30.666666666666668
5836,2025-01-21 06:20:00,East,Medical,609,3,7,Normal,0,27,6,1,0,19.0,91.0,30.333333333333332
5837,2025-01-21 06:25:00,West,Police,224,2,15,Normal,0,19,6,1,0,27.0,65.0,21.666666666666668
5838,2025-01-21 06:30:00,West,Medical,679,3,17,Normal,0,17,6,1,0,19.0,63.0,21.0
5839,2025-01-21 06:35:00,East,Other,332,1,27,Severe,0,41,6,1,0,17.0,77.0,25.666666666666668
5840,2025-01-21 06:40:00,South,Police,767,2,29,Normal,0,21,6,1,0,41.0,79.0,26.333333333333332
5841,2025-01-21 06:45:00,South,Medical,614,3,17,Normal,0,16,6,1,0,21.0,78.0,26.0
5842,2025-01-21 06:50:00,West,Medical,340,3,13,Normal,0,17,6,1,0,16.0,54.0,18.0
5843,2025-01-21 06:55:00,South,Other,321,1,22,Severe,0,33,6,1,0,17.0,66.0,22.0
5844,2025-01-21 07:00:00,East,Police,423,2,5,Normal,0,20,7,1,0,33.0,70.0,23.333333333333332
5845,2025-01-21 07:05:00,West,Medical,525,3,21,Normal,0,25,7,1,0,20.0,78.0,26.0
5846,2025-01-21 07:10:00,Central,Other,356,1,19,Normal,0,18,7,1,0,25.0,63.0,21.0
5847,2025-01-21 07:15:00,North,Police,632,2,18,Normal,0,11,7,1,0,18.0,54.0,18.0
5848,2025-01-21 07:20:00,Central,Fire,1036,4,18,Normal,0,24,7,1,0,11.0,53.0,17.666666666666668
5849,2025-01-21 07:25:00,North,Fire,570,4,12,Normal,0,22,7,1,0,24.0,57.0,19.0
5850,2025-01-21 07:30:00,Central,Other,382,1,28,Normal,0,19,7,1,0,22.0,65.0,21.666666666666668
5851,2025-01-21 07:35:00,North,Medical,489,3,8,Normal,0,13,7,1,0,19.0,54.0,18.0
5852,2025-01-21 07:40:00,Central,Medical,418,3,17,Normal,1,35,7,1,0,13.0,67.0,22.333333333333332
5853,2025-01-21 07:45:00,South,Police,503,2,8,Normal,0,21,7,1,0,35.0,69.0,23.0
5854,2025-01-21 07:50:00,South,Medical,380,3,6,Normal,1,32,7,1,0,21.0,88.0,29.333333333333332
5855,2025-01-21 07:55:00,West,Fire,1004,4,12,Normal,0,24,7,1,0,32.0,77.0,25.666666666666668
5856,2025-01-21 08:00:00,North,Police,267,2,27,Normal,0,27,8,1,0,24.0,83.0,27.666666666666668
5857,2025-01-21 08:05:00,Central,Police,598,2,18,Normal,0,34,8,1,0,27.0,85.0,28.333333333333332
5858,2025-01-21 08:10:00,Central,Other,352,1,13,Severe,0,55,8,1,0,34.0,116.0,38.666666666666664
5859,2025-01-21 08:15:00,North,Fire,636,4,10,Normal,0,37,8,1,0,55.0,126.0,42.0
5860,2025-01-21 08:20:00,North,Other,310,1,19,Normal,0,25,8,1,0,37.0,117.0,39.0
5861,2025-01-21 08:25:00,North,Medical,728,3,13,Normal,1,53,8,1,0,25.0,115.0,38.333333333333336
5862,2025-01-21 08:30:00,West,Medical,532,3,7,Normal,0,32,8,1,0,53.0,110.0,36.666666666666664
5863,2025-01-21 08:35:00,West,Medical,685,3,24,Normal,0,35,8,1,0,32.0,120.0,40.0
5864,2025-01-21 08:40:00,Central,Other,152,1,23,Normal,0,29,8,1,0,35.0,96.0,32.0
5865,2025-01-21 08:45:00,West,Fire,678,4,10,Normal,0,38,8,1,0,29.0,102.0,34.0
5866,2025-01-21 08:50:00,East,Other,349,1,6,Normal,0,33,8,1,0,38.0,100.0,33.333333333333336
5867,2025-01-21 08:55:00,North,Medical,352,3,23,Normal,0,25,8,1,0,33.0,96.0,32.0
5868,2025-01-21 09:00:00,East,Medical,377,3,18,Normal,0,19,9,1,0,25.0,77.0,25.666666666666668
5869,2025-01-21 09:05:00,Central,Police,621,2,25,Normal,0,17,9,1,0,19.0,61.0,20.333333333333332
5870,2025-01-21 09:10:00,East,Police,597,2,8,Severe,0,51,9,1,0,17.0,87.0,29.0
5871,2025-01-21 09:15:00,South,Police,383,2,6,Normal,0,37,9,1,0,51.0,105.0,35.0
5872,2025-01-21 09:20:00,North,Police,731,2,20,Normal,1,60,9,1,0,37.0,148.0,49.333333333333336
5873,2025-01-21 09:25:00,South,Police,506,2,7,Normal,0,26,9,1,0,60.0,123.0,41.0
5874,2025-01-21 09:30:00,West,Police,519,2,27,Normal,0,23,9,1,0,26.0,109.0,36.333333333333336
5875,2025-01-21 09:35:00,North,Police,211,2,13,Normal,0,26,9,1,0,23.0,75.0,25.0
5876,2025-01-21 09:40:00,Central,Police,510,2,28,Normal,0,40,9,1,0,26.0,89.0,29.666666666666668
5877,2025-01-21 09:45:00,North,Other,338,1,26,Normal,0,24,9,1,0,40.0,90.0,30.0
5878,2025-01-21 09:50:00,East,Police,248,2,25,Normal,0,35,9,1,0,24.0,99.0,33.0
5879,2025-01-21 09:55:00,North,Medical,528,3,27,Normal,0,24,9,1,0,35.0,83.0,27.666666666666668
5880,2025-01-21 10:00:00,East,Other,185,1,24,Severe,0,31,10,1,0,24.0,90.0,30.0
5881,2025-01-21 10:05:00,North,Other,151,1,5,Normal,0,22,10,1,0,31.0,77.0,25.666666666666668
5882,2025-01-21 10:10:00,Central,Other,174,1,24,Severe,0,43,10,1,0,22.0,96.0,32.0
5883,2025-01-21 10:15:00,East,Police,709,2,6,Severe,0,46,10,1,0,43.0,111.0,37.0
5884,2025-01-21 10:20:00,East,Other,322,1,20,Normal,0,15,10,1,0,46.0,104.0,34.666666666666664
5885,2025-01-21 10:25:00,West,Police,464,2,22,Severe,0,35,10,1,0,15.0,96.0,32.0
5886,2025-01-21 10:30:00,East,Medical,507,3,26,Severe,0,34,10,1,0,35.0,84.0,28.0
5887,2025-01-21 10:35:00,South,Medical,854,3,22,Normal,1,44,10,1,0,34.0,113.0,37.666666666666664
5888,2025-01-21 10:40:00,East,Medical,415,3,16,Normal,0,19,10,1,0,44.0,97.0,32.333333333333336
5889,2025-01-21 10:45:00,West,Police,493,2,29,Normal,0,15,10,1,0,19.0,78.0,26.0
5890,2025-01-21 10:50:00,East,Police,736,2,21,Normal,0,22,10,1,0,15.0,56.0,18.666666666666668
5891,2025-01-21 10:55:00,East,Medical,614,3,5,Normal,0,25,10,1,0,22.0,62.0,20.666666666666668
5892,2025-01-21 11:00:00,South,Other,100,1,20,Normal,0,18,11,1,0,25.0,65.0,21.666666666666668
5893,2025-01-21 11:05:00,West,Medical,529,3,6,Normal,0,15,11,1,0,18.0,58.0,19.333333333333332
5894,2025-01-21 11:10:00,South,Medical,832,3,10,Normal,0,13,11,1,0,15.0,46.0,15.333333333333334
5895,2025-01-21 11:15:00,North,Fire,922,4,26,Normal,0,25,11,1,0,13.0,53.0,17.666666666666668
5896,2025-01-21 11:20:00,West,Police,593,2,16,Normal,0,20,11,1,0,25.0,58.0,19.333333333333332
5897,2025-01-21 11:25:00,South,Medical,328,3,13,Normal,0,19,11,1,0,20.0,64.0,21.333333333333332
5898,2025-01-21 11:30:00,West,Medical,596,3,19,Normal,0,21,11,1,0,19.0,60.0,20.0
5899,2025-01-21 11:35:00,West,Fire,414,4,25,Normal,0,23,11,1,0,21.0,63.0,21.0
5900,2025-01-21 11:40:00,Central,Fire,1028,4,23,Severe,0,38,11,1,0,23.0,82.0,27.333333333333332
5901,2025-01-21 11:45:00,North,Police,264,2,18,Normal,0,21,11,1,0,38.0,82.0,27.333333333333332
5902,2025-01-21 11:50:00,South,Police,592,2,26,Normal,0,20,11,1,0,21.0,79.0,26.333333333333332
5903,2025-01-21 11:55:00,East,Police,716,2,28,Normal,0,29,11,1,0,20.0,70.0,23.333333333333332
5904,2025-01-21 12:00:00,Central,Medical,823,3,7,Normal,0,23,12,1,0,29.0,72.0,24.0
5905,2025-01-21 12:05:00,Central,Medical,877,3,13,Normal,0,22,12,1,0,23.0,74.0,24.666666666666668
5906,2025-01-21 12:10:00,East,Medical,442,3,13,Normal,0,14,12,1,0,22.0,59.0,19.666666666666668
5907,2025-01-21 12:15:00,West,Medical,335,3,6,Normal,0,24,12,1,0,14.0,60.0,20.0
5908,2025-01-21 12:20:00,East,Medical,606,3,7,Normal,0,19,12,1,0,24.0,57.0,19.0
5909,2025-01-21 12:25:00,Central,Other,143,1,11,Normal,0,18,12,1,0,19.0,61.0,20.333333333333332
5910,2025-01-21 12:30:00,West,Medical,709,3,28,Normal,0,16,12,1,0,18.0,53.0,17.666666666666668
5911,2025-01-21 12:35:00,South,Police,290,2,22,Normal,0,23,12,1,0,16.0,57.0,19.0
5912,2025-01-21 12:40:00,Central,Medical,577,3,21,Normal,0,25,12,1,0,23.0,64.0,21.333333333333332
5913,2025-01-21 12:45:00,East,Other,267,1,28,Normal,0,12,12,1,0,25.0,60.0,20.0
5914,2025-01-21 12:50:00,East,Other,166,1,6,Severe,0,38,12,1,0,12.0,75.0,25.0
5915,2025-01-21 12:55:00,Central,Other,127,1,28,Normal,0,15,12,1,0,38.0,65.0,21.666666666666668
5916,2025-01-21 13:00:00,North,Police,224,2,6,Normal,0,18,13,1,0,15.0,71.0,23.666666666666668
5917,2025-01-21 13:05:00,West,Medical,692,3,20,Normal,0,17,13,1,0,18.0,50.0,16.666666666666668
5918,2025-01-21 13:10:00,East,Other,265,1,17,Normal,0,15,13,1,0,17.0,50.0,16.666666666666668
5919,2025-01-21 13:15:00,East,Medical,604,3,25,Normal,0,14,13,1,0,15.0,46.0,15.333333333333334
5920,2025-01-21 13:20:00,North,Other,244,1,13,Normal,1,38,13,1,0,14.0,67.0,22.333333333333332
5921,2025-01-21 13:25:00,Central,Medical,888,3,29,Normal,0,22,13,1,0,38.0,74.0,24.666666666666668
5922,2025-01-21 13:30:00,North,Medical,620,3,17,Normal,0,21,13,1,0,22.0,81.0,27.0
5923,2025-01-21 13:35:00,North,Medical,386,3,11,Normal,0,10,13,1,0,21.0,53.0,17.666666666666668
5924,2025-01-21 13:40:00,North,Fire,746,4,24,Normal,0,21,13,1,0,10.0,52.0,17.333333333333332
5925,2025-01-21 13:45:00,East,Police,702,2,22,Normal,0,14,13,1,0,21.0,45.0,15.0
5926,2025-01-21 13:50:00,West,Fire,827,4,11,Normal,0,23,13,1,0,14.0,58.0,19.333333333333332
5927,2025-01-21 13:55:00,South,Medical,719,3,9,Normal,0,17,13,1,0,23.0,54.0,18.0
5928,2025-01-21 14:00:00,East,Other,231,1,20,Normal,0,25,14,1,0,17.0,65.0,21.666666666666668
5929,2025-01-21 14:05:00,South,Medical,503,3,21,Normal,0,18,14,1,0,25.0,60.0,20.0
5930,2025-01-21 14:10:00,North,Medical,727,3,11,Normal,1,31,14,1,0,18.0,74.0,24.666666666666668
5931,2025-01-21 14:15:00,West,Fire,929,4,5,Normal,0,22,14,1,0,31.0,71.0,23.666666666666668
5932,2025-01-21 14:20:00,West,Police,456,2,23,Normal,0,15,14,1,0,22.0,68.0,22.666666666666668
5933,2025-01-21 14:25:00,West,Medical,341,3,29,Normal,0,13,14,1,0,15.0,50.0,16.666666666666668
5934,2025-01-21 14:30:00,North,Medical,706,3,10,Normal,0,16,14,1,0,13.0,44.0,14.666666666666666
5935,2025-01-21 14:35:00,North,Medical,641,3,6,Normal,0,29,14,1,0,16.0,58.0,19.333333333333332
5936,2025-01-21 14:40:00,Central,Other,236,1,17,Normal,0,16,14,1,0,29.0,61.0,20.333333333333332
5937,2025-01-21 14:45:00,Central,Fire,429,4,26,Severe,0,36,14,1,0,16.0,81.0,27.0
5938,2025-01-21 14:50:00,East,Medical,615,3,29,Normal,0,22,14,1,0,36.0,74.0,24.666666666666668
5939,2025-01-21 14:55:00,West,Medical,842,3,6,Normal,0,21,14,1,0,22.0,79.0,26.333333333333332
5940,2025-01-21 15:00:00,Central,Other,351,1,13,Normal,0,19,15,1,0,21.0,62.0,20.666666666666668
5941,2025-01-21 15:05:00,Central,Police,787,2,26,Severe,0,38,15,1,0,19.0,78.0,26.0
5942,2025-01-21 15:10:00,West,Other,170,1,6,Normal,0,14,15,1,0,38.0,71.0,23.666666666666668
5943,2025-01-21 15:15:00,West,Other,299,1,18,Normal,0,17,15,1,0,14.0,69.0,23.0
5944,2025-01-21 15:20:00,Central,Police,386,2,10,Normal,0,18,15,1,0,17.0,49.0,16.333333333333332
5945,2025-01-21 15:25:00,South,Medical,400,3,6,Normal,0,19,15,1,0,18.0,54.0,18.0
5946,2025-01-21 15:30:00,Central,Police,238,2,19,Normal,0,16,15,1,0,19.0,53.0,17.666666666666668
5947,2025-01-21 15:35:00,North,Police,409,2,19,Normal,0,21,15,1,0,16.0,56.0,18.666666666666668
5948,2025-01-21 15:40:00,South,Other,191,1,17,Normal,0,20,15,1,0,21.0,57.0,19.0
5949,2025-01-21 15:45:00,North,Police,788,2,7,Normal,0,21,15,1,0,20.0,62.0,20.666666666666668
5950,2025-01-21 15:50:00,Central,Police,206,2,18,Normal,0,31,15,1,0,21.0,72.0,24.0
5951,2025-01-21 15:55:00,West,Police,366,2,26,Normal,0,18,15,1,0,31.0,70.0,23.333333333333332
5952,2025-01-21 16:00:00,North,Police,608,2,11,Normal,1,37,16,1,0,18.0,86.0,28.666666666666668
5953,2025-01-21 16:05:00,West,Other,141,1,6,Normal,0,18,16,1,0,37.0,73.0,24.333333333333332
5954,2025-01-21 16:10:00,East,Other,322,1,20,Severe,0,39,16,1,0,18.0,94.0,31.333333333333332
5955,2025-01-21 16:15:00,West,Police,705,2,13,Normal,0,16,16,1,0,39.0,73.0,24.333333333333332
5956,2025-01-21 16:20:00,West,Medical,353,3,26,Normal,0,17,16,1,0,16.0,72.0,24.0
5957,2025-01-21 16:25:00,Central,Police,234,2,18,Normal,0,14,16,1,0,17.0,47.0,15.666666666666666
5958,2025-01-21 16:30:00,East,Other,359,1,15,Normal,0,17,16,1,0,14.0,48.0,16.0
5959,2025-01-21 16:35:00,South,Police,616,2,8,Normal,0,21,16,1,0,17.0,52.0,17.333333333333332
5960,2025-01-21 16:40:00,East,Fire,931,4,8,Normal,0,17,16,1,0,21.0,55.0,18.333333333333332
5961,2025-01-21 16:45:00,North,Other,142,1,13,Severe,0,38,16,1,0,17.0,76.0,25.333333333333332
5962,2025-01-21 16:50:00,South,Police,610,2,24,Normal,0,21,16,1,0,38.0,76.0,25.333333333333332
5963,2025-01-21 16:55:00,East,Medical,887,3,22,Normal,0,25,16,1,0,21.0,84.0,28.0
5964,2025-01-21 17:00:00,West,Police,236,2,10,Normal,0,24,17,1,0,25.0,70.0,23.333333333333332
5965,2025-01-21 17:05:00,West,Medical,562,3,25,Normal,0,17,17,1,0,24.0,66.0,22.0
5966,2025-01-21 17:10:00,Central,Fire,1029,4,12,Normal,0,18,17,1,0,17.0,59.0,19.666666666666668
5967,2025-01-21 17:15:00,West,Medical,388,3,12,Normal,0,14,17,1,0,18.0,49.0,16.333333333333332
5968,2025-01-21 17:20:00,South,Other,204,1,20,Normal,0,10,17,1,0,14.0,42.0,14.0
5969,2025-01-21 17:25:00,West,Medical,863,3,17,Normal,1,29,17,1,0,10.0,53.0,17.666666666666668
5970,2025-01-21 17:30:00,West,Medical,641,3,5,Normal,0,15,17,1,0,29.0,54.0,18.0
5971,2025-01-21 17:35:00,East,Fire,548,4,17,Normal,1,35,17,1,0,15.0,79.0,26.333333333333332
5972,2025-01-21 17:40:00,North,Police,664,2,12,Severe,0,39,17,1,0,35.0,89.0,29.666666666666668
5973,2025-01-21 17:45:00,South,Police,441,2,10,Normal,0,21,17,1,0,39.0,95.0,31.666666666666668
5974,2025-01-21 17:50:00,East,Medical,869,3,25,Normal,0,13,17,1,0,21.0,73.0,24.333333333333332
5975,2025-01-21 17:55:00,North,Medical,685,3,27,Normal,0,24,17,1,0,13.0,58.0,19.333333333333332
5976,2025-01-21 18:00:00,West,Medical,717,3,29,Normal,0,31,18,1,0,24.0,68.0,22.666666666666668
5977,2025-01-21 18:05:00,North,Medical,694,3,8,Severe,0,71,18,1,0,31.0,126.0,42.0
5978,2025-01-21 18:10:00,North,Medical,671,3,9,Normal,0,30,18,1,0,71.0,132.0,44.0
5979,2025-01-21 18:15:00,West,Other,168,1,6,Normal,0,22,18,1,0,30.0,123.0,41.0
5980,2025-01-21 18:20:00,West,Medical,689,3,28,Normal,0,34,18,1,0,22.0,86.0,28.666666666666668
5981,2025-01-21 18:25:00,West,Medical,819,3,9,Normal,0,25,18,1,0,34.0,81.0,27.0
5982,2025-01-21 18:30:00,North,Medical,830,3,14,Normal,1,46,18,1,0,25.0,105.0,35.0
5983,2025-01-21 18:35:00,East,Police,281,2,27,Normal,0,27,18,1,0,46.0,98.0,32.666666666666664
5984,2025-01-21 18:40:00,Central,Police,441,2,6,Normal,0,29,18,1,0,27.0,102.0,34.0
5985,2025-01-21 18:45:00,North,Police,300,2,12,Severe,0,44,18,1,0,29.0,100.0,33.333333333333336
5986,2025-01-21 18:50:00,North,Police,710,2,18,Normal,0,31,18,1,0,44.0,104.0,34.666666666666664
5987,2025-01-21 18:55:00,East,Medical,556,3,29,Normal,0,31,18,1,0,31.0,106.0,35.333333333333336
5988,2025-01-21 19:00:00,East,Medical,829,3,23,Normal,0,38,19,1,0,31.0,100.0,33.333333333333336
5989,2025-01-21 19:05:00,North,Medical,620,3,5,Normal,0,35,19,1,0,38.0,104.0,34.666666666666664
5990,2025-01-21 19:10:00,East,Fire,502,4,28,Normal,0,31,19,1,0,35.0,104.0,34.666666666666664
5991,2025-01-21 19:15:00,North,Medical,874,3,12,Normal,0,28,19,1,0,31.0,94.0,31.333333333333332
5992,2025-01-21 19:20:00,South,Police,717,2,17,Normal,0,31,19,1,0,28.0,90.0,30.0
5993,2025-01-21 19:25:00,East,Medical,494,3,27,Normal,0,37,19,1,0,31.0,96.0,32.0
5994,2025-01-21 19:30:00,Central,Fire,502,4,25,Normal,0,22,19,1,0,37.0,90.0,30.0
5995,2025-01-21 19:35:00,East,Medical,783,3,9,Normal,0,32,19,1,0,22.0,91.0,30.333333333333332
5996,2025-01-21 19:40:00,Central,Medical,698,3,18,Normal,0,31,19,1,0,32.0,85.0,28.333333333333332
5997,2025-01-21 19:45:00,South,Other,328,1,24,Severe,0,54,19,1,0,31.0,117.0,39.0
5998,2025-01-21 19:50:00,West,Other,374,1,9,Normal,0,28,19,1,0,54.0,113.0,37.666666666666664
5999,2025-01-21 19:55:00,East,Medical,855,3,6,Normal,0,27,19,1,0,28.0,109.0,36.333333333333336
6000,2025-01-21 20:00:00,West,Other,341,1,11,Normal,0,25,20,1,0,27.0,80.0,26.666666666666668
6001,2025-01-21 20:05:00,South,Medical,324,3,5,Normal,0,22,20,1,0,25.0,74.0,24.666666666666668
6002,2025-01-21 20:10:00,East,Other,345,1,28,Normal,0,40,20,1,0,22.0,87.0,29.0
6003,2025-01-21 20:15:00,South,Police,293,2,6,Normal,0,33,20,1,0,40.0,95.0,31.666666666666668
6004,2025-01-21 20:20:00,Central,Fire,892,4,17,Normal,0,15,20,1,0,33.0,88.0,29.333333333333332
6005,2025-01-21 20:25:00,Central,Other,253,1,26,Normal,1,42,20,1,0,15.0,90.0,30.0
6006,2025-01-21 20:30:00,East,Medical,471,3,25,Normal,0,32,20,1,0,42.0,89.0,29.666666666666668
6007,2025-01-21 20:35:00,Central,Police,335,2,14,Normal,0,37,20,1,0,32.0,111.0,37.0
6008,2025-01-21 20:40:00,East,Police,206,2,27,Normal,0,30,20,1,0,37.0,99.0,33.0
6009,2025-01-21 20:45:00,East,Medical,416,3,23,Normal,0,25,20,1,0,30.0,92.0,30.666666666666668
6010,2025-01-21 20:50:00,North,Medical,463,3,8,Severe,0,36,20,1,0,25.0,91.0,30.333333333333332
6011,2025-01-21 20:55:00,Central,Medical,443,3,10,Normal,0,32,20,1,0,36.0,93.0,31.0
6012,2025-01-21 21:00:00,West,Medical,533,3,7,Normal,0,18,21,1,0,32.0,86.0,28.666666666666668
6013,2025-01-21 21:05:00,Central,Medical,451,3,8,Severe,0,28,21,1,0,18.0,78.0,26.0
6014,2025-01-21 21:10:00,East,Medical,480,3,18,Normal,0,23,21,1,0,28.0,69.0,23.0
6015,2025-01-21 21:15:00,Central,Medical,334,3,18,Normal,0,22,21,1,0,23.0,73.0,24.333333333333332
6016,2025-01-21 21:20:00,West,Medical,391,3,22,Normal,0,22,21,1,0,22.0,67.0,22.333333333333332
6017,2025-01-21 21:25:00,East,Police,445,2,5,Normal,0,18,21,1,0,22.0,62.0,20.666666666666668
6018,2025-01-21 21:30:00,Central,Medical,554,3,17,Normal,0,20,21,1,0,18.0,60.0,20.0
6019,2025-01-21 21:35:00,Central,Fire,440,4,15,Normal,0,19,21,1,0,20.0,57.0,19.0
6020,2025-01-21 21:40:00,West,Medical,639,3,8,Normal,0,18,21,1,0,19.0,57.0,19.0
6021,2025-01-21 21:45:00,South,Police,571,2,11,Normal,0,14,21,1,0,18.0,51.0,17.0
6022,2025-01-21 21:50:00,Central,Medical,345,3,8,Normal,0,26,21,1,0,14.0,58.0,19.333333333333332
6023,2025-01-21 21:55:00,Central,Medical,851,3,8,Normal,0,29,21,1,0,26.0,69.0,23.0
6024,2025-01-21 22:00:00,South,Medical,739,3,10,Normal,0,26,22,1,0,29.0,81.0,27.0
6025,2025-01-21 22:05:00,East,Police,393,2,14,Normal,0,20,22,1,0,26.0,75.0,25.0
6026,2025-01-21 22:10:00,North,Police,263,2,21,Normal,0,23,22,1,0,20.0,69.0,23.0
6027,2025-01-21 22:15:00,West,Police,594,2,25,Normal,0,17,22,1,0,23.0,60.0,20.0
6028,2025-01-21 22:20:00,North,Medical,852,3,18,Normal,0,22,22,1,0,17.0,62.0,20.666666666666668
6029,2025-01-21 22:25:00,East,Police,440,2,12,Normal,0,25,22,1,0,22.0,64.0,21.333333333333332
6030,2025-01-21 22:30:00,North,Medical,349,3,17,Normal,0,14,22,1,0,25.0,61.0,20.333333333333332
6031,2025-01-21 22:35:00,South,Other,228,1,27,Normal,0,15,22,1,0,14.0,54.0,18.0
6032,2025-01-21 22:40:00,Central,Other,331,1,13,Normal,0,10,22,1,0,15.0,39.0,13.0
6033,2025-01-21 22:45:00,South,Medical,353,3,16,Normal,0,19,22,1,0,10.0,44.0,14.666666666666666
6034,2025-01-21 22:50:00,North,Other,147,1,20,Normal,0,20,22,1,0,19.0,49.0,16.333333333333332
6035,2025-01-21 22:55:00,Central,Police,256,2,7,Normal,0,23,22,1,0,20.0,62.0,20.666666666666668
6036,2025-01-21 23:00:00,West,Other,281,1,18,Normal,0,16,23,1,0,23.0,59.0,19.666666666666668
6037,2025-01-21 23:05:00,North,Police,437,2,27,Normal,0,19,23,1,0,16.0,58.0,19.333333333333332
6038,2025-01-21 23:10:00,East,Police,376,2,12,Normal,0,20,23,1,0,19.0,55.0,18.333333333333332
6039,2025-01-21 23:15:00,Central,Police,744,2,25,Normal,0,17,23,1,0,20.0,56.0,18.666666666666668
6040,2025-01-21 23:20:00,North,Fire,404,4,23,Normal,0,19,23,1,0,17.0,56.0,18.666666666666668
6041,2025-01-21 23:25:00,North,Other,117,1,23,Normal,1,38,23,1,0,19.0,74.0,24.666666666666668
6042,2025-01-21 23:30:00,North,Other,275,1,23,Normal,0,15,23,1,0,38.0,72.0,24.0
6043,2025-01-21 23:35:00,West,Other,119,1,25,Normal,0,24,23,1,0,15.0,77.0,25.666666666666668
6044,2025-01-21 23:40:00,West,Medical,874,3,24,Normal,0,21,23,1,0,24.0,60.0,20.0
6045,2025-01-21 23:45:00,Central,Police,509,2,10,Normal,0,19,23,1,0,21.0,64.0,21.333333333333332
6046,2025-01-21 23:50:00,East,Police,212,2,24,Normal,0,23,23,1,0,19.0,63.0,21.0
6047,2025-01-21 23:55:00,Central,Medical,326,3,13,Normal,0,23,23,1,0,23.0,65.0,21.666666666666668
6048,2025-01-22 00:00:00,South,Medical,473,3,21,Severe,0,47,0,2,0,23.0,93.0,31.0
6049,2025-01-22 00:05:00,North,Medical,660,3,16,Normal,0,23,0,2,0,47.0,93.0,31.0
6050,2025-01-22 00:10:00,West,Police,446,2,9,Normal,0,15,0,2,0,23.0,85.0,28.333333333333332
6051,2025-01-22 00:15:00,East,Medical,868,3,5,Normal,0,23,0,2,0,15.0,61.0,20.333333333333332
6052,2025-01-22 00:20:00,East,Police,750,2,19,Normal,0,14,0,2,0,23.0,52.0,17.333333333333332
6053,2025-01-22 00:25:00,East,Police,329,2,18,Normal,0,14,0,2,0,14.0,51.0,17.0
6054,2025-01-22 00:30:00,East,Other,339,1,18,Normal,0,20,0,2,0,14.0,48.0,16.0
6055,2025-01-22 00:35:00,East,Other,338,1,23,Normal,0,28,0,2,0,20.0,62.0,20.666666666666668
6056,2025-01-22 00:40:00,East,Medical,540,3,9,Normal,0,20,0,2,0,28.0,68.0,22.666666666666668
6057,2025-01-22 00:45:00,South,Medical,475,3,8,Severe,0,52,0,2,0,20.0,100.0,33.333333333333336
6058,2025-01-22 00:50:00,Central,Other,170,1,13,Normal,0,21,0,2,0,52.0,93.0,31.0
6059,2025-01-22 00:55:00,East,Medical,718,3,17,Normal,0,23,0,2,0,21.0,96.0,32.0
6060,2025-01-22 01:00:00,East,Other,101,1,10,Normal,0,12,1,2,0,23.0,56.0,18.666666666666668
6061,2025-01-22 01:05:00,South,Other,231,1,18,Normal,0,24,1,2,0,12.0,59.0,19.666666666666668
6062,2025-01-22 01:10:00,East,Other,112,1,11,Severe,0,48,1,2,0,24.0,84.0,28.0
6063,2025-01-22 01:15:00,West,Medical,789,3,14,Normal,0,13,1,2,0,48.0,85.0,28.333333333333332
6064,2025-01-22 01:20:00,West,Medical,470,3,21,Normal,0,21,1,2,0,13.0,82.0,27.333333333333332
6065,2025-01-22 01:25:00,Central,Medical,484,3,24,Normal,0,23,1,2,0,21.0,57.0,19.0
6066,2025-01-22 01:30:00,West,Other,121,1,25,Normal,0,24,1,2,0,23.0,68.0,22.666666666666668
6067,2025-01-22 01:35:00,East,Police,381,2,13,Normal,0,26,1,2,0,24.0,73.0,24.333333333333332
6068,2025-01-22 01:40:00,Central,Police,563,2,26,Normal,0,19,1,2,0,26.0,69.0,23.0
6069,2025-01-22 01:45:00,West,Fire,1197,4,15,Normal,0,22,1,2,0,19.0,67.0,22.333333333333332
6070,2025-01-22 01:50:00,South,Medical,671,3,15,Severe,1,52,1,2,0,22.0,93.0,31.0
6071,2025-01-22 01:55:00,East,Fire,1192,4,23,Normal,0,18,1,2,0,52.0,92.0,30.666666666666668
6072,2025-01-22 02:00:00,South,Police,700,2,28,Severe,0,37,2,2,0,18.0,107.0,35.666666666666664
6073,2025-01-22 02:05:00,West,Medical,751,3,23,Normal,0,14,2,2,0,37.0,69.0,23.0
6074,2025-01-22 02:10:00,South,Police,656,2,6,Normal,0,15,2,2,0,14.0,66.0,22.0
6075,2025-01-22 02:15:00,South,Police,741,2,13,Normal,0,17,2,2,0,15.0,46.0,15.333333333333334
6076,2025-01-22 02:20:00,North,Other,193,1,26,Normal,0,13,2,2,0,17.0,45.0,15.0
6077,2025-01-22 02:25:00,Central,Other,252,1,7,Normal,0,22,2,2,0,13.0,52.0,17.333333333333332
6078,2025-01-22 02:30:00,Central,Medical,641,3,15,Normal,0,23,2,2,0,22.0,58.0,19.333333333333332
6079,2025-01-22 02:35:00,Central,Police,464,2,13,Normal,0,21,2,2,0,23.0,66.0,22.0
6080,2025-01-22 02:40:00,Central,Medical,764,3,28,Normal,0,21,2,2,0,21.0,65.0,21.666666666666668
6081,2025-01-22 02:45:00,North,Other,276,1,7,Normal,0,19,2,2,0,21.0,61.0,20.333333333333332
6082,2025-01-22 02:50:00,West,Police,489,2,14,Normal,0,14,2,2,0,19.0,54.0,18.0
6083,2025-01-22 02:55:00,North,Medical,876,3,20,Normal,0,24,2,2,0,14.0,57.0,19.0
6084,2025-01-22 03:00:00,Central,Other,387,1,22,Severe,0,48,3,2,0,24.0,86.0,28.666666666666668
6085,2025-01-22 03:05:00,Central,Medical,853,3,18,Severe,1,62,3,2,0,48.0,134.0,44.666666666666664
6086,2025-01-22 03:10:00,North,Medical,566,3,7,Normal,0,18,3,2,0,62.0,128.0,42.666666666666664
6087,2025-01-22 03:15:00,West,Medical,767,3,23,Normal,0,29,3,2,0,18.0,109.0,36.333333333333336
6088,2025-01-22 03:20:00,East,Medical,667,3,14,Normal,0,17,3,2,0,29.0,64.0,21.333333333333332
6089,2025-01-22 03:25:00,West,Medical,449,3,21,Normal,0,15,3,2,0,17.0,61.0,20.333333333333332
6090,2025-01-22 03:30:00,Central,Police,339,2,27,Normal,0,18,3,2,0,15.0,50.0,16.666666666666668
6091,2025-01-22 03:35:00,North,Medical,767,3,29,Normal,0,18,3,2,0,18.0,51.0,17.0
6092,2025-01-22 03:40:00,South,Police,594,2,11,Normal,0,19,3,2,0,18.0,55.0,18.333333333333332
6093,2025-01-22 03:45:00,East,Medical,447,3,11,Normal,0,24,3,2,0,19.0,61.0,20.333333333333332
6094,2025-01-22 03:50:00,West,Medical,403,3,27,Normal,0,12,3,2,0,24.0,55.0,18.333333333333332
6095,2025-01-22 03:55:00,North,Other,131,1,28,Normal,0,24,3,2,0,12.0,60.0,20.0
6096,2025-01-22 04:00:00,Central,Other,136,1,11,Normal,0,28,4,2,0,24.0,64.0,21.333333333333332
6097,2025-01-22 04:05:00,South,Other,106,1,11,Normal,0,15,4,2,0,28.0,67.0,22.333333333333332
6098,2025-01-22 04:10:00,South,Other,242,1,22,Normal,0,25,4,2,0,15.0,68.0,22.666666666666668
6099,2025-01-22 04:15:00,South,Medical,430,3,15,Severe,1,53,4,2,0,25.0,93.0,31.0
6100,2025-01-22 04:20:00,East,Fire,882,4,26,Normal,0,26,4,2,0,53.0,104.0,34.666666666666664
6101,2025-01-22 04:25:00,West,Police,541,2,26,Normal,0,22,4,2,0,26.0,101.0,33.666666666666664
6102,2025-01-22 04:30:00,East,Medical,809,3,13,Normal,0,21,4,2,0,22.0,69.0,23.0
6103,2025-01-22 04:35:00,North,Fire,1139,4,26,Normal,0,20,4,2,0,21.0,63.0,21.0
6104,2025-01-22 04:40:00,West,Police,304,2,29,Normal,0,31,4,2,0,20.0,72.0,24.0
6105,2025-01-22 04:45:00,West,Medical,776,3,21,Normal,0,15,4,2,0,31.0,66.0,22.0
6106,2025-01-22 04:50:00,East,Police,553,2,18,Normal,0,20,4,2,0,15.0,66.0,22.0
6107,2025-01-22 04:55:00,South,Police,547,2,8,Severe,0,37,4,2,0,20.0,72.0,24.0
6108,2025-01-22 05:00:00,North,Medical,602,3,6,Normal,0,20,5,2,0,37.0,77.0,25.666666666666668
6109,2025-01-22 05:05:00,South,Police,334,2,10,Normal,0,16,5,2,0,20.0,73.0,24.333333333333332
6110,2025-01-22 05:10:00,East,Other,270,1,17,Normal,0,18,5,2,0,16.0,54.0,18.0
6111,2025-01-22 05:15:00,South,Medical,585,3,17,Normal,0,23,5,2,0,18.0,57.0,19.0
6112,2025-01-22 05:20:00,South,Police,276,2,27,Normal,0,21,5,2,0,23.0,62.0,20.666666666666668
6113,2025-01-22 05:25:00,West,Police,639,2,5,Normal,0,20,5,2,0,21.0,64.0,21.333333333333332
6114,2025-01-22 05:30:00,North,Medical,651,3,16,Normal,0,23,5,2,0,20.0,64.0,21.333333333333332
6115,2025-01-22 05:35:00,Central,Medical,458,3,27,Normal,0,22,5,2,0,23.0,65.0,21.666666666666668
6116,2025-01-22 05:40:00,South,Police,315,2,25,Normal,0,20,5,2,0,22.0,65.0,21.666666666666668
6117,2025-01-22 05:45:00,Central,Medical,745,3,8,Severe,0,30,5,2,0,20.0,72.0,24.0
6118,2025-01-22 05:50:00,Central,Police,378,2,28,Normal,0,21,5,2,0,30.0,71.0,23.666666666666668
6119,2025-01-22 05:55:00,East,Police,202,2,28,Normal,0,21,5,2,0,21.0,72.0,24.0
6120,2025-01-22 06:00:00,Central,Other,156,1,7,Severe,0,25,6,2,0,21.0,67.0,22.333333333333332
6121,2025-01-22 06:05:00,Central,Medical,384,3,9,Normal,0,25,6,2,0,25.0,71.0,23.666666666666668
6122,2025-01-22 06:10:00,West,Medical,870,3,7,Normal,0,20,6,2,0,25.0,70.0,23.333333333333332
6123,2025-01-22 06:15:00,Central,Medical,589,3,27,Normal,0,16,6,2,0,20.0,61.0,20.333333333333332
6124,2025-01-22 06:20:00,North,Medical,715,3,23,Normal,0,23,6,2,0,16.0,59.0,19.666666666666668
6125,2025-01-22 06:25:00,South,Other,101,1,29,Normal,0,25,6,2,0,23.0,64.0,21.333333333333332
6126,2025-01-22 06:30:00,South,Medical,429,3,15,Normal,0,20,6,2,0,25.0,68.0,22.666666666666668
6127,2025-01-22 06:35:00,North,Medical,585,3,6,Normal,0,27,6,2,0,20.0,72.0,24.0
6128,2025-01-22 06:40:00,North,Police,226,2,20,Normal,0,17,6,2,0,27.0,64.0,21.333333333333332
6129,2025-01-22 06:45:00,South,Police,632,2,20,Normal,0,20,6,2,0,17.0,64.0,21.333333333333332
6130,2025-01-22 06:50:00,North,Fire,794,4,5,Normal,0,13,6,2,0,20.0,50.0,16.666666666666668
6131,2025-01-22 06:55:00,East,Police,506,2,29,Normal,0,17,6,2,0,13.0,50.0,16.666666666666668
6132,2025-01-22 07:00:00,West,Police,376,2,24,Severe,0,35,7,2,0,17.0,65.0,21.666666666666668
6133,2025-01-22 07:05:00,South,Police,460,2,26,Normal,0,27,7,2,0,35.0,79.0,26.333333333333332
6134,2025-01-22 07:10:00,Central,Other,150,1,26,Normal,0,20,7,2,0,27.0,82.0,27.333333333333332
6135,2025-01-22 07:15:00,West,Medical,740,3,14,Normal,0,21,7,2,0,20.0,68.0,22.666666666666668
6136,2025-01-22 07:20:00,South,Other,377,1,28,Normal,0,16,7,2,0,21.0,57.0,19.0
6137,2025-01-22 07:25:00,Central,Other,368,1,18,Normal,0,16,7,2,0,16.0,53.0,17.666666666666668
6138,2025-01-22 07:30:00,East,Medical,730,3,17,Normal,0,18,7,2,0,16.0,50.0,16.666666666666668
6139,2025-01-22 07:35:00,West,Medical,689,3,20,Normal,0,17,7,2,0,18.0,51.0,17.0
6140,2025-01-22 07:40:00,Central,Medical,811,3,25,Severe,1,64,7,2,0,17.0,99.0,33.0
6141,2025-01-22 07:45:00,East,Police,584,2,29,Normal,0,22,7,2,0,64.0,103.0,34.333333333333336
6142,2025-01-22 07:50:00,East,Police,235,2,14,Normal,0,19,7,2,0,22.0,105.0,35.0
6143,2025-01-22 07:55:00,North,Police,544,2,22,Normal,0,13,7,2,0,19.0,54.0,18.0
6144,2025-01-22 08:00:00,East,Police,709,2,26,Normal,0,24,8,2,0,13.0,56.0,18.666666666666668
6145,2025-01-22 08:05:00,West,Other,189,1,29,Normal,0,34,8,2,0,24.0,71.0,23.666666666666668
6146,2025-01-22 08:10:00,North,Medical,411,3,19,Normal,0,20,8,2,0,34.0,78.0,26.0
6147,2025-01-22 08:15:00,East,Medical,761,3,10,Normal,0,22,8,2,0,20.0,76.0,25.333333333333332
6148,2025-01-22 08:20:00,North,Fire,1119,4,21,Normal,0,24,8,2,0,22.0,66.0,22.0
6149,2025-01-22 08:25:00,Central,Police,480,2,25,Normal,0,36,8,2,0,24.0,82.0,27.333333333333332
6150,2025-01-22 08:30:00,West,Medical,300,3,14,Normal,0,36,8,2,0,36.0,96.0,32.0
6151,2025-01-22 08:35:00,Central,Other,238,1,22,Normal,0,23,8,2,0,36.0,95.0,31.666666666666668
6152,2025-01-22 08:40:00,South,Police,775,2,21,Normal,0,24,8,2,0,23.0,83.0,27.666666666666668
6153,2025-01-22 08:45:00,East,Medical,343,3,11,Normal,0,30,8,2,0,24.0,77.0,25.666666666666668
6154,2025-01-22 08:50:00,North,Police,308,2,5,Normal,0,36,8,2,0,30.0,90.0,30.0
6155,2025-01-22 08:55:00,Central,Police,768,2,24,Severe,0,55,8,2,0,36.0,121.0,40.333333333333336
6156,2025-01-22 09:00:00,North,Medical,488,3,20,Normal,0,23,9,2,0,55.0,114.0,38.0
6157,2025-01-22 09:05:00,West,Other,266,1,10,Normal,0,31,9,2,0,23.0,109.0,36.333333333333336
6158,2025-01-22 09:10:00,North,Police,714,2,15,Normal,0,28,9,2,0,31.0,82.0,27.333333333333332
6159,2025-01-22 09:15:00,South,Medical,580,3,24,Normal,0,29,9,2,0,28.0,88.0,29.333333333333332
6160,2025-01-22 09:20:00,South,Police,350,2,28,Normal,0,35,9,2,0,29.0,92.0,30.666666666666668
6161,2025-01-22 09:25:00,East,Fire,1179,4,5,Normal,0,23,9,2,0,35.0,87.0,29.0
6162,2025-01-22 09:30:00,West,Police,602,2,19,Normal,0,30,9,2,0,23.0,88.0,29.333333333333332
6163,2025-01-22 09:35:00,Central,Medical,738,3,16,Normal,0,35,9,2,0,30.0,88.0,29.333333333333332
6164,2025-01-22 09:40:00,East,Other,197,1,5,Normal,0,29,9,2,0,35.0,94.0,31.333333333333332
6165,2025-01-22 09:45:00,East,Fire,937,4,14,Normal,0,27,9,2,0,29.0,91.0,30.333333333333332
6166,2025-01-22 09:50:00,North,Fire,1065,4,9,Normal,0,32,9,2,0,27.0,88.0,29.333333333333332
6167,2025-01-22 09:55:00,West,Medical,663,3,13,Normal,0,29,9,2,0,32.0,88.0,29.333333333333332
6168,2025-01-22 10:00:00,North,Other,252,1,7,Normal,0,22,10,2,0,29.0,83.0,27.666666666666668
6169,2025-01-22 10:05:00,South,Other,240,1,26,Normal,0,16,10,2,0,22.0,67.0,22.333333333333332
6170,2025-01-22 10:10:00,West,Medical,803,3,20,Normal,0,22,10,2,0,16.0,60.0,20.0
6171,2025-01-22 10:15:00,North,Police,593,2,6,Severe,0,39,10,2,0,22.0,77.0,25.666666666666668
6172,2025-01-22 10:20:00,North,Police,511,2,16,Normal,0,16,10,2,0,39.0,77.0,25.666666666666668
6173,2025-01-22 10:25:00,South,Medical,584,3,27,Normal,0,20,10,2,0,16.0,75.0,25.0
6174,2025-01-22 10:30:00,West,Medical,366,3,17,Normal,0,24,10,2,0,20.0,60.0,20.0
6175,2025-01-22 10:35:00,West,Other,297,1,21,Normal,0,18,10,2,0,24.0,62.0,20.666666666666668
6176,2025-01-22 10:40:00,South,Medical,372,3,17,Normal,0,18,10,2,0,18.0,60.0,20.0
6177,2025-01-22 10:45:00,East,Medical,841,3,8,Normal,0,18,10,2,0,18.0,54.0,18.0
6178,2025-01-22 10:50:00,East,Fire,523,4,28,Normal,0,31,10,2,0,18.0,67.0,22.333333333333332
6179,2025-01-22 10:55:00,South,Medical,413,3,9,Normal,0,23,10,2,0,31.0,72.0,24.0
6180,2025-01-22 11:00:00,South,Medical,774,3,16,Normal,0,16,11,2,0,23.0,70.0,23.333333333333332
6181,2025-01-22 11:05:00,West,Fire,1076,4,27,Normal,0,17,11,2,0,16.0,56.0,18.666666666666668
6182,2025-01-22 11:10:00,North,Police,567,2,12,Severe,0,22,11,2,0,17.0,55.0,18.333333333333332
6183,2025-01-22 11:15:00,South,Medical,605,3,24,Normal,1,34,11,2,0,22.0,73.0,24.333333333333332
6184,2025-01-22 11:20:00,Central,Medical,748,3,9,Normal,0,24,11,2,0,34.0,80.0,26.666666666666668
6185,2025-01-22 11:25:00,North,Other,248,1,10,Normal,0,16,11,2,0,24.0,74.0,24.666666666666668
6186,2025-01-22 11:30:00,North,Police,458,2,27,Normal,0,19,11,2,0,16.0,59.0,19.666666666666668
6187,2025-01-22 11:35:00,Central,Medical,717,3,24,Normal,0,24,11,2,0,19.0,59.0,19.666666666666668
6188,2025-01-22 11:40:00,Central,Medical,369,3,25,Normal,0,12,11,2,0,24.0,55.0,18.333333333333332
6189,2025-01-22 11:45:00,West,Police,638,2,6,Normal,0,23,11,2,0,12.0,59.0,19.666666666666668
6190,2025-01-22 11:50:00,East,Medical,353,3,14,Normal,0,21,11,2,0,23.0,56.0,18.666666666666668
6191,2025-01-22 11:55:00,East,Medical,808,3,5,Normal,0,29,11,2,0,21.0,73.0,24.333333333333332
6192,2025-01-22 12:00:00,West,Medical,329,3,27,Severe,0,32,12,2,0,29.0,82.0,27.333333333333332
6193,2025-01-22 12:05:00,South,Police,383,2,12,Normal,0,16,12,2,0,32.0,77.0,25.666666666666668
6194,2025-01-22 12:10:00,East,Medical,815,3,7,Normal,0,16,12,2,0,16.0,64.0,21.333333333333332
6195,2025-01-22 12:15:00,South,Medical,321,3,14,Normal,0,21,12,2,0,16.0,53.0,17.666666666666668
6196,2025-01-22 12:20:00,North,Medical,573,3,16,Normal,0,23,12,2,0,21.0,60.0,20.0
6197,2025-01-22 12:25:00,South,Medical,559,3,17,Normal,0,18,12,2,0,23.0,62.0,20.666666666666668
6198,2025-01-22 12:30:00,West,Police,755,2,19,Normal,0,20,12,2,0,18.0,61.0,20.333333333333332
6199,2025-01-22 12:35:00,South,Medical,389,3,26,Normal,0,24,12,2,0,20.0,62.0,20.666666666666668
6200,2025-01-22 12:40:00,East,Police,355,2,18,Normal,0,18,12,2,0,24.0,62.0,20.666666666666668
6201,2025-01-22 12:45:00,North,Medical,428,3,25,Normal,0,21,12,2,0,18.0,63.0,21.0
6202,2025-01-22 12:50:00,East,Other,331,1,5,Normal,0,22,12,2,0,21.0,61.0,20.333333333333332
6203,2025-01-22 12:55:00,Central,Medical,520,3,25,Normal,0,14,12,2,0,22.0,57.0,19.0
6204,2025-01-22 13:00:00,South,Medical,473,3,17,Normal,0,21,13,2,0,14.0,57.0,19.0
6205,2025-01-22 13:05:00,South,Medical,460,3,23,Normal,0,25,13,2,0,21.0,60.0,20.0
6206,2025-01-22 13:10:00,North,Medical,457,3,18,Normal,0,15,13,2,0,25.0,61.0,20.333333333333332
6207,2025-01-22 13:15:00,West,Fire,723,4,6,Normal,0,21,13,2,0,15.0,61.0,20.333333333333332
6208,2025-01-22 13:20:00,West,Police,692,2,5,Normal,0,14,13,2,0,21.0,50.0,16.666666666666668
6209,2025-01-22 13:25:00,South,Police,526,2,19,Normal,0,9,13,2,0,14.0,44.0,14.666666666666666
6210,2025-01-22 13:30:00,North,Medical,549,3,10,Normal,1,24,13,2,0,9.0,47.0,15.666666666666666
6211,2025-01-22 13:35:00,North,Other,328,1,12,Normal,0,23,13,2,0,24.0,56.0,18.666666666666668
6212,2025-01-22 13:40:00,Central,Other,263,1,19,Normal,0,18,13,2,0,23.0,65.0,21.666666666666668
6213,2025-01-22 13:45:00,South,Fire,808,4,7,Severe,0,31,13,2,0,18.0,72.0,24.0
6214,2025-01-22 13:50:00,North,Other,367,1,7,Normal,0,21,13,2,0,31.0,70.0,23.333333333333332
6215,2025-01-22 13:55:00,Central,Medical,541,3,16,Normal,0,17,13,2,0,21.0,69.0,23.0
6216,2025-01-22 14:00:00,South,Medical,816,3,27,Normal,0,20,14,2,0,17.0,58.0,19.333333333333332
6217,2025-01-22 14:05:00,Central,Medical,582,3,18,Normal,0,23,14,2,0,20.0,60.0,20.0
6218,2025-01-22 14:10:00,South,Medical,658,3,9,Normal,0,22,14,2,0,23.0,65.0,21.666666666666668
6219,2025-01-22 14:15:00,Central,Police,327,2,28,Normal,0,19,14,2,0,22.0,64.0,21.333333333333332
6220,2025-01-22 14:20:00,North,Medical,727,3,7,Normal,0,15,14,2,0,19.0,56.0,18.666666666666668
6221,2025-01-22 14:25:00,North,Police,618,2,21,Normal,0,26,14,2,0,15.0,60.0,20.0
6222,2025-01-22 14:30:00,West,Medical,660,3,25,Severe,0,36,14,2,0,26.0,77.0,25.666666666666668
6223,2025-01-22 14:35:00,West,Fire,1125,4,16,Normal,0,21,14,2,0,36.0,83.0,27.666666666666668
6224,2025-01-22 14:40:00,North,Other,297,1,27,Normal,0,22,14,2,0,21.0,79.0,26.333333333333332
6225,2025-01-22 14:45:00,West,Other,394,1,28,Normal,0,28,14,2,0,22.0,71.0,23.666666666666668
6226,2025-01-22 14:50:00,North,Police,382,2,17,Normal,0,22,14,2,0,28.0,72.0,24.0
6227,2025-01-22 14:55:00,East,Police,574,2,9,Normal,0,15,14,2,0,22.0,65.0,21.666666666666668
6228,2025-01-22 15:00:00,Central,Medical,463,3,9,Normal,0,16,15,2,0,15.0,53.0,17.666666666666668
6229,2025-01-22 15:05:00,South,Medical,653,3,7,Normal,0,17,15,2,0,16.0,48.0,16.0
6230,2025-01-22 15:10:00,East,Medical,466,3,12,Normal,0,22,15,2,0,17.0,55.0,18.333333333333332
6231,2025-01-22 15:15:00,South,Medical,579,3,16,Normal,0,13,15,2,0,22.0,52.0,17.333333333333332
6232,2025-01-22 15:20:00,North,Fire,1039,4,26,Normal,0,30,15,2,0,13.0,65.0,21.666666666666668
6233,2025-01-22 15:25:00,North,Medical,438,3,10,Normal,0,18,15,2,0,30.0,61.0,20.333333333333332
6234,2025-01-22 15:30:00,Central,Medical,610,3,18,Normal,0,18,15,2,0,18.0,66.0,22.0
6235,2025-01-22 15:35:00,East,Fire,486,4,15,Normal,0,21,15,2,0,18.0,57.0,19.0
6236,2025-01-22 15:40:00,South,Police,243,2,13,Normal,0,20,15,2,0,21.0,59.0,19.666666666666668
6237,2025-01-22 15:45:00,Central,Medical,691,3,19,Normal,0,19,15,2,0,20.0,60.0,20.0
6238,2025-01-22 15:50:00,East,Medical,781,3,26,Normal,0,21,15,2,0,19.0,60.0,20.0
6239,2025-01-22 15:55:00,West,Other,247,1,23,Normal,0,30,15,2,0,21.0,70.0,23.333333333333332
6240,2025-01-22 16:00:00,Central,Medical,781,3,23,Normal,0,23,16,2,0,30.0,74.0,24.666666666666668
6241,2025-01-22 16:05:00,West,Police,777,2,13,Normal,0,21,16,2,0,23.0,74.0,24.666666666666668
6242,2025-01-22 16:10:00,Central,Medical,881,3,13,Normal,0,21,16,2,0,21.0,65.0,21.666666666666668
6243,2025-01-22 16:15:00,Central,Other,291,1,10,Normal,0,19,16,2,0,21.0,61.0,20.333333333333332
6244,2025-01-22 16:20:00,Central,Police,437,2,12,Normal,1,38,16,2,0,19.0,78.0,26.0
6245,2025-01-22 16:25:00,North,Medical,360,3,6,Normal,0,15,16,2,0,38.0,72.0,24.0
6246,2025-01-22 16:30:00,Central,Other,312,1,6,Normal,0,17,16,2,0,15.0,70.0,23.333333333333332
6247,2025-01-22 16:35:00,East,Medical,500,3,8,Normal,0,27,16,2,0,17.0,59.0,19.666666666666668
6248,2025-01-22 16:40:00,East,Other,232,1,9,Normal,0,26,16,2,0,27.0,70.0,23.333333333333332
6249,2025-01-22 16:45:00,North,Other,378,1,17,Normal,0,12,16,2,0,26.0,65.0,21.666666666666668
6250,2025-01-22 16:50:00,Central,Medical,785,3,16,Normal,0,11,16,2,0,12.0,49.0,16.333333333333332
6251,2025-01-22 16:55:00,Central,Police,522,2,14,Normal,1,31,16,2,0,11.0,54.0,18.0
6252,2025-01-22 17:00:00,North,Other,339,1,25,Normal,1,28,17,2,0,31.0,70.0,23.333333333333332
6253,2025-01-22 17:05:00,Central,Medical,325,3,25,Normal,0,18,17,2,0,28.0,77.0,25.666666666666668
6254,2025-01-22 17:10:00,West,Other,282,1,8,Normal,0,23,17,2,0,18.0,69.0,23.0
6255,2025-01-22 17:15:00,South,Fire,1171,4,15,Normal,0,19,17,2,0,23.0,60.0,20.0
6256,2025-01-22 17:20:00,South,Police,313,2,17,Severe,0,38,17,2,0,19.0,80.0,26.666666666666668
6257,2025-01-22 17:25:00,West,Medical,652,3,14,Normal,1,23,17,2,0,38.0,80.0,26.666666666666668
6258,2025-01-22 17:30:00,East,Medical,398,3,18,Normal,0,25,17,2,0,23.0,86.0,28.666666666666668
6259,2025-01-22 17:35:00,West,Other,379,1,23,Normal,0,13,17,2,0,25.0,61.0,20.333333333333332
6260,2025-01-22 17:40:00,Central,Other,150,1,13,Normal,0,16,17,2,0,13.0,54.0,18.0
6261,2025-01-22 17:45:00,East,Fire,941,4,7,Normal,1,33,17,2,0,16.0,62.0,20.666666666666668
6262,2025-01-22 17:50:00,Central,Other,356,1,15,Normal,0,17,17,2,0,33.0,66.0,22.0
6263,2025-01-22 17:55:00,South,Police,355,2,29,Normal,0,12,17,2,0,17.0,62.0,20.666666666666668
6264,2025-01-22 18:00:00,West,Medical,601,3,25,Normal,0,28,18,2,0,12.0,57.0,19.0
6265,2025-01-22 18:05:00,West,Medical,321,3,14,Normal,0,19,18,2,0,28.0,59.0,19.666666666666668
6266,2025-01-22 18:10:00,Central,Medical,402,3,20,Normal,0,23,18,2,0,19.0,70.0,23.333333333333332
6267,2025-01-22 18:15:00,South,Other,347,1,29,Normal,0,25,18,2,0,23.0,67.0,22.333333333333332
6268,2025-01-22 18:20:00,Central,Police,729,2,6,Normal,0,29,18,2,0,25.0,77.0,25.666666666666668
6269,2025-01-22 18:25:00,North,Other,175,1,25,Normal,0,22,18,2,0,29.0,76.0,25.333333333333332
6270,2025-01-22 18:30:00,Central,Police,574,2,17,Normal,0,39,18,2,0,22.0,90.0,30.0
6271,2025-01-22 18:35:00,South,Fire,956,4,10,Normal,0,30,18,2,0,39.0,91.0,30.333333333333332
6272,2025-01-22 18:40:00,Central,Police,697,2,5,Normal,0,27,18,2,0,30.0,96.0,32.0
6273,2025-01-22 18:45:00,North,Medical,835,3,27,Severe,0,47,18,2,0,27.0,104.0,34.666666666666664
6274,2025-01-22 18:50:00,West,Police,665,2,12,Severe,0,54,18,2,0,47.0,128.0,42.666666666666664
6275,2025-01-22 18:55:00,East,Medical,481,3,8,Normal,0,24,18,2,0,54.0,125.0,41.666666666666664
6276,2025-01-22 19:00:00,Central,Medical,889,3,28,Normal,0,29,19,2,0,24.0,107.0,35.666666666666664
6277,2025-01-22 19:05:00,West,Medical,866,3,21,Normal,0,40,19,2,0,29.0,93.0,31.0
6278,2025-01-22 19:10:00,East,Medical,619,3,10,Severe,0,44,19,2,0,40.0,113.0,37.666666666666664
6279,2025-01-22 19:15:00,North,Fire,1119,4,12,Normal,0,34,19,2,0,44.0,118.0,39.333333333333336
6280,2025-01-22 19:20:00,West,Fire,501,4,22,Normal,0,28,19,2,0,34.0,106.0,35.333333333333336
6281,2025-01-22 19:25:00,East,Police,498,2,12,Normal,0,30,19,2,0,28.0,92.0,30.666666666666668
6282,2025-01-22 19:30:00,South,Other,345,1,17,Severe,0,37,19,2,0,30.0,95.0,31.666666666666668
6283,2025-01-22 19:35:00,West,Other,117,1,10,Normal,0,31,19,2,0,37.0,98.0,32.666666666666664
6284,2025-01-22 19:40:00,Central,Medical,728,3,25,Normal,0,36,19,2,0,31.0,104.0,34.666666666666664
6285,2025-01-22 19:45:00,North,Other,188,1,9,Normal,0,39,19,2,0,36.0,106.0,35.333333333333336
6286,2025-01-22 19:50:00,East,Other,183,1,14,Normal,0,24,19,2,0,39.0,99.0,33.0
6287,2025-01-22 19:55:00,East,Medical,485,3,10,Normal,0,25,19,2,0,24.0,88.0,29.333333333333332
6288,2025-01-22 20:00:00,South,Medical,495,3,27,Normal,0,20,20,2,0,25.0,69.0,23.0
6289,2025-01-22 20:05:00,West,Medical,538,3,7,Normal,0,27,20,2,0,20.0,72.0,24.0
6290,2025-01-22 20:10:00,South,Fire,1027,4,20,Normal,0,37,20,2,0,27.0,84.0,28.0
6291,2025-01-22 20:15:00,West,Medical,694,3,23,Severe,0,42,20,2,0,37.0,106.0,35.333333333333336
6292,2025-01-22 20:20:00,West,Police,539,2,26,Severe,0,51,20,2,0,42.0,130.0,43.333333333333336
6293,2025-01-22 20:25:00,Central,Medical,826,3,12,Normal,0,40,20,2,0,51.0,133.0,44.333333333333336
6294,2025-01-22 20:30:00,Central,Other,212,1,17,Normal,0,31,20,2,0,40.0,122.0,40.666666666666664
6295,2025-01-22 20:35:00,West,Fire,900,4,22,Normal,0,28,20,2,0,31.0,99.0,33.0
6296,2025-01-22 20:40:00,West,Fire,974,4,26,Normal,0,26,20,2,0,28.0,85.0,28.333333333333332
6297,2025-01-22 20:45:00,South,Other,355,1,27,Normal,1,34,20,2,0,26.0,88.0,29.333333333333332
6298,2025-01-22 20:50:00,East,Fire,499,4,8,Normal,0,29,20,2,0,34.0,89.0,29.666666666666668
6299,2025-01-22 20:55:00,East,Police,520,2,8,Normal,0,24,20,2,0,29.0,87.0,29.0
6300,2025-01-22 21:00:00,East,Fire,600,4,11,Normal,0,23,21,2,0,24.0,76.0,25.333333333333332
6301,2025-01-22 21:05:00,West,Police,330,2,17,Normal,0,23,21,2,0,23.0,70.0,23.333333333333332
6302,2025-01-22 21:10:00,West,Police,620,2,20,Severe,0,40,21,2,0,23.0,86.0,28.666666666666668
6303,2025-01-22 21:15:00,Central,Medical,701,3,25,Normal,0,20,21,2,0,40.0,83.0,27.666666666666668
6304,2025-01-22 21:20:00,West,Police,535,2,10,Severe,0,30,21,2,0,20.0,90.0,30.0
6305,2025-01-22 21:25:00,North,Police,547,2,11,Normal,0,12,21,2,0,30.0,62.0,20.666666666666668
6306,2025-01-22 21:30:00,East,Medical,818,3,6,Normal,0,17,21,2,0,12.0,59.0,19.666666666666668
6307,2025-01-22 21:35:00,Central,Other,377,1,19,Severe,0,39,21,2,0,17.0,68.0,22.666666666666668
6308,2025-01-22 21:40:00,West,Medical,772,3,5,Severe,0,52,21,2,0,39.0,108.0,36.0
6309,2025-01-22 21:45:00,East,Medical,348,3,27,Normal,0,18,21,2,0,52.0,109.0,36.333333333333336
6310,2025-01-22 21:50:00,South,Other,170,1,25,Normal,0,14,21,2,0,18.0,84.0,28.0
6311,2025-01-22 21:55:00,North,Medical,350,3,12,Normal,0,24,21,2,0,14.0,56.0,18.666666666666668
6312,2025-01-22 22:00:00,East,Police,433,2,14,Normal,0,24,22,2,0,24.0,62.0,20.666666666666668
6313,2025-01-22 22:05:00,South,Police,748,2,29,Normal,0,20,22,2,0,24.0,68.0,22.666666666666668
6314,2025-01-22 22:10:00,East,Other,304,1,23,Normal,0,20,22,2,0,20.0,64.0,21.333333333333332
6315,2025-01-22 22:15:00,East,Fire,550,4,8,Normal,0,19,22,2,0,20.0,59.0,19.666666666666668
6316,2025-01-22 22:20:00,East,Police,652,2,11,Normal,0,22,22,2,0,19.0,61.0,20.333333333333332
6317,2025-01-22 22:25:00,Central,Medical,741,3,10,Normal,0,16,22,2,0,22.0,57.0,19.0
6318,2025-01-22 22:30:00,West,Police,354,2,27,Normal,0,25,22,2,0,16.0,63.0,21.0
6319,2025-01-22 22:35:00,South,Medical,645,3,25,Normal,0,26,22,2,0,25.0,67.0,22.333333333333332
6320,2025-01-22 22:40:00,South,Medical,865,3,6,Normal,0,21,22,2,0,26.0,72.0,24.0
6321,2025-01-22 22:45:00,East,Police,606,2,29,Normal,0,14,22,2,0,21.0,61.0,20.333333333333332
6322,2025-01-22 22:50:00,South,Police,329,2,7,Normal,0,25,22,2,0,14.0,60.0,20.0
6323,2025-01-22 22:55:00,Central,Medical,743,3,16,Normal,0,16,22,2,0,25.0,55.0,18.333333333333332
6324,2025-01-22 23:00:00,East,Fire,919,4,25,Normal,0,29,23,2,0,16.0,70.0,23.333333333333332
6325,2025-01-22 23:05:00,East,Police,389,2,19,Normal,0,21,23,2,0,29.0,66.0,22.0
6326,2025-01-22 23:10:00,East,Medical,805,3,27,Normal,1,44,23,2,0,21.0,94.0,31.333333333333332
6327,2025-01-22 23:15:00,East,Medical,881,3,23,Normal,0,21,23,2,0,44.0,86.0,28.666666666666668
6328,2025-01-22 23:20:00,Central,Police,531,2,12,Normal,0,21,23,2,0,21.0,86.0,28.666666666666668
6329,2025-01-22 23:25:00,North,Fire,434,4,6,Normal,0,27,23,2,0,21.0,69.0,23.0
6330,2025-01-22 23:30:00,North,Medical,577,3,26,Normal,0,19,23,2,0,27.0,67.0,22.333333333333332
6331,2025-01-22 23:35:00,East,Fire,716,4,22,Normal,0,24,23,2,0,19.0,70.0,23.333333333333332
6332,2025-01-22 23:40:00,West,Other,323,1,21,Normal,0,19,23,2,0,24.0,62.0,20.666666666666668
6333,2025-01-22 23:45:00,West,Medical,471,3,25,Normal,0,23,23,2,0,19.0,66.0,22.0
6334,2025-01-22 23:50:00,West,Medical,758,3,25,Normal,0,19,23,2,0,23.0,61.0,20.333333333333332
6335,2025-01-22 23:55:00,South,Police,749,2,19,Severe,0,40,23,2,0,19.0,82.0,27.333333333333332
6336,2025-01-23 00:00:00,South,Police,799,2,9,Normal,0,13,0,3,0,40.0,72.0,24.0
6337,2025-01-23 00:05:00,West,Medical,737,3,19,Normal,0,14,0,3,0,13.0,67.0,22.333333333333332
6338,2025-01-23 00:10:00,West,Other,375,1,17,Normal,0,17,0,3,0,14.0,44.0,14.666666666666666
6339,2025-01-23 00:15:00,East,Medical,890,3,7,Normal,0,24,0,3,0,17.0,55.0,18.333333333333332
6340,2025-01-23 00:20:00,West,Medical,583,3,20,Normal,0,22,0,3,0,24.0,63.0,21.0
6341,2025-01-23 00:25:00,West,Medical,344,3,12,Normal,0,26,0,3,0,22.0,72.0,24.0
6342,2025-01-23 00:30:00,Central,Other,104,1,12,Normal,0,20,0,3,0,26.0,68.0,22.666666666666668
6343,2025-01-23 00:35:00,West,Police,483,2,7,Normal,0,23,0,3,0,20.0,69.0,23.0
6344,2025-01-23 00:40:00,East,Other,149,1,14,Normal,0,25,0,3,0,23.0,68.0,22.666666666666668
6345,2025-01-23 00:45:00,East,Medical,766,3,13,Normal,0,25,0,3,0,25.0,73.0,24.333333333333332
6346,2025-01-23 00:50:00,South,Police,358,2,6,Normal,0,22,0,3,0,25.0,72.0,24.0
6347,2025-01-23 00:55:00,South,Other,156,1,29,Normal,0,21,0,3,0,22.0,68.0,22.666666666666668
6348,2025-01-23 01:00:00,West,Police,379,2,17,Normal,0,22,1,3,0,21.0,65.0,21.666666666666668
6349,2025-01-23 01:05:00,East,Police,503,2,9,Normal,0,21,1,3,0,22.0,64.0,21.333333333333332
6350,2025-01-23 01:10:00,Central,Other,307,1,15,Normal,0,22,1,3,0,21.0,65.0,21.666666666666668
6351,2025-01-23 01:15:00,South,Medical,515,3,25,Normal,0,19,1,3,0,22.0,62.0,20.666666666666668
6352,2025-01-23 01:20:00,South,Police,649,2,21,Normal,0,22,1,3,0,19.0,63.0,21.0
6353,2025-01-23 01:25:00,East,Medical,397,3,17,Normal,0,16,1,3,0,22.0,57.0,19.0
6354,2025-01-23 01:30:00,South,Medical,857,3,13,Normal,0,25,1,3,0,16.0,63.0,21.0
6355,2025-01-23 01:35:00,East,Police,769,2,5,Normal,0,14,1,3,0,25.0,55.0,18.333333333333332
6356,2025-01-23 01:40:00,West,Fire,1154,4,13,Normal,0,16,1,3,0,14.0,55.0,18.333333333333332
6357,2025-01-23 01:45:00,North,Other,142,1,6,Normal,0,30,1,3,0,16.0,60.0,20.0
6358,2025-01-23 01:50:00,Central,Fire,833,4,14,Normal,0,16,1,3,0,30.0,62.0,20.666666666666668
6359,2025-01-23 01:55:00,East,Other,219,1,18,Normal,0,23,1,3,0,16.0,69.0,23.0
6360,2025-01-23 02:00:00,West,Police,273,2,19,Normal,0,24,2,3,0,23.0,63.0,21.0
6361,2025-01-23 02:05:00,North,Medical,464,3,9,Normal,0,16,2,3,0,24.0,63.0,21.0
6362,2025-01-23 02:10:00,Central,Medical,664,3,6,Normal,0,15,2,3,0,16.0,55.0,18.333333333333332
6363,2025-01-23 02:15:00,East,Police,369,2,14,Normal,0,15,2,3,0,15.0,46.0,15.333333333333334
6364,2025-01-23 02:20:00,North,Fire,1044,4,5,Normal,0,15,2,3,0,15.0,45.0,15.0
6365,2025-01-23 02:25:00,East,Medical,823,3,7,Normal,0,19,2,3,0,15.0,49.0,16.333333333333332
6366,2025-01-23 02:30:00,South,Other,380,1,17,Normal,0,17,2,3,0,19.0,51.0,17.0
6367,2025-01-23 02:35:00,North,Police,413,2,28,Normal,1,36,2,3,0,17.0,72.0,24.0
6368,2025-01-23 02:40:00,North,Police,721,2,22,Normal,0,21,2,3,0,36.0,74.0,24.666666666666668
6369,2025-01-23 02:45:00,West,Medical,439,3,14,Normal,0,20,2,3,0,21.0,77.0,25.666666666666668
6370,2025-01-23 02:50:00,East,Other,143,1,22,Normal,0,13,2,3,0,20.0,54.0,18.0
6371,2025-01-23 02:55:00,Central,Police,663,2,10,Normal,0,32,2,3,0,13.0,65.0,21.666666666666668
6372,2025-01-23 03:00:00,East,Medical,467,3,26,Normal,0,22,3,3,0,32.0,67.0,22.333333333333332
6373,2025-01-23 03:05:00,West,Other,193,1,26,Severe,0,41,3,3,0,22.0,95.0,31.666666666666668
6374,2025-01-23 03:10:00,North,Medical,510,3,22,Normal,0,19,3,3,0,41.0,82.0,27.333333333333332
6375,2025-01-23 03:15:00,North,Medical,732,3,7,Normal,0,21,3,3,0,19.0,81.0,27.0
6376,2025-01-23 03:20:00,East,Other,273,1,25,Normal,0,25,3,3,0,21.0,65.0,21.666666666666668
6377,2025-01-23 03:25:00,Central,Police,768,2,28,Normal,0,19,3,3,0,25.0,65.0,21.666666666666668
6378,2025-01-23 03:30:00,East,Police,661,2,24,Severe,0,37,3,3,0,19.0,81.0,27.0
6379,2025-01-23 03:35:00,North,Medical,383,3,22,Normal,0,18,3,3,0,37.0,74.0,24.666666666666668
6380,2025-01-23 03:40:00,Central,Medical,400,3,17,Normal,0,23,3,3,0,18.0,78.0,26.0
6381,2025-01-23 03:45:00,North,Medical,452,3,12,Normal,1,37,3,3,0,23.0,78.0,26.0
6382,2025-01-23 03:50:00,East,Medical,307,3,13,Normal,1,27,3,3,0,37.0,87.0,29.0
6383,2025-01-23 03:55:00,North,Police,618,2,22,Normal,0,22,3,3,0,27.0,86.0,28.666666666666668
6384,2025-01-23 04:00:00,North,Police,204,2,9,Normal,0,23,4,3,0,22.0,72.0,24.0
6385,2025-01-23 04:05:00,South,Police,408,2,29,Normal,0,17,4,3,0,23.0,62.0,20.666666666666668
6386,2025-01-23 04:10:00,South,Other,201,1,11,Severe,0,44,4,3,0,17.0,84.0,28.0
6387,2025-01-23 04:15:00,West,Other,339,1,16,Severe,0,40,4,3,0,44.0,101.0,33.666666666666664
6388,2025-01-23 04:20:00,Central,Police,776,2,7,Normal,0,17,4,3,0,40.0,101.0,33.666666666666664
6389,2025-01-23 04:25:00,North,Other,143,1,5,Severe,0,45,4,3,0,17.0,102.0,34.0
6390,2025-01-23 04:30:00,Central,Other,169,1,13,Normal,0,22,4,3,0,45.0,84.0,28.0
6391,2025-01-23 04:35:00,East,Medical,313,3,7,Normal,0,28,4,3,0,22.0,95.0,31.666666666666668
6392,2025-01-23 04:40:00,East,Police,353,2,29,Normal,0,15,4,3,0,28.0,65.0,21.666666666666668
6393,2025-01-23 04:45:00,South,Other,345,1,29,Normal,0,17,4,3,0,15.0,60.0,20.0
6394,2025-01-23 04:50:00,South,Medical,805,3,21,Normal,0,23,4,3,0,17.0,55.0,18.333333333333332
6395,2025-01-23 04:55:00,South,Medical,393,3,22,Normal,0,26,4,3,0,23.0,66.0,22.0
6396,2025-01-23 05:00:00,West,Police,658,2,19,Severe,0,31,5,3,0,26.0,80.0,26.666666666666668
6397,2025-01-23 05:05:00,North,Police,370,2,17,Normal,0,16,5,3,0,31.0,73.0,24.333333333333332
6398,2025-01-23 05:10:00,South,Police,305,2,6,Normal,0,23,5,3,0,16.0,70.0,23.333333333333332
6399,2025-01-23 05:15:00,West,Police,268,2,19,Normal,0,31,5,3,0,23.0,70.0,23.333333333333332
6400,2025-01-23 05:20:00,East,Other,259,1,16,Normal,0,22,5,3,0,31.0,76.0,25.333333333333332
6401,2025-01-23 05:25:00,East,Other,328,1,28,Normal,0,24,5,3,0,22.0,77.0,25.666666666666668
6402,2025-01-23 05:30:00,East,Police,769,2,16,Severe,0,47,5,3,0,24.0,93.0,31.0
6403,2025-01-23 05:35:00,South,Medical,440,3,10,Normal,1,38,5,3,0,47.0,109.0,36.333333333333336
6404,2025-01-23 05:40:00,East,Medical,362,3,22,Severe,0,38,5,3,0,38.0,123.0,41.0
6405,2025-01-23 05:45:00,South,Police,287,2,11,Normal,0,17,5,3,0,38.0,93.0,31.0
6406,2025-01-23 05:50:00,North,Police,721,2,6,Severe,0,33,5,3,0,17.0,88.0,29.333333333333332
6407,2025-01-23 05:55:00,Central,Medical,692,3,9,Normal,0,17,5,3,0,33.0,67.0,22.333333333333332
6408,2025-01-23 06:00:00,North,Fire,409,4,12,Normal,0,26,6,3,0,17.0,76.0,25.333333333333332
6409,2025-01-23 06:05:00,Central,Medical,401,3,16,Normal,1,33,6,3,0,26.0,76.0,25.333333333333332
6410,2025-01-23 06:10:00,West,Medical,719,3,29,Severe,0,44,6,3,0,33.0,103.0,34.333333333333336
6411,2025-01-23 06:15:00,Central,Medical,507,3,7,Normal,0,19,6,3,0,44.0,96.0,32.0
6412,2025-01-23 06:20:00,South,Police,552,2,5,Normal,0,16,6,3,0,19.0,79.0,26.333333333333332
6413,2025-01-23 06:25:00,Central,Medical,497,3,29,Normal,0,15,6,3,0,16.0,50.0,16.666666666666668
6414,2025-01-23 06:30:00,South,Medical,446,3,24,Normal,0,19,6,3,0,15.0,50.0,16.666666666666668
6415,2025-01-23 06:35:00,North,Other,214,1,26,Normal,0,18,6,3,0,19.0,52.0,17.333333333333332
6416,2025-01-23 06:40:00,North,Fire,555,4,7,Normal,0,20,6,3,0,18.0,57.0,19.0
6417,2025-01-23 06:45:00,West,Medical,882,3,20,Normal,0,10,6,3,0,20.0,48.0,16.0
6418,2025-01-23 06:50:00,East,Police,374,2,5,Normal,0,17,6,3,0,10.0,47.0,15.666666666666666
6419,2025-01-23 06:55:00,Central,Police,502,2,11,Normal,1,26,6,3,0,17.0,53.0,17.666666666666668
6420,2025-01-23 07:00:00,North,Other,234,1,22,Normal,0,22,7,3,0,26.0,65.0,21.666666666666668
6421,2025-01-23 07:05:00,South,Medical,697,3,18,Normal,0,18,7,3,0,22.0,66.0,22.0
6422,2025-01-23 07:10:00,East,Fire,874,4,15,Normal,0,14,7,3,0,18.0,54.0,18.0
6423,2025-01-23 07:15:00,East,Police,458,2,28,Normal,0,22,7,3,0,14.0,54.0,18.0
6424,2025-01-23 07:20:00,South,Medical,651,3,27,Normal,0,21,7,3,0,22.0,57.0,19.0
6425,2025-01-23 07:25:00,North,Other,217,1,6,Normal,0,17,7,3,0,21.0,60.0,20.0
6426,2025-01-23 07:30:00,Central,Medical,417,3,25,Normal,0,21,7,3,0,17.0,59.0,19.666666666666668
6427,2025-01-23 07:35:00,South,Medical,454,3,7,Normal,0,17,7,3,0,21.0,55.0,18.333333333333332
6428,2025-01-23 07:40:00,South,Police,222,2,12,Normal,0,20,7,3,0,17.0,58.0,19.333333333333332
6429,2025-01-23 07:45:00,South,Police,632,2,12,Normal,0,22,7,3,0,20.0,59.0,19.666666666666668
6430,2025-01-23 07:50:00,East,Police,214,2,15,Normal,0,15,7,3,0,22.0,57.0,19.0
6431,2025-01-23 07:55:00,North,Police,451,2,19,Normal,0,15,7,3,0,15.0,52.0,17.333333333333332
6432,2025-01-23 08:00:00,Central,Medical,812,3,8,Normal,0,36,8,3,0,15.0,66.0,22.0
6433,2025-01-23 08:05:00,South,Police,432,2,24,Normal,0,31,8,3,0,36.0,82.0,27.333333333333332
6434,2025-01-23 08:10:00,South,Medical,749,3,21,Normal,0,26,8,3,0,31.0,93.0,31.0
6435,2025-01-23 08:15:00,East,Fire,1025,4,7,Normal,0,33,8,3,0,26.0,90.0,30.0
6436,2025-01-23 08:20:00,West,Medical,516,3,21,Normal,0,29,8,3,0,33.0,88.0,29.333333333333332
6437,2025-01-23 08:25:00,East,Police,610,2,9,Normal,0,31,8,3,0,29.0,93.0,31.0
6438,2025-01-23 08:30:00,Central,Medical,633,3,27,Normal,0,33,8,3,0,31.0,93.0,31.0
6439,2025-01-23 08:35:00,East,Medical,797,3,11,Normal,1,48,8,3,0,33.0,112.0,37.333333333333336
6440,2025-01-23 08:40:00,Central,Medical,423,3,10,Normal,0,34,8,3,0,48.0,115.0,38.333333333333336
6441,2025-01-23 08:45:00,Central,Police,267,2,18,Normal,0,35,8,3,0,34.0,117.0,39.0
6442,2025-01-23 08:50:00,South,Police,776,2,14,Normal,0,25,8,3,0,35.0,94.0,31.333333333333332
6443,2025-01-23 08:55:00,South,Fire,930,4,5,Normal,0,37,8,3,0,25.0,97.0,32.333333333333336
6444,2025-01-23 09:00:00,Central,Other,394,1,11,Severe,0,47,9,3,0,37.0,109.0,36.333333333333336
6445,2025-01-23 09:05:00,North,Police,739,2,22,Normal,0,34,9,3,0,47.0,118.0,39.333333333333336
6446,2025-01-23 09:10:00,East,Police,366,2,11,Normal,0,32,9,3,0,34.0,113.0,37.666666666666664
6447,2025-01-23 09:15:00,Central,Medical,710,3,25,Normal,0,30,9,3,0,32.0,96.0,32.0
6448,2025-01-23 09:20:00,West,Police,762,2,12,Severe,0,52,9,3,0,30.0,114.0,38.0
6449,2025-01-23 09:25:00,West,Police,306,2,6,Normal,0,31,9,3,0,52.0,113.0,37.666666666666664
6450,2025-01-23 09:30:00,South,Medical,393,3,28,Normal,0,34,9,3,0,31.0,117.0,39.0
6451,2025-01-23 09:35:00,South,Police,600,2,8,Normal,0,31,9,3,0,34.0,96.0,32.0
6452,2025-01-23 09:40:00,East,Other,350,1,5,Normal,0,32,9,3,0,31.0,97.0,32.333333333333336
6453,2025-01-23 09:45:00,West,Medical,351,3,6,Normal,0,32,9,3,0,32.0,95.0,31.666666666666668
6454,2025-01-23 09:50:00,North,Medical,704,3,29,Normal,0,32,9,3,0,32.0,96.0,32.0
6455,2025-01-23 09:55:00,North,Medical,722,3,17,Severe,0,52,9,3,0,32.0,116.0,38.666666666666664
6456,2025-01-23 10:00:00,South,Fire,768,4,15,Normal,0,18,10,3,0,52.0,102.0,34.0
6457,2025-01-23 10:05:00,West,Police,306,2,17,Normal,0,20,10,3,0,18.0,90.0,30.0
6458,2025-01-23 10:10:00,West,Medical,812,3,9,Normal,0,24,10,3,0,20.0,62.0,20.666666666666668
6459,2025-01-23 10:15:00,Central,Police,756,2,11,Normal,0,20,10,3,0,24.0,64.0,21.333333333333332
6460,2025-01-23 10:20:00,North,Medical,703,3,13,Normal,0,17,10,3,0,20.0,61.0,20.333333333333332
6461,2025-01-23 10:25:00,Central,Police,783,2,12,Severe,1,61,10,3,0,17.0,98.0,32.666666666666664
6462,2025-01-23 10:30:00,East,Medical,850,3,20,Normal,0,21,10,3,0,61.0,99.0,33.0
6463,2025-01-23 10:35:00,West,Fire,788,4,28,Normal,0,26,10,3,0,21.0,108.0,36.0
6464,2025-01-23 10:40:00,North,Medical,408,3,6,Normal,0,20,10,3,0,26.0,67.0,22.333333333333332
6465,2025-01-23 10:45:00,East,Police,503,2,25,Normal,1,27,10,3,0,20.0,73.0,24.333333333333332
6466,2025-01-23 10:50:00,Central,Medical,474,3,24,Normal,0,18,10,3,0,27.0,65.0,21.666666666666668
6467,2025-01-23 10:55:00,North,Police,237,2,28,Normal,0,21,10,3,0,18.0,66.0,22.0
6468,2025-01-23 11:00:00,South,Police,674,2,20,Normal,0,16,11,3,0,21.0,55.0,18.333333333333332
6469,2025-01-23 11:05:00,East,Medical,728,3,20,Normal,0,18,11,3,0,16.0,55.0,18.333333333333332
6470,2025-01-23 11:10:00,North,Medical,556,3,8,Normal,0,20,11,3,0,18.0,54.0,18.0
6471,2025-01-23 11:15:00,East,Police,255,2,18,Normal,0,22,11,3,0,20.0,60.0,20.0
6472,2025-01-23 11:20:00,North,Medical,734,3,28,Normal,0,19,11,3,0,22.0,61.0,20.333333333333332
6473,2025-01-23 11:25:00,South,Medical,631,3,25,Severe,0,39,11,3,0,19.0,80.0,26.666666666666668
6474,2025-01-23 11:30:00,Central,Police,282,2,26,Normal,0,26,11,3,0,39.0,84.0,28.0
6475,2025-01-23 11:35:00,Central,Medical,784,3,15,Normal,0,17,11,3,0,26.0,82.0,27.333333333333332
6476,2025-01-23 11:40:00,West,Other,153,1,15,Normal,0,23,11,3,0,17.0,66.0,22.0
6477,2025-01-23 11:45:00,South,Police,317,2,16,Normal,0,14,11,3,0,23.0,54.0,18.0
6478,2025-01-23 11:50:00,Central,Other,286,1,8,Normal,0,25,11,3,0,14.0,62.0,20.666666666666668
6479,2025-01-23 11:55:00,South,Police,252,2,7,Severe,0,34,11,3,0,25.0,73.0,24.333333333333332
6480,2025-01-23 12:00:00,East,Medical,368,3,11,Normal,0,26,12,3,0,34.0,85.0,28.333333333333332
6481,2025-01-23 12:05:00,West,Medical,323,3,8,Normal,0,15,12,3,0,26.0,75.0,25.0
6482,2025-01-23 12:10:00,North,Fire,580,4,26,Normal,0,20,12,3,0,15.0,61.0,20.333333333333332
6483,2025-01-23 12:15:00,Central,Fire,513,4,9,Normal,0,25,12,3,0,20.0,60.0,20.0
6484,2025-01-23 12:20:00,East,Police,287,2,10,Normal,0,21,12,3,0,25.0,66.0,22.0
6485,2025-01-23 12:25:00,North,Police,496,2,14,Normal,0,22,12,3,0,21.0,68.0,22.666666666666668
6486,2025-01-23 12:30:00,South,Medical,582,3,27,Normal,0,32,12,3,0,22.0,75.0,25.0
6487,2025-01-23 12:35:00,West,Other,151,1,26,Normal,0,18,12,3,0,32.0,72.0,24.0
6488,2025-01-23 12:40:00,East,Police,325,2,25,Normal,1,34,12,3,0,18.0,84.0,28.0
6489,2025-01-23 12:45:00,Central,Police,613,2,22,Normal,0,22,12,3,0,34.0,74.0,24.666666666666668
6490,2025-01-23 12:50:00,West,Medical,657,3,13,Normal,0,16,12,3,0,22.0,72.0,24.0
6491,2025-01-23 12:55:00,West,Medical,891,3,11,Normal,0,17,12,3,0,16.0,55.0,18.333333333333332
6492,2025-01-23 13:00:00,East,Medical,621,3,7,Normal,0,11,13,3,0,17.0,44.0,14.666666666666666
6493,2025-01-23 13:05:00,Central,Police,220,2,20,Normal,0,25,13,3,0,11.0,53.0,17.666666666666668
6494,2025-01-23 13:10:00,South,Police,683,2,16,Severe,0,36,13,3,0,25.0,72.0,24.0
6495,2025-01-23 13:15:00,Central,Medical,666,3,21,Normal,0,19,13,3,0,36.0,80.0,26.666666666666668
6496,2025-01-23 13:20:00,Central,Police,254,2,23,Normal,0,15,13,3,0,19.0,70.0,23.333333333333332
6497,2025-01-23 13:25:00,East,Medical,459,3,14,Normal,0,15,13,3,0,15.0,49.0,16.333333333333332
6498,2025-01-23 13:30:00,East,Fire,563,4,22,Normal,0,19,13,3,0,15.0,49.0,16.333333333333332
6499,2025-01-23 13:35:00,South,Other,101,1,18,Normal,0,18,13,3,0,19.0,52.0,17.333333333333332
6500,2025-01-23 13:40:00,North,Other,264,1,10,Normal,0,13,13,3,0,18.0,50.0,16.666666666666668
6501,2025-01-23 13:45:00,South,Medical,709,3,24,Severe,0,42,13,3,0,13.0,73.0,24.333333333333332
6502,2025-01-23 13:50:00,West,Police,484,2,9,Severe,0,30,13,3,0,42.0,85.0,28.333333333333332
6503,2025-01-23 13:55:00,South,Police,729,2,13,Normal,0,25,13,3,0,30.0,97.0,32.333333333333336
6504,2025-01-23 14:00:00,North,Police,359,2,9,Normal,0,13,14,3,0,25.0,68.0,22.666666666666668
6505,2025-01-23 14:05:00,North,Fire,938,4,21,Normal,0,20,14,3,0,13.0,58.0,19.333333333333332
6506,2025-01-23 14:10:00,South,Medical,420,3,13,Normal,0,17,14,3,0,20.0,50.0,16.666666666666668
6507,2025-01-23 14:15:00,West,Medical,444,3,21,Normal,0,17,14,3,0,17.0,54.0,18.0
6508,2025-01-23 14:20:00,Central,Police,466,2,13,Normal,0,26,14,3,0,17.0,60.0,20.0
6509,2025-01-23 14:25:00,North,Police,336,2,8,Severe,1,58,14,3,0,26.0,101.0,33.666666666666664
6510,2025-01-23 14:30:00,East,Other,103,1,10,Normal,0,31,14,3,0,58.0,115.0,38.333333333333336
6511,2025-01-23 14:35:00,North,Other,299,1,25,Normal,0,14,14,3,0,31.0,103.0,34.333333333333336
6512,2025-01-23 14:40:00,Central,Fire,524,4,19,Normal,0,27,14,3,0,14.0,72.0,24.0
6513,2025-01-23 14:45:00,Central,Fire,569,4,22,Normal,0,21,14,3,0,27.0,62.0,20.666666666666668
6514,2025-01-23 14:50:00,Central,Police,792,2,18,Normal,0,14,14,3,0,21.0,62.0,20.666666666666668
6515,2025-01-23 14:55:00,North,Medical,587,3,29,Normal,0,17,14,3,0,14.0,52.0,17.333333333333332
6516,2025-01-23 15:00:00,North,Medical,581,3,14,Normal,0,22,15,3,0,17.0,53.0,17.666666666666668
6517,2025-01-23 15:05:00,East,Police,583,2,7,Severe,0,49,15,3,0,22.0,88.0,29.333333333333332
6518,2025-01-23 15:10:00,West,Police,537,2,8,Normal,0,19,15,3,0,49.0,90.0,30.0
6519,2025-01-23 15:15:00,West,Police,576,2,28,Normal,0,21,15,3,0,19.0,89.0,29.666666666666668
6520,2025-01-23 15:20:00,Central,Police,664,2,21,Normal,0,18,15,3,0,21.0,58.0,19.333333333333332
6521,2025-01-23 15:25:00,East,Other,208,1,28,Normal,0,19,15,3,0,18.0,58.0,19.333333333333332
6522,2025-01-23 15:30:00,North,Other,248,1,27,Normal,0,19,15,3,0,19.0,56.0,18.666666666666668
6523,2025-01-23 15:35:00,West,Medical,358,3,7,Normal,1,34,15,3,0,19.0,72.0,24.0
6524,2025-01-23 15:40:00,West,Police,347,2,8,Normal,0,12,15,3,0,34.0,65.0,21.666666666666668
6525,2025-01-23 15:45:00,West,Police,490,2,7,Normal,1,45,15,3,0,12.0,91.0,30.333333333333332
6526,2025-01-23 15:50:00,South,Medical,478,3,16,Normal,0,22,15,3,0,45.0,79.0,26.333333333333332
6527,2025-01-23 15:55:00,East,Police,409,2,18,Normal,0,21,15,3,0,22.0,88.0,29.333333333333332
6528,2025-01-23 16:00:00,South,Police,306,2,17,Normal,0,18,16,3,0,21.0,61.0,20.333333333333332
6529,2025-01-23 16:05:00,North,Police,736,2,12,Normal,0,16,16,3,0,18.0,55.0,18.333333333333332
6530,2025-01-23 16:10:00,North,Medical,673,3,17,Normal,0,26,16,3,0,16.0,60.0,20.0
6531,2025-01-23 16:15:00,Central,Police,452,2,5,Normal,0,23,16,3,0,26.0,65.0,21.666666666666668
6532,2025-01-23 16:20:00,West,Police,753,2,8,Severe,0,45,16,3,0,23.0,94.0,31.333333333333332
6533,2025-01-23 16:25:00,West,Medical,498,3,27,Normal,0,30,16,3,0,45.0,98.0,32.666666666666664
6534,2025-01-23 16:30:00,South,Police,760,2,13,Normal,0,17,16,3,0,30.0,92.0,30.666666666666668
6535,2025-01-23 16:35:00,North,Medical,369,3,17,Normal,0,25,16,3,0,17.0,72.0,24.0
6536,2025-01-23 16:40:00,North,Police,652,2,13,Normal,0,22,16,3,0,25.0,64.0,21.333333333333332
6537,2025-01-23 16:45:00,Central,Medical,546,3,11,Normal,1,31,16,3,0,22.0,78.0,26.0
6538,2025-01-23 16:50:00,Central,Fire,403,4,24,Normal,0,14,16,3,0,31.0,67.0,22.333333333333332
6539,2025-01-23 16:55:00,South,Medical,569,3,7,Normal,0,22,16,3,0,14.0,67.0,22.333333333333332
6540,2025-01-23 17:00:00,North,Medical,576,3,24,Normal,0,18,17,3,0,22.0,54.0,18.0
6541,2025-01-23 17:05:00,North,Medical,747,3,18,Normal,0,19,17,3,0,18.0,59.0,19.666666666666668
6542,2025-01-23 17:10:00,West,Police,777,2,29,Normal,0,20,17,3,0,19.0,57.0,19.0
6543,2025-01-23 17:15:00,East,Medical,442,3,18,Normal,0,22,17,3,0,20.0,61.0,20.333333333333332
6544,2025-01-23 17:20:00,Central,Medical,829,3,21,Normal,0,25,17,3,0,22.0,67.0,22.333333333333332
6545,2025-01-23 17:25:00,East,Medical,741,3,25,Normal,0,24,17,3,0,25.0,71.0,23.666666666666668
6546,2025-01-23 17:30:00,Central,Medical,463,3,19,Normal,0,19,17,3,0,24.0,68.0,22.666666666666668
6547,2025-01-23 17:35:00,South,Medical,539,3,27,Normal,0,25,17,3,0,19.0,68.0,22.666666666666668
6548,2025-01-23 17:40:00,South,Other,153,1,28,Normal,0,17,17,3,0,25.0,61.0,20.333333333333332
6549,2025-01-23 17:45:00,East,Other,245,1,10,Normal,0,20,17,3,0,17.0,62.0,20.666666666666668
6550,2025-01-23 17:50:00,West,Other,241,1,19,Normal,0,22,17,3,0,20.0,59.0,19.666666666666668
6551,2025-01-23 17:55:00,Central,Other,278,1,23,Normal,0,24,17,3,0,22.0,66.0,22.0
6552,2025-01-23 18:00:00,South,Other,342,1,7,Normal,0,28,18,3,0,24.0,74.0,24.666666666666668
6553,2025-01-23 18:05:00,North,Other,350,1,25,Normal,0,25,18,3,0,28.0,77.0,25.666666666666668
6554,2025-01-23 18:10:00,South,Medical,685,3,9,Normal,0,31,18,3,0,25.0,84.0,28.0
6555,2025-01-23 18:15:00,North,Medical,607,3,17,Normal,0,27,18,3,0,31.0,83.0,27.666666666666668
6556,2025-01-23 18:20:00,West,Police,233,2,19,Normal,0,34,18,3,0,27.0,92.0,30.666666666666668
6557,2025-01-23 18:25:00,North,Other,338,1,15,Normal,0,45,18,3,0,34.0,106.0,35.333333333333336
6558,2025-01-23 18:30:00,South,Medical,783,3,22,Normal,0,29,18,3,0,45.0,108.0,36.0
6559,2025-01-23 18:35:00,East,Police,780,2,25,Normal,0,31,18,3,0,29.0,105.0,35.0
6560,2025-01-23 18:40:00,East,Fire,1157,4,22,Normal,0,31,18,3,0,31.0,91.0,30.333333333333332
6561,2025-01-23 18:45:00,Central,Police,343,2,16,Normal,0,37,18,3,0,31.0,99.0,33.0
6562,2025-01-23 18:50:00,South,Police,638,2,20,Normal,0,28,18,3,0,37.0,96.0,32.0
6563,2025-01-23 18:55:00,South,Police,283,2,24,Normal,0,32,18,3,0,28.0,97.0,32.333333333333336
6564,2025-01-23 19:00:00,Central,Medical,530,3,8,Normal,0,35,19,3,0,32.0,95.0,31.666666666666668
6565,2025-01-23 19:05:00,Central,Other,202,1,14,Normal,0,29,19,3,0,35.0,96.0,32.0
6566,2025-01-23 19:10:00,East,Other,340,1,26,Normal,0,29,19,3,0,29.0,93.0,31.0
6567,2025-01-23 19:15:00,North,Police,436,2,17,Normal,0,36,19,3,0,29.0,94.0,31.333333333333332
6568,2025-01-23 19:20:00,Central,Medical,646,3,29,Normal,0,32,19,3,0,36.0,97.0,32.333333333333336
6569,2025-01-23 19:25:00,West,Medical,608,3,11,Normal,0,21,19,3,0,32.0,89.0,29.666666666666668
6570,2025-01-23 19:30:00,South,Police,688,2,23,Normal,0,28,19,3,0,21.0,81.0,27.0
6571,2025-01-23 19:35:00,North,Medical,865,3,23,Normal,0,33,19,3,0,28.0,82.0,27.333333333333332
6572,2025-01-23 19:40:00,West,Police,216,2,5,Severe,0,44,19,3,0,33.0,105.0,35.0
6573,2025-01-23 19:45:00,South,Police,367,2,6,Normal,0,29,19,3,0,44.0,106.0,35.333333333333336
6574,2025-01-23 19:50:00,North,Medical,460,3,22,Normal,0,23,19,3,0,29.0,96.0,32.0
6575,2025-01-23 19:55:00,East,Police,355,2,8,Severe,0,47,19,3,0,23.0,99.0,33.0
6576,2025-01-23 20:00:00,North,Police,401,2,11,Normal,0,36,20,3,0,47.0,106.0,35.333333333333336
6577,2025-01-23 20:05:00,East,Other,153,1,27,Normal,0,32,20,3,0,36.0,115.0,38.333333333333336
6578,2025-01-23 20:10:00,West,Medical,546,3,9,Normal,0,31,20,3,0,32.0,99.0,33.0
6579,2025-01-23 20:15:00,East,Police,403,2,29,Normal,0,33,20,3,0,31.0,96.0,32.0
6580,2025-01-23 20:20:00,South,Other,284,1,13,Normal,0,27,20,3,0,33.0,91.0,30.333333333333332
6581,2025-01-23 20:25:00,West,Fire,887,4,27,Normal,0,33,20,3,0,27.0,93.0,31.0
6582,2025-01-23 20:30:00,East,Other,388,1,28,Normal,0,31,20,3,0,33.0,91.0,30.333333333333332
6583,2025-01-23 20:35:00,North,Medical,790,3,5,Normal,0,33,20,3,0,31.0,97.0,32.333333333333336
6584,2025-01-23 20:40:00,East,Police,691,2,16,Normal,0,23,20,3,0,33.0,87.0,29.0
6585,2025-01-23 20:45:00,Central,Medical,699,3,7,Normal,0,25,20,3,0,23.0,81.0,27.0
6586,2025-01-23 20:50:00,East,Medical,352,3,8,Normal,0,40,20,3,0,25.0,88.0,29.333333333333332
6587,2025-01-23 20:55:00,West,Medical,538,3,10,Normal,0,33,20,3,0,40.0,98.0,32.666666666666664
6588,2025-01-23 21:00:00,West,Police,733,2,18,Normal,0,21,21,3,0,33.0,94.0,31.333333333333332
6589,2025-01-23 21:05:00,Central,Police,685,2,19,Normal,0,29,21,3,0,21.0,83.0,27.666666666666668
6590,2025-01-23 21:10:00,East,Police,368,2,14,Normal,1,33,21,3,0,29.0,83.0,27.666666666666668
6591,2025-01-23 21:15:00,South,Medical,477,3,27,Normal,0,17,21,3,0,33.0,79.0,26.333333333333332
6592,2025-01-23 21:20:00,Central,Other,353,1,26,Normal,0,21,21,3,0,17.0,71.0,23.666666666666668
6593,2025-01-23 21:25:00,West,Medical,564,3,23,Normal,0,18,21,3,0,21.0,56.0,18.666666666666668
6594,2025-01-23 21:30:00,West,Other,293,1,15,Normal,0,19,21,3,0,18.0,58.0,19.333333333333332
6595,2025-01-23 21:35:00,West,Police,597,2,19,Normal,0,22,21,3,0,19.0,59.0,19.666666666666668
6596,2025-01-23 21:40:00,West,Police,550,2,8,Normal,0,22,21,3,0,22.0,63.0,21.0
6597,2025-01-23 21:45:00,North,Fire,848,4,20,Severe,0,41,21,3,0,22.0,85.0,28.333333333333332
6598,2025-01-23 21:50:00,North,Medical,844,3,5,Normal,1,34,21,3,0,41.0,97.0,32.333333333333336
6599,2025-01-23 21:55:00,South,Police,274,2,10,Normal,0,21,21,3,0,34.0,96.0,32.0
6600,2025-01-23 22:00:00,West,Medical,454,3,17,Normal,0,20,22,3,0,21.0,75.0,25.0
6601,2025-01-23 22:05:00,Central,Police,464,2,20,Normal,0,22,22,3,0,20.0,63.0,21.0
6602,2025-01-23 22:10:00,East,Other,385,1,29,Normal,0,22,22,3,0,22.0,64.0,21.333333333333332
6603,2025-01-23 22:15:00,East,Other,335,1,9,Normal,0,22,22,3,0,22.0,66.0,22.0
6604,2025-01-23 22:20:00,North,Police,576,2,20,Normal,0,14,22,3,0,22.0,58.0,19.333333333333332
6605,2025-01-23 22:25:00,West,Fire,1026,4,5,Normal,0,29,22,3,0,14.0,65.0,21.666666666666668
6606,2025-01-23 22:30:00,North,Medical,431,3,24,Normal,0,12,22,3,0,29.0,55.0,18.333333333333332
6607,2025-01-23 22:35:00,South,Police,314,2,20,Normal,0,26,22,3,0,12.0,67.0,22.333333333333332
6608,2025-01-23 22:40:00,West,Police,370,2,14,Normal,0,29,22,3,0,26.0,67.0,22.333333333333332
6609,2025-01-23 22:45:00,Central,Medical,429,3,8,Normal,0,20,22,3,0,29.0,75.0,25.0
6610,2025-01-23 22:50:00,Central,Police,518,2,18,Normal,0,24,22,3,0,20.0,73.0,24.333333333333332
6611,2025-01-23 22:55:00,West,Medical,783,3,14,Normal,0,16,22,3,0,24.0,60.0,20.0
6612,2025-01-23 23:00:00,East,Fire,476,4,14,Normal,0,16,23,3,0,16.0,56.0,18.666666666666668
6613,2025-01-23 23:05:00,West,Police,326,2,13,Normal,0,15,23,3,0,16.0,47.0,15.666666666666666
6614,2025-01-23 23:10:00,East,Other,167,1,12,Normal,0,16,23,3,0,15.0,47.0,15.666666666666666
6615,2025-01-23 23:15:00,South,Police,528,2,15,Normal,0,19,23,3,0,16.0,50.0,16.666666666666668
6616,2025-01-23 23:20:00,South,Medical,837,3,26,Normal,0,22,23,3,0,19.0,57.0,19.0
6617,2025-01-23 23:25:00,West,Police,487,2,25,Normal,0,21,23,3,0,22.0,62.0,20.666666666666668
6618,2025-01-23 23:30:00,West,Medical,498,3,8,Normal,0,31,23,3,0,21.0,74.0,24.666666666666668
6619,2025-01-23 23:35:00,North,Medical,617,3,20,Normal,0,18,23,3,0,31.0,70.0,23.333333333333332
6620,2025-01-23 23:40:00,East,Medical,768,3,11,Normal,0,19,23,3,0,18.0,68.0,22.666666666666668
6621,2025-01-23 23:45:00,North,Police,472,2,25,Normal,0,15,23,3,0,19.0,52.0,17.333333333333332
6622,2025-01-23 23:50:00,South,Medical,878,3,7,Normal,0,24,23,3,0,15.0,58.0,19.333333333333332
6623,2025-01-23 23:55:00,East,Police,410,2,5,Normal,0,24,23,3,0,24.0,63.0,21.0
6624,2025-01-24 00:00:00,South,Other,133,1,14,Normal,0,22,0,4,0,24.0,70.0,23.333333333333332
6625,2025-01-24 00:05:00,North,Police,526,2,19,Normal,0,17,0,4,0,22.0,63.0,21.0
6626,2025-01-24 00:10:00,North,Other,233,1,22,Normal,1,27,0,4,0,17.0,66.0,22.0
6627,2025-01-24 00:15:00,East,Police,762,2,20,Normal,0,18,0,4,0,27.0,62.0,20.666666666666668
6628,2025-01-24 00:20:00,West,Medical,426,3,11,Severe,0,39,0,4,0,18.0,84.0,28.0
6629,2025-01-24 00:25:00,North,Police,626,2,28,Severe,0,43,0,4,0,39.0,100.0,33.333333333333336
6630,2025-01-24 00:30:00,West,Medical,795,3,21,Normal,0,17,0,4,0,43.0,99.0,33.0
6631,2025-01-24 00:35:00,West,Other,370,1,6,Normal,0,13,0,4,0,17.0,73.0,24.333333333333332
6632,2025-01-24 00:40:00,North,Other,395,1,19,Normal,0,18,0,4,0,13.0,48.0,16.0
6633,2025-01-24 00:45:00,Central,Medical,837,3,10,Normal,0,29,0,4,0,18.0,60.0,20.0
6634,2025-01-24 00:50:00,North,Police,457,2,7,Normal,0,23,0,4,0,29.0,70.0,23.333333333333332
6635,2025-01-24 00:55:00,South,Other,176,1,10,Normal,0,26,0,4,0,23.0,78.0,26.0
6636,2025-01-24 01:00:00,West,Other,338,1,21,Normal,0,18,1,4,0,26.0,67.0,22.333333333333332
6637,2025-01-24 01:05:00,South,Police,556,2,11,Normal,0,19,1,4,0,18.0,63.0,21.0
6638,2025-01-24 01:10:00,Central,Medical,415,3,11,Normal,0,28,1,4,0,19.0,65.0,21.666666666666668
6639,2025-01-24 01:15:00,East,Medical,864,3,6,Normal,0,23,1,4,0,28.0,70.0,23.333333333333332
6640,2025-01-24 01:20:00,North,Fire,630,4,22,Normal,0,24,1,4,0,23.0,75.0,25.0
6641,2025-01-24 01:25:00,Central,Medical,371,3,14,Normal,0,26,1,4,0,24.0,73.0,24.333333333333332
6642,2025-01-24 01:30:00,Central,Other,237,1,12,Normal,0,25,1,4,0,26.0,75.0,25.0
6643,2025-01-24 01:35:00,Central,Other,320,1,16,Normal,0,20,1,4,0,25.0,71.0,23.666666666666668
6644,2025-01-24 01:40:00,West,Police,775,2,18,Normal,0,19,1,4,0,20.0,64.0,21.333333333333332
6645,2025-01-24 01:45:00,West,Police,296,2,12,Normal,0,22,1,4,0,19.0,61.0,20.333333333333332
6646,2025-01-24 01:50:00,East,Medical,361,3,9,Normal,0,19,1,4,0,22.0,60.0,20.0
6647,2025-01-24 01:55:00,North,Police,340,2,21,Normal,0,25,1,4,0,19.0,66.0,22.0
6648,2025-01-24 02:00:00,Central,Police,640,2,7,Normal,0,24,2,4,0,25.0,68.0,22.666666666666668
6649,2025-01-24 02:05:00,North,Fire,801,4,14,Normal,0,25,2,4,0,24.0,74.0,24.666666666666668
6650,2025-01-24 02:10:00,Central,Other,170,1,27,Severe,0,51,2,4,0,25.0,100.0,33.333333333333336
6651,2025-01-24 02:15:00,South,Police,439,2,16,Normal,1,34,2,4,0,51.0,110.0,36.666666666666664
6652,2025-01-24 02:20:00,South,Other,118,1,18,Normal,0,18,2,4,0,34.0,103.0,34.333333333333336
6653,2025-01-24 02:25:00,South,Fire,774,4,10,Severe,0,47,2,4,0,18.0,99.0,33.0
6654,2025-01-24 02:30:00,East,Other,160,1,16,Normal,0,22,2,4,0,47.0,87.0,29.0
6655,2025-01-24 02:35:00,West,Fire,427,4,18,Normal,0,25,2,4,0,22.0,94.0,31.333333333333332
6656,2025-01-24 02:40:00,West,Police,413,2,24,Normal,0,23,2,4,0,25.0,70.0,23.333333333333332
6657,2025-01-24 02:45:00,West,Police,525,2,28,Normal,0,11,2,4,0,23.0,59.0,19.666666666666668
6658,2025-01-24 02:50:00,South,Medical,525,3,7,Normal,0,18,2,4,0,11.0,52.0,17.333333333333332
6659,2025-01-24 02:55:00,North,Other,329,1,8,Normal,0,21,2,4,0,18.0,50.0,16.666666666666668
6660,2025-01-24 03:00:00,South,Other,123,1,11,Normal,0,18,3,4,0,21.0,57.0,19.0
6661,2025-01-24 03:05:00,North,Medical,717,3,5,Severe,0,35,3,4,0,18.0,74.0,24.666666666666668
6662,2025-01-24 03:10:00,Central,Fire,1065,4,17,Normal,0,19,3,4,0,35.0,72.0,24.0
6663,2025-01-24 03:15:00,Central,Police,679,2,8,Normal,0,15,3,4,0,19.0,69.0,23.0
6664,2025-01-24 03:20:00,South,Other,167,1,13,Normal,0,15,3,4,0,15.0,49.0,16.333333333333332
6665,2025-01-24 03:25:00,East,Police,268,2,27,Normal,0,25,3,4,0,15.0,55.0,18.333333333333332
6666,2025-01-24 03:30:00,West,Police,350,2,5,Normal,0,19,3,4,0,25.0,59.0,19.666666666666668
6667,2025-01-24 03:35:00,Central,Medical,381,3,24,Normal,0,29,3,4,0,19.0,73.0,24.333333333333332
6668,2025-01-24 03:40:00,South,Other,225,1,25,Normal,0,19,3,4,0,29.0,67.0,22.333333333333332
6669,2025-01-24 03:45:00,South,Fire,1147,4,12,Normal,0,13,3,4,0,19.0,61.0,20.333333333333332
6670,2025-01-24 03:50:00,South,Police,201,2,11,Normal,0,15,3,4,0,13.0,47.0,15.666666666666666
6671,2025-01-24 03:55:00,North,Other,189,1,22,Normal,0,17,3,4,0,15.0,45.0,15.0
6672,2025-01-24 04:00:00,Central,Medical,624,3,9,Normal,0,19,4,4,0,17.0,51.0,17.0
6673,2025-01-24 04:05:00,North,Fire,1070,4,10,Normal,0,30,4,4,0,19.0,66.0,22.0
6674,2025-01-24 04:10:00,East,Medical,764,3,5,Normal,0,14,4,4,0,30.0,63.0,21.0
6675,2025-01-24 04:15:00,South,Other,165,1,11,Normal,0,14,4,4,0,14.0,58.0,19.333333333333332
6676,2025-01-24 04:20:00,Central,Medical,765,3,8,Normal,0,16,4,4,0,14.0,44.0,14.666666666666666
6677,2025-01-24 04:25:00,Central,Medical,760,3,15,Normal,0,19,4,4,0,16.0,49.0,16.333333333333332
6678,2025-01-24 04:30:00,North,Fire,840,4,5,Normal,0,23,4,4,0,19.0,58.0,19.333333333333332
6679,2025-01-24 04:35:00,Central,Fire,1105,4,17,Normal,0,18,4,4,0,23.0,60.0,20.0
6680,2025-01-24 04:40:00,West,Medical,855,3,17,Normal,0,19,4,4,0,18.0,60.0,20.0
6681,2025-01-24 04:45:00,East,Fire,455,4,13,Normal,0,7,4,4,0,19.0,44.0,14.666666666666666
6682,2025-01-24 04:50:00,South,Medical,636,3,16,Normal,0,23,4,4,0,7.0,49.0,16.333333333333332
6683,2025-01-24 04:55:00,West,Fire,761,4,20,Normal,0,18,4,4,0,23.0,48.0,16.0
6684,2025-01-24 05:00:00,North,Medical,876,3,17,Normal,0,18,5,4,0,18.0,59.0,19.666666666666668
6685,2025-01-24 05:05:00,East,Medical,807,3,11,Severe,0,38,5,4,0,18.0,74.0,24.666666666666668
6686,2025-01-24 05:10:00,North,Medical,612,3,10,Normal,0,11,5,4,0,38.0,67.0,22.333333333333332
6687,2025-01-24 05:15:00,West,Police,253,2,8,Normal,0,19,5,4,0,11.0,68.0,22.666666666666668
6688,2025-01-24 05:20:00,East,Police,584,2,17,Normal,1,26,5,4,0,19.0,56.0,18.666666666666668
6689,2025-01-24 05:25:00,South,Medical,664,3,21,Normal,1,32,5,4,0,26.0,77.0,25.666666666666668
6690,2025-01-24 05:30:00,East,Medical,542,3,22,Severe,0,32,5,4,0,32.0,90.0,30.0
6691,2025-01-24 05:35:00,North,Medical,785,3,11,Normal,0,22,5,4,0,32.0,86.0,28.666666666666668
6692,2025-01-24 05:40:00,East,Medical,830,3,7,Normal,0,18,5,4,0,22.0,72.0,24.0
6693,2025-01-24 05:45:00,West,Police,552,2,24,Normal,0,21,5,4,0,18.0,61.0,20.333333333333332
6694,2025-01-24 05:50:00,North,Medical,701,3,25,Normal,0,22,5,4,0,21.0,61.0,20.333333333333332
6695,2025-01-24 05:55:00,Central,Fire,707,4,9,Normal,0,19,5,4,0,22.0,62.0,20.666666666666668
6696,2025-01-24 06:00:00,East,Police,265,2,29,Normal,0,23,6,4,0,19.0,64.0,21.333333333333332
6697,2025-01-24 06:05:00,East,Police,459,2,21,Normal,0,18,6,4,0,23.0,60.0,20.0
6698,2025-01-24 06:10:00,North,Medical,444,3,19,Normal,1,33,6,4,0,18.0,74.0,24.666666666666668
6699,2025-01-24 06:15:00,North,Police,245,2,19,Normal,0,24,6,4,0,33.0,75.0,25.0
6700,2025-01-24 06:20:00,Central,Other,367,1,21,Normal,0,26,6,4,0,24.0,83.0,27.666666666666668
6701,2025-01-24 06:25:00,Central,Other,148,1,25,Normal,0,21,6,4,0,26.0,71.0,23.666666666666668
6702,2025-01-24 06:30:00,South,Fire,1068,4,21,Normal,0,27,6,4,0,21.0,74.0,24.666666666666668
6703,2025-01-24 06:35:00,West,Police,652,2,20,Normal,1,29,6,4,0,27.0,77.0,25.666666666666668
6704,2025-01-24 06:40:00,West,Police,501,2,12,Normal,0,21,6,4,0,29.0,77.0,25.666666666666668
6705,2025-01-24 06:45:00,West,Medical,874,3,22,Normal,0,19,6,4,0,21.0,69.0,23.0
6706,2025-01-24 06:50:00,North,Police,521,2,23,Normal,0,14,6,4,0,19.0,54.0,18.0
6707,2025-01-24 06:55:00,North,Police,284,2,26,Normal,0,13,6,4,0,14.0,46.0,15.333333333333334
6708,2025-01-24 07:00:00,West,Medical,598,3,25,Severe,0,39,7,4,0,13.0,66.0,22.0
6709,2025-01-24 07:05:00,East,Other,364,1,18,Normal,0,22,7,4,0,39.0,74.0,24.666666666666668
6710,2025-01-24 07:10:00,West,Medical,584,3,22,Normal,0,26,7,4,0,22.0,87.0,29.0
6711,2025-01-24 07:15:00,East,Medical,632,3,24,Normal,0,20,7,4,0,26.0,68.0,22.666666666666668
6712,2025-01-24 07:20:00,West,Police,363,2,12,Normal,0,15,7,4,0,20.0,61.0,20.333333333333332
6713,2025-01-24 07:25:00,East,Medical,766,3,24,Normal,0,27,7,4,0,15.0,62.0,20.666666666666668
6714,2025-01-24 07:30:00,Central,Medical,546,3,26,Normal,0,16,7,4,0,27.0,58.0,19.333333333333332
6715,2025-01-24 07:35:00,West,Police,504,2,28,Normal,0,16,7,4,0,16.0,59.0,19.666666666666668
6716,2025-01-24 07:40:00,East,Police,564,2,9,Normal,1,34,7,4,0,16.0,66.0,22.0
6717,2025-01-24 07:45:00,West,Police,510,2,26,Normal,0,20,7,4,0,34.0,70.0,23.333333333333332
6718,2025-01-24 07:50:00,West,Police,253,2,13,Normal,0,23,7,4,0,20.0,77.0,25.666666666666668
6719,2025-01-24 07:55:00,West,Medical,798,3,7,Normal,0,17,7,4,0,23.0,60.0,20.0
6720,2025-01-24 08:00:00,East,Other,158,1,14,Normal,0,34,8,4,0,17.0,74.0,24.666666666666668
6721,2025-01-24 08:05:00,Central,Police,735,2,11,Normal,0,28,8,4,0,34.0,79.0,26.333333333333332
6722,2025-01-24 08:10:00,North,Other,304,1,17,Normal,0,31,8,4,0,28.0,93.0,31.0
6723,2025-01-24 08:15:00,North,Medical,735,3,11,Normal,0,27,8,4,0,31.0,86.0,28.666666666666668
6724,2025-01-24 08:20:00,Central,Police,228,2,22,Normal,0,24,8,4,0,27.0,82.0,27.333333333333332
6725,2025-01-24 08:25:00,Central,Police,626,2,17,Normal,0,39,8,4,0,24.0,90.0,30.0
6726,2025-01-24 08:30:00,West,Fire,1144,4,29,Normal,0,29,8,4,0,39.0,92.0,30.666666666666668
6727,2025-01-24 08:35:00,North,Other,101,1,19,Normal,0,37,8,4,0,29.0,105.0,35.0
6728,2025-01-24 08:40:00,West,Medical,623,3,23,Normal,0,37,8,4,0,37.0,103.0,34.333333333333336
6729,2025-01-24 08:45:00,East,Medical,335,3,5,Normal,0,32,8,4,0,37.0,106.0,35.333333333333336
6730,2025-01-24 08:50:00,South,Police,427,2,21,Normal,0,31,8,4,0,32.0,100.0,33.333333333333336
6731,2025-01-24 08:55:00,West,Police,264,2,25,Normal,0,37,8,4,0,31.0,100.0,33.333333333333336
6732,2025-01-24 09:00:00,West,Medical,605,3,12,Normal,0,21,9,4,0,37.0,89.0,29.666666666666668
6733,2025-01-24 09:05:00,South,Medical,795,3,11,Normal,0,25,9,4,0,21.0,83.0,27.666666666666668
6734,2025-01-24 09:10:00,South,Police,707,2,27,Normal,0,36,9,4,0,25.0,82.0,27.333333333333332
6735,2025-01-24 09:15:00,East,Police,727,2,10,Normal,0,27,9,4,0,36.0,88.0,29.333333333333332
6736,2025-01-24 09:20:00,South,Police,611,2,25,Normal,0,33,9,4,0,27.0,96.0,32.0
6737,2025-01-24 09:25:00,North,Medical,678,3,6,Normal,0,32,9,4,0,33.0,92.0,30.666666666666668
6738,2025-01-24 09:30:00,North,Fire,1084,4,24,Normal,0,40,9,4,0,32.0,105.0,35.0
6739,2025-01-24 09:35:00,Central,Police,356,2,5,Normal,0,28,9,4,0,40.0,100.0,33.333333333333336
6740,2025-01-24 09:40:00,East,Police,430,2,13,Normal,0,27,9,4,0,28.0,95.0,31.666666666666668
6741,2025-01-24 09:45:00,West,Medical,424,3,25,Normal,0,36,9,4,0,27.0,91.0,30.333333333333332
6742,2025-01-24 09:50:00,East,Police,562,2,26,Normal,0,32,9,4,0,36.0,95.0,31.666666666666668
6743,2025-01-24 09:55:00,East,Police,488,2,8,Normal,0,34,9,4,0,32.0,102.0,34.0
6744,2025-01-24 10:00:00,West,Medical,347,3,9,Severe,0,45,10,4,0,34.0,111.0,37.0
6745,2025-01-24 10:05:00,South,Medical,767,3,27,Normal,0,24,10,4,0,45.0,103.0,34.333333333333336
6746,2025-01-24 10:10:00,North,Medical,663,3,9,Severe,1,61,10,4,0,24.0,130.0,43.333333333333336
6747,2025-01-24 10:15:00,South,Police,626,2,18,Severe,0,39,10,4,0,61.0,124.0,41.333333333333336
6748,2025-01-24 10:20:00,Central,Other,384,1,26,Normal,0,22,10,4,0,39.0,122.0,40.666666666666664
6749,2025-01-24 10:25:00,West,Medical,531,3,7,Normal,0,23,10,4,0,22.0,84.0,28.0
6750,2025-01-24 10:30:00,East,Police,250,2,28,Normal,0,15,10,4,0,23.0,60.0,20.0
6751,2025-01-24 10:35:00,West,Medical,821,3,13,Normal,0,19,10,4,0,15.0,57.0,19.0
6752,2025-01-24 10:40:00,South,Police,394,2,14,Normal,0,16,10,4,0,19.0,50.0,16.666666666666668
6753,2025-01-24 10:45:00,South,Other,150,1,27,Severe,0,41,10,4,0,16.0,76.0,25.333333333333332
6754,2025-01-24 10:50:00,South,Fire,761,4,20,Normal,0,23,10,4,0,41.0,80.0,26.666666666666668
6755,2025-01-24 10:55:00,West,Police,669,2,5,Normal,0,19,10,4,0,23.0,83.0,27.666666666666668
6756,2025-01-24 11:00:00,North,Police,399,2,9,Normal,0,13,11,4,0,19.0,55.0,18.333333333333332
6757,2025-01-24 11:05:00,West,Other,246,1,23,Severe,0,31,11,4,0,13.0,63.0,21.0
6758,2025-01-24 11:10:00,West,Police,704,2,18,Normal,0,11,11,4,0,31.0,55.0,18.333333333333332
6759,2025-01-24 11:15:00,North,Police,568,2,16,Normal,1,31,11,4,0,11.0,73.0,24.333333333333332
6760,2025-01-24 11:20:00,West,Other,333,1,8,Normal,0,17,11,4,0,31.0,59.0,19.666666666666668
6761,2025-01-24 11:25:00,North,Police,723,2,24,Normal,0,22,11,4,0,17.0,70.0,23.333333333333332
6762,2025-01-24 11:30:00,East,Other,215,1,22,Normal,0,18,11,4,0,22.0,57.0,19.0
6763,2025-01-24 11:35:00,South,Medical,635,3,6,Normal,0,20,11,4,0,18.0,60.0,20.0
6764,2025-01-24 11:40:00,Central,Medical,825,3,16,Normal,0,17,11,4,0,20.0,55.0,18.333333333333332
6765,2025-01-24 11:45:00,South,Medical,670,3,21,Normal,0,25,11,4,0,17.0,62.0,20.666666666666668
6766,2025-01-24 11:50:00,North,Other,359,1,16,Severe,0,36,11,4,0,25.0,78.0,26.0
6767,2025-01-24 11:55:00,South,Medical,867,3,13,Normal,0,26,11,4,0,36.0,87.0,29.0
6768,2025-01-24 12:00:00,Central,Police,436,2,25,Normal,0,24,12,4,0,26.0,86.0,28.666666666666668
6769,2025-01-24 12:05:00,North,Other,391,1,5,Normal,0,16,12,4,0,24.0,66.0,22.0
6770,2025-01-24 12:10:00,South,Medical,670,3,15,Normal,0,15,12,4,0,16.0,55.0,18.333333333333332
6771,2025-01-24 12:15:00,South,Medical,317,3,22,Normal,0,19,12,4,0,15.0,50.0,16.666666666666668
6772,2025-01-24 12:20:00,North,Medical,807,3,18,Normal,0,19,12,4,0,19.0,53.0,17.666666666666668
6773,2025-01-24 12:25:00,North,Medical,453,3,23,Normal,0,21,12,4,0,19.0,59.0,19.666666666666668
6774,2025-01-24 12:30:00,South,Medical,704,3,16,Normal,0,14,12,4,0,21.0,54.0,18.0
6775,2025-01-24 12:35:00,Central,Medical,798,3,28,Normal,0,19,12,4,0,14.0,54.0,18.0
6776,2025-01-24 12:40:00,West,Police,546,2,19,Normal,0,10,12,4,0,19.0,43.0,14.333333333333334
6777,2025-01-24 12:45:00,West,Police,357,2,29,Normal,0,19,12,4,0,10.0,48.0,16.0
6778,2025-01-24 12:50:00,Central,Fire,494,4,29,Normal,0,12,12,4,0,19.0,41.0,13.666666666666666
6779,2025-01-24 12:55:00,East,Other,173,1,23,Severe,0,40,12,4,0,12.0,71.0,23.666666666666668
6780,2025-01-24 13:00:00,South,Other,306,1,6,Severe,0,38,13,4,0,40.0,90.0,30.0
6781,2025-01-24 13:05:00,West,Police,624,2,19,Normal,0,24,13,4,0,38.0,102.0,34.0
6782,2025-01-24 13:10:00,East,Police,392,2,18,Normal,0,21,13,4,0,24.0,83.0,27.666666666666668
6783,2025-01-24 13:15:00,South,Other,312,1,28,Normal,0,19,13,4,0,21.0,64.0,21.333333333333332
6784,2025-01-24 13:20:00,East,Other,264,1,17,Normal,0,19,13,4,0,19.0,59.0,19.666666666666668
6785,2025-01-24 13:25:00,North,Police,668,2,25,Normal,0,25,13,4,0,19.0,63.0,21.0
6786,2025-01-24 13:30:00,Central,Medical,689,3,22,Normal,0,15,13,4,0,25.0,59.0,19.666666666666668
6787,2025-01-24 13:35:00,West,Medical,405,3,12,Normal,0,9,13,4,0,15.0,49.0,16.333333333333332
6788,2025-01-24 13:40:00,West,Medical,463,3,22,Normal,0,18,13,4,0,9.0,42.0,14.0
6789,2025-01-24 13:45:00,West,Other,171,1,28,Normal,0,17,13,4,0,18.0,44.0,14.666666666666666
6790,2025-01-24 13:50:00,East,Medical,730,3,23,Normal,1,37,13,4,0,17.0,72.0,24.0
6791,2025-01-24 13:55:00,Central,Medical,720,3,14,Normal,0,28,13,4,0,37.0,82.0,27.333333333333332
6792,2025-01-24 14:00:00,North,Medical,896,3,13,Normal,0,16,14,4,0,28.0,81.0,27.0
6793,2025-01-24 14:05:00,South,Police,306,2,5,Normal,0,24,14,4,0,16.0,68.0,22.666666666666668
6794,2025-01-24 14:10:00,Central,Police,769,2,26,Normal,1,33,14,4,0,24.0,73.0,24.333333333333332
6795,2025-01-24 14:15:00,South,Fire,729,4,29,Normal,0,25,14,4,0,33.0,82.0,27.333333333333332
6796,2025-01-24 14:20:00,North,Other,271,1,28,Severe,0,38,14,4,0,25.0,96.0,32.0
6797,2025-01-24 14:25:00,East,Police,657,2,18,Normal,0,19,14,4,0,38.0,82.0,27.333333333333332
6798,2025-01-24 14:30:00,West,Other,269,1,21,Normal,0,22,14,4,0,19.0,79.0,26.333333333333332
6799,2025-01-24 14:35:00,Central,Police,774,2,19,Normal,0,27,14,4,0,22.0,68.0,22.666666666666668
6800,2025-01-24 14:40:00,South,Other,118,1,22,Normal,0,20,14,4,0,27.0,69.0,23.0
6801,2025-01-24 14:45:00,West,Police,636,2,10,Normal,0,21,14,4,0,20.0,68.0,22.666666666666668
6802,2025-01-24 14:50:00,South,Medical,571,3,7,Normal,0,16,14,4,0,21.0,57.0,19.0
6803,2025-01-24 14:55:00,East,Police,583,2,23,Normal,0,19,14,4,0,16.0,56.0,18.666666666666668
6804,2025-01-24 15:00:00,North,Police,274,2,19,Normal,0,11,15,4,0,19.0,46.0,15.333333333333334
6805,2025-01-24 15:05:00,East,Fire,1119,4,27,Normal,0,21,15,4,0,11.0,51.0,17.0
6806,2025-01-24 15:10:00,West,Medical,861,3,17,Severe,0,33,15,4,0,21.0,65.0,21.666666666666668
6807,2025-01-24 15:15:00,South,Medical,756,3,27,Normal,0,20,15,4,0,33.0,74.0,24.666666666666668
6808,2025-01-24 15:20:00,West,Medical,785,3,16,Normal,0,21,15,4,0,20.0,74.0,24.666666666666668
6809,2025-01-24 15:25:00,East,Medical,349,3,18,Normal,0,20,15,4,0,21.0,61.0,20.333333333333332
6810,2025-01-24 15:30:00,East,Fire,566,4,15,Normal,0,15,15,4,0,20.0,56.0,18.666666666666668
6811,2025-01-24 15:35:00,South,Medical,671,3,7,Severe,0,46,15,4,0,15.0,81.0,27.0
6812,2025-01-24 15:40:00,North,Police,626,2,8,Normal,0,27,15,4,0,46.0,88.0,29.333333333333332
6813,2025-01-24 15:45:00,South,Other,381,1,23,Normal,0,21,15,4,0,27.0,94.0,31.333333333333332
6814,2025-01-24 15:50:00,West,Police,427,2,7,Normal,0,18,15,4,0,21.0,66.0,22.0
6815,2025-01-24 15:55:00,West,Medical,606,3,5,Severe,0,29,15,4,0,18.0,68.0,22.666666666666668
6816,2025-01-24 16:00:00,North,Police,322,2,9,Normal,0,16,16,4,0,29.0,63.0,21.0
6817,2025-01-24 16:05:00,West,Medical,643,3,18,Normal,1,35,16,4,0,16.0,80.0,26.666666666666668
6818,2025-01-24 16:10:00,Central,Medical,446,3,11,Normal,0,23,16,4,0,35.0,74.0,24.666666666666668
6819,2025-01-24 16:15:00,South,Medical,813,3,19,Normal,1,27,16,4,0,23.0,85.0,28.333333333333332
6820,2025-01-24 16:20:00,Central,Police,347,2,19,Normal,0,22,16,4,0,27.0,72.0,24.0
6821,2025-01-24 16:25:00,South,Fire,801,4,24,Normal,0,21,16,4,0,22.0,70.0,23.333333333333332
6822,2025-01-24 16:30:00,Central,Medical,829,3,7,Severe,0,41,16,4,0,21.0,84.0,28.0
6823,2025-01-24 16:35:00,West,Medical,345,3,19,Severe,0,44,16,4,0,41.0,106.0,35.333333333333336
6824,2025-01-24 16:40:00,West,Police,425,2,12,Normal,0,20,16,4,0,44.0,105.0,35.0
6825,2025-01-24 16:45:00,Central,Police,288,2,25,Normal,0,21,16,4,0,20.0,85.0,28.333333333333332
6826,2025-01-24 16:50:00,South,Police,265,2,22,Normal,0,14,16,4,0,21.0,55.0,18.333333333333332
6827,2025-01-24 16:55:00,East,Fire,799,4,8,Normal,0,16,16,4,0,14.0,51.0,17.0
6828,2025-01-24 17:00:00,West,Police,298,2,19,Normal,0,20,17,4,0,16.0,50.0,16.666666666666668
6829,2025-01-24 17:05:00,North,Other,186,1,19,Normal,0,13,17,4,0,20.0,49.0,16.333333333333332
6830,2025-01-24 17:10:00,South,Medical,707,3,27,Normal,0,14,17,4,0,13.0,47.0,15.666666666666666
6831,2025-01-24 17:15:00,West,Medical,827,3,28,Normal,0,23,17,4,0,14.0,50.0,16.666666666666668
6832,2025-01-24 17:20:00,South,Police,742,2,10,Normal,0,24,17,4,0,23.0,61.0,20.333333333333332
6833,2025-01-24 17:25:00,North,Police,652,2,7,Normal,0,23,17,4,0,24.0,70.0,23.333333333333332
6834,2025-01-24 17:30:00,East,Medical,579,3,7,Normal,0,22,17,4,0,23.0,69.0,23.0
6835,2025-01-24 17:35:00,West,Medical,443,3,18,Normal,0,21,17,4,0,22.0,66.0,22.0
6836,2025-01-24 17:40:00,West,Fire,640,4,22,Normal,0,19,17,4,0,21.0,62.0,20.666666666666668
6837,2025-01-24 17:45:00,East,Medical,648,3,23,Normal,0,22,17,4,0,19.0,62.0,20.666666666666668
6838,2025-01-24 17:50:00,North,Fire,711,4,11,Normal,0,26,17,4,0,22.0,67.0,22.333333333333332
6839,2025-01-24 17:55:00,North,Police,205,2,14,Normal,0,21,17,4,0,26.0,69.0,23.0
6840,2025-01-24 18:00:00,East,Police,275,2,25,Normal,0,36,18,4,0,21.0,83.0,27.666666666666668
6841,2025-01-24 18:05:00,Central,Other,396,1,23,Normal,0,41,18,4,0,36.0,98.0,32.666666666666664
6842,2025-01-24 18:10:00,Central,Medical,437,3,26,Severe,0,37,18,4,0,41.0,114.0,38.0
6843,2025-01-24 18:15:00,North,Fire,1155,4,13,Normal,0,44,18,4,0,37.0,122.0,40.666666666666664
6844,2025-01-24 18:20:00,Central,Medical,834,3,9,Normal,0,37,18,4,0,44.0,118.0,39.333333333333336
6845,2025-01-24 18:25:00,East,Fire,1086,4,8,Normal,0,31,18,4,0,37.0,112.0,37.333333333333336
6846,2025-01-24 18:30:00,North,Fire,1148,4,14,Normal,0,30,18,4,0,31.0,98.0,32.666666666666664
6847,2025-01-24 18:35:00,South,Fire,803,4,11,Normal,0,31,18,4,0,30.0,92.0,30.666666666666668
6848,2025-01-24 18:40:00,West,Fire,437,4,25,Normal,0,30,18,4,0,31.0,91.0,30.333333333333332
6849,2025-01-24 18:45:00,West,Medical,577,3,9,Normal,0,46,18,4,0,30.0,107.0,35.666666666666664
6850,2025-01-24 18:50:00,North,Fire,557,4,13,Normal,1,51,18,4,0,46.0,127.0,42.333333333333336
6851,2025-01-24 18:55:00,West,Police,434,2,22,Normal,0,27,18,4,0,51.0,124.0,41.333333333333336
6852,2025-01-24 19:00:00,East,Other,290,1,14,Normal,0,39,19,4,0,27.0,117.0,39.0
6853,2025-01-24 19:05:00,South,Medical,368,3,23,Normal,0,37,19,4,0,39.0,103.0,34.333333333333336
6854,2025-01-24 19:10:00,North,Fire,413,4,7,Normal,0,35,19,4,0,37.0,111.0,37.0
6855,2025-01-24 19:15:00,South,Medical,794,3,23,Severe,0,35,19,4,0,35.0,107.0,35.666666666666664
6856,2025-01-24 19:20:00,Central,Police,440,2,8,Normal,0,36,19,4,0,35.0,106.0,35.333333333333336
6857,2025-01-24 19:25:00,North,Medical,875,3,25,Normal,0,35,19,4,0,36.0,106.0,35.333333333333336
6858,2025-01-24 19:30:00,East,Police,315,2,15,Normal,0,27,19,4,0,35.0,98.0,32.666666666666664
6859,2025-01-24 19:35:00,West,Other,239,1,7,Normal,0,30,19,4,0,27.0,92.0,30.666666666666668
6860,2025-01-24 19:40:00,Central,Other,110,1,16,Normal,0,32,19,4,0,30.0,89.0,29.666666666666668
6861,2025-01-24 19:45:00,North,Medical,803,3,25,Normal,0,27,19,4,0,32.0,89.0,29.666666666666668
6862,2025-01-24 19:50:00,East,Medical,332,3,15,Normal,0,32,19,4,0,27.0,91.0,30.333333333333332
6863,2025-01-24 19:55:00,North,Police,444,2,13,Normal,0,33,19,4,0,32.0,92.0,30.666666666666668
6864,2025-01-24 20:00:00,East,Other,239,1,7,Normal,0,28,20,4,0,33.0,93.0,31.0
6865,2025-01-24 20:05:00,North,Other,186,1,24,Normal,0,28,20,4,0,28.0,89.0,29.666666666666668
6866,2025-01-24 20:10:00,North,Medical,393,3,7,Normal,0,33,20,4,0,28.0,89.0,29.666666666666668
6867,2025-01-24 20:15:00,Central,Medical,520,3,14,Normal,0,23,20,4,0,33.0,84.0,28.0
6868,2025-01-24 20:20:00,East,Other,312,1,18,Normal,0,30,20,4,0,23.0,86.0,28.666666666666668
6869,2025-01-24 20:25:00,North,Other,195,1,16,Severe,0,44,20,4,0,30.0,97.0,32.333333333333336
6870,2025-01-24 20:30:00,North,Fire,934,4,25,Normal,0,30,20,4,0,44.0,104.0,34.666666666666664
6871,2025-01-24 20:35:00,Central,Police,439,2,17,Normal,0,30,20,4,0,30.0,104.0,34.666666666666664
6872,2025-01-24 20:40:00,South,Medical,646,3,26,Normal,0,32,20,4,0,30.0,92.0,30.666666666666668
6873,2025-01-24 20:45:00,West,Other,303,1,10,Normal,0,23,20,4,0,32.0,85.0,28.333333333333332
6874,2025-01-24 20:50:00,West,Medical,443,3,22,Normal,0,30,20,4,0,23.0,85.0,28.333333333333332
6875,2025-01-24 20:55:00,East,Police,340,2,23,Normal,0,34,20,4,0,30.0,87.0,29.0
6876,2025-01-24 21:00:00,East,Fire,1064,4,6,Normal,0,24,21,4,0,34.0,88.0,29.333333333333332
6877,2025-01-24 21:05:00,North,Medical,404,3,7,Normal,0,19,21,4,0,24.0,77.0,25.666666666666668
6878,2025-01-24 21:10:00,North,Fire,702,4,5,Normal,0,29,21,4,0,19.0,72.0,24.0
6879,2025-01-24 21:15:00,East,Medical,591,3,28,Normal,0,27,21,4,0,29.0,75.0,25.0
6880,2025-01-24 21:20:00,South,Police,604,2,16,Normal,0,17,21,4,0,27.0,73.0,24.333333333333332
6881,2025-01-24 21:25:00,West,Fire,825,4,23,Normal,0,19,21,4,0,17.0,63.0,21.0
6882,2025-01-24 21:30:00,East,Police,669,2,8,Normal,0,26,21,4,0,19.0,62.0,20.666666666666668
6883,2025-01-24 21:35:00,North,Medical,866,3,17,Normal,0,19,21,4,0,26.0,64.0,21.333333333333332
6884,2025-01-24 21:40:00,North,Police,741,2,20,Severe,0,39,21,4,0,19.0,84.0,28.0
6885,2025-01-24 21:45:00,South,Medical,344,3,17,Normal,0,20,21,4,0,39.0,78.0,26.0
6886,2025-01-24 21:50:00,East,Medical,528,3,18,Normal,0,19,21,4,0,20.0,78.0,26.0
6887,2025-01-24 21:55:00,North,Medical,645,3,15,Normal,0,19,21,4,0,19.0,58.0,19.333333333333332
6888,2025-01-24 22:00:00,East,Medical,819,3,13,Normal,0,32,22,4,0,19.0,70.0,23.333333333333332
6889,2025-01-24 22:05:00,Central,Medical,799,3,29,Normal,0,16,22,4,0,32.0,67.0,22.333333333333332
6890,2025-01-24 22:10:00,Central,Medical,676,3,27,Severe,0,40,22,4,0,16.0,88.0,29.333333333333332
6891,2025-01-24 22:15:00,North,Fire,589,4,25,Normal,0,23,22,4,0,40.0,79.0,26.333333333333332
6892,2025-01-24 22:20:00,North,Medical,322,3,11,Severe,0,50,22,4,0,23.0,113.0,37.666666666666664
6893,2025-01-24 22:25:00,East,Police,211,2,12,Normal,0,26,22,4,0,50.0,99.0,33.0
6894,2025-01-24 22:30:00,East,Police,459,2,11,Normal,0,21,22,4,0,26.0,97.0,32.333333333333336
6895,2025-01-24 22:35:00,South,Fire,422,4,6,Normal,0,16,22,4,0,21.0,63.0,21.0
6896,2025-01-24 22:40:00,North,Medical,639,3,18,Normal,0,14,22,4,0,16.0,51.0,17.0
6897,2025-01-24 22:45:00,North,Other,372,1,17,Normal,0,16,22,4,0,14.0,46.0,15.333333333333334
6898,2025-01-24 22:50:00,South,Police,228,2,14,Normal,0,20,22,4,0,16.0,50.0,16.666666666666668
6899,2025-01-24 22:55:00,North,Police,353,2,25,Normal,0,15,22,4,0,20.0,51.0,17.0
6900,2025-01-24 23:00:00,South,Police,201,2,5,Normal,0,18,23,4,0,15.0,53.0,17.666666666666668
6901,2025-01-24 23:05:00,North,Fire,996,4,26,Normal,0,20,23,4,0,18.0,53.0,17.666666666666668
6902,2025-01-24 23:10:00,West,Fire,1009,4,14,Severe,1,59,23,4,0,20.0,97.0,32.333333333333336
6903,2025-01-24 23:15:00,East,Medical,328,3,11,Normal,0,22,23,4,0,59.0,101.0,33.666666666666664
6904,2025-01-24 23:20:00,North,Fire,860,4,28,Normal,0,16,23,4,0,22.0,97.0,32.333333333333336
6905,2025-01-24 23:25:00,Central,Police,599,2,17,Normal,0,15,23,4,0,16.0,53.0,17.666666666666668
6906,2025-01-24 23:30:00,West,Police,684,2,5,Normal,0,23,23,4,0,15.0,54.0,18.0
6907,2025-01-24 23:35:00,North,Fire,1190,4,19,Normal,0,16,23,4,0,23.0,54.0,18.0
6908,2025-01-24 23:40:00,South,Fire,1127,4,21,Normal,0,21,23,4,0,16.0,60.0,20.0
6909,2025-01-24 23:45:00,Central,Other,217,1,29,Severe,0,36,23,4,0,21.0,73.0,24.333333333333332
6910,2025-01-24 23:50:00,North,Other,297,1,5,Normal,0,25,23,4,0,36.0,82.0,27.333333333333332
6911,2025-01-24 23:55:00,North,Medical,307,3,28,Severe,0,40,23,4,0,25.0,101.0,33.666666666666664
6912,2025-01-25 00:00:00,North,Medical,791,3,23,Normal,0,20,0,5,1,40.0,85.0,28.333333333333332
6913,2025-01-25 00:05:00,West,Medical,643,3,12,Normal,0,19,0,5,1,20.0,79.0,26.333333333333332
6914,2025-01-25 00:10:00,West,Medical,611,3,28,Normal,0,27,0,5,1,19.0,66.0,22.0
6915,2025-01-25 00:15:00,East,Medical,664,3,7,Normal,0,17,0,5,1,27.0,63.0,21.0
6916,2025-01-25 00:20:00,West,Medical,796,3,14,Severe,0,43,0,5,1,17.0,87.0,29.0
6917,2025-01-25 00:25:00,South,Medical,627,3,6,Normal,0,26,0,5,1,43.0,86.0,28.666666666666668
6918,2025-01-25 00:30:00,South,Medical,656,3,28,Normal,0,22,0,5,1,26.0,91.0,30.333333333333332
6919,2025-01-25 00:35:00,East,Other,272,1,9,Normal,0,22,0,5,1,22.0,70.0,23.333333333333332
6920,2025-01-25 00:40:00,East,Police,703,2,6,Normal,0,17,0,5,1,22.0,61.0,20.333333333333332
6921,2025-01-25 00:45:00,South,Police,396,2,26,Normal,0,22,0,5,1,17.0,61.0,20.333333333333332
6922,2025-01-25 00:50:00,North,Medical,436,3,22,Normal,0,24,0,5,1,22.0,63.0,21.0
6923,2025-01-25 00:55:00,West,Medical,419,3,17,Normal,0,20,0,5,1,24.0,66.0,22.0
6924,2025-01-25 01:00:00,Central,Fire,775,4,16,Normal,0,22,1,5,1,20.0,66.0,22.0
6925,2025-01-25 01:05:00,South,Fire,631,4,15,Normal,0,35,1,5,1,22.0,77.0,25.666666666666668
6926,2025-01-25 01:10:00,West,Medical,382,3,23,Severe,0,35,1,5,1,35.0,92.0,30.666666666666668
6927,2025-01-25 01:15:00,West,Medical,779,3,13,Normal,0,27,1,5,1,35.0,97.0,32.333333333333336
6928,2025-01-25 01:20:00,South,Medical,898,3,26,Normal,0,15,1,5,1,27.0,77.0,25.666666666666668
6929,2025-01-25 01:25:00,South,Fire,460,4,10,Normal,0,24,1,5,1,15.0,66.0,22.0
6930,2025-01-25 01:30:00,North,Medical,699,3,21,Normal,0,26,1,5,1,24.0,65.0,21.666666666666668
6931,2025-01-25 01:35:00,East,Other,311,1,7,Normal,0,15,1,5,1,26.0,65.0,21.666666666666668
6932,2025-01-25 01:40:00,South,Other,328,1,11,Normal,0,16,1,5,1,15.0,57.0,19.0
6933,2025-01-25 01:45:00,Central,Medical,557,3,9,Normal,0,18,1,5,1,16.0,49.0,16.333333333333332
6934,2025-01-25 01:50:00,North,Other,272,1,17,Normal,0,19,1,5,1,18.0,53.0,17.666666666666668
6935,2025-01-25 01:55:00,West,Police,781,2,22,Severe,0,30,1,5,1,19.0,67.0,22.333333333333332
6936,2025-01-25 02:00:00,South,Medical,625,3,9,Normal,0,21,2,5,1,30.0,70.0,23.333333333333332
6937,2025-01-25 02:05:00,East,Police,702,2,29,Normal,0,21,2,5,1,21.0,72.0,24.0
6938,2025-01-25 02:10:00,Central,Medical,430,3,20,Normal,0,26,2,5,1,21.0,68.0,22.666666666666668
6939,2025-01-25 02:15:00,South,Medical,377,3,19,Normal,0,18,2,5,1,26.0,65.0,21.666666666666668
6940,2025-01-25 02:20:00,West,Medical,327,3,21,Normal,0,16,2,5,1,18.0,60.0,20.0
6941,2025-01-25 02:25:00,East,Other,110,1,5,Normal,0,15,2,5,1,16.0,49.0,16.333333333333332
6942,2025-01-25 02:30:00,South,Medical,457,3,17,Normal,0,23,2,5,1,15.0,54.0,18.0
6943,2025-01-25 02:35:00,West,Police,353,2,22,Normal,0,25,2,5,1,23.0,63.0,21.0
6944,2025-01-25 02:40:00,Central,Police,634,2,5,Normal,0,20,2,5,1,25.0,68.0,22.666666666666668
6945,2025-01-25 02:45:00,East,Police,337,2,10,Normal,0,23,2,5,1,20.0,68.0,22.666666666666668
6946,2025-01-25 02:50:00,South,Medical,810,3,18,Normal,0,22,2,5,1,23.0,65.0,21.666666666666668
6947,2025-01-25 02:55:00,West,Fire,1173,4,20,Normal,0,25,2,5,1,22.0,70.0,23.333333333333332
6948,2025-01-25 03:00:00,Central,Other,245,1,12,Normal,0,24,3,5,1,25.0,71.0,23.666666666666668
6949,2025-01-25 03:05:00,South,Other,392,1,14,Normal,0,16,3,5,1,24.0,65.0,21.666666666666668
6950,2025-01-25 03:10:00,West,Medical,432,3,13,Severe,0,32,3,5,1,16.0,72.0,24.0
6951,2025-01-25 03:15:00,West,Other,144,1,7,Normal,0,17,3,5,1,32.0,65.0,21.666666666666668
6952,2025-01-25 03:20:00,West,Police,613,2,21,Normal,0,19,3,5,1,17.0,68.0,22.666666666666668
6953,2025-01-25 03:25:00,North,Fire,818,4,24,Normal,0,15,3,5,1,19.0,51.0,17.0
6954,2025-01-25 03:30:00,South,Other,351,1,12,Normal,0,19,3,5,1,15.0,53.0,17.666666666666668
6955,2025-01-25 03:35:00,West,Police,334,2,26,Normal,0,13,3,5,1,19.0,47.0,15.666666666666666
6956,2025-01-25 03:40:00,West,Medical,440,3,10,Normal,0,19,3,5,1,13.0,51.0,17.0
6957,2025-01-25 03:45:00,Central,Other,244,1,20,Normal,0,19,3,5,1,19.0,51.0,17.0
6958,2025-01-25 03:50:00,South,Medical,512,3,20,Normal,0,21,3,5,1,19.0,59.0,19.666666666666668
6959,2025-01-25 03:55:00,West,Fire,451,4,23,Normal,0,13,3,5,1,21.0,53.0,17.666666666666668
6960,2025-01-25 04:00:00,West,Medical,763,3,28,Severe,0,31,4,5,1,13.0,65.0,21.666666666666668
6961,2025-01-25 04:05:00,South,Medical,358,3,26,Normal,0,13,4,5,1,31.0,57.0,19.0
6962,2025-01-25 04:10:00,West,Medical,784,3,10,Normal,0,23,4,5,1,13.0,67.0,22.333333333333332
6963,2025-01-25 04:15:00,South,Fire,588,4,19,Normal,0,16,4,5,1,23.0,52.0,17.333333333333332
6964,2025-01-25 04:20:00,South,Other,193,1,25,Severe,0,50,4,5,1,16.0,89.0,29.666666666666668
6965,2025-01-25 04:25:00,North,Fire,746,4,25,Normal,0,18,4,5,1,50.0,84.0,28.0
6966,2025-01-25 04:30:00,East,Police,428,2,9,Normal,0,9,4,5,1,18.0,77.0,25.666666666666668
6967,2025-01-25 04:35:00,North,Medical,470,3,10,Normal,0,18,4,5,1,9.0,45.0,15.0
6968,2025-01-25 04:40:00,East,Medical,416,3,23,Normal,0,17,4,5,1,18.0,44.0,14.666666666666666
6969,2025-01-25 04:45:00,South,Fire,403,4,25,Normal,0,16,4,5,1,17.0,51.0,17.0
6970,2025-01-25 04:50:00,North,Medical,809,3,16,Normal,0,17,4,5,1,16.0,50.0,16.666666666666668
6971,2025-01-25 04:55:00,South,Medical,600,3,11,Normal,1,44,4,5,1,17.0,77.0,25.666666666666668
6972,2025-01-25 05:00:00,North,Police,543,2,7,Normal,0,22,5,5,1,44.0,83.0,27.666666666666668
6973,2025-01-25 05:05:00,Central,Police,583,2,25,Normal,0,25,5,5,1,22.0,91.0,30.333333333333332
6974,2025-01-25 05:10:00,Central,Fire,898,4,26,Normal,0,22,5,5,1,25.0,69.0,23.0
6975,2025-01-25 05:15:00,North,Medical,899,3,19,Normal,0,18,5,5,1,22.0,65.0,21.666666666666668
6976,2025-01-25 05:20:00,East,Fire,645,4,24,Severe,0,45,5,5,1,18.0,85.0,28.333333333333332
6977,2025-01-25 05:25:00,North,Medical,832,3,20,Normal,0,24,5,5,1,45.0,87.0,29.0
6978,2025-01-25 05:30:00,West,Medical,408,3,8,Normal,1,34,5,5,1,24.0,103.0,34.333333333333336
6979,2025-01-25 05:35:00,South,Fire,937,4,24,Normal,0,20,5,5,1,34.0,78.0,26.0
6980,2025-01-25 05:40:00,South,Other,209,1,12,Severe,0,42,5,5,1,20.0,96.0,32.0
6981,2025-01-25 05:45:00,Central,Medical,380,3,9,Normal,0,14,5,5,1,42.0,76.0,25.333333333333332
6982,2025-01-25 05:50:00,East,Police,655,2,17,Normal,0,16,5,5,1,14.0,72.0,24.0
6983,2025-01-25 05:55:00,East,Medical,307,3,6,Normal,1,23,5,5,1,16.0,53.0,17.666666666666668
6984,2025-01-25 06:00:00,East,Medical,520,3,21,Normal,0,27,6,5,1,23.0,66.0,22.0
6985,2025-01-25 06:05:00,West,Police,416,2,8,Normal,0,22,6,5,1,27.0,72.0,24.0
6986,2025-01-25 06:10:00,South,Police,309,2,15,Normal,0,21,6,5,1,22.0,70.0,23.333333333333332
6987,2025-01-25 06:15:00,North,Medical,854,3,18,Normal,0,13,6,5,1,21.0,56.0,18.666666666666668
6988,2025-01-25 06:20:00,Central,Fire,1049,4,19,Normal,0,24,6,5,1,13.0,58.0,19.333333333333332
6989,2025-01-25 06:25:00,Central,Police,306,2,20,Normal,0,15,6,5,1,24.0,52.0,17.333333333333332
6990,2025-01-25 06:30:00,North,Medical,393,3,5,Normal,1,33,6,5,1,15.0,72.0,24.0
6991,2025-01-25 06:35:00,West,Police,368,2,7,Normal,0,17,6,5,1,33.0,65.0,21.666666666666668
6992,2025-01-25 06:40:00,South,Police,710,2,15,Normal,0,15,6,5,1,17.0,65.0,21.666666666666668
6993,2025-01-25 06:45:00,West,Fire,443,4,26,Normal,0,20,6,5,1,15.0,52.0,17.333333333333332
6994,2025-01-25 06:50:00,West,Other,187,1,8,Severe,0,50,6,5,1,20.0,85.0,28.333333333333332
6995,2025-01-25 06:55:00,East,Other,321,1,29,Normal,0,18,6,5,1,50.0,88.0,29.333333333333332
6996,2025-01-25 07:00:00,North,Medical,898,3,20,Normal,0,18,7,5,1,18.0,86.0,28.666666666666668
6997,2025-01-25 07:05:00,East,Other,242,1,24,Normal,0,19,7,5,1,18.0,55.0,18.333333333333332
6998,2025-01-25 07:10:00,North,Medical,806,3,26,Normal,0,16,7,5,1,19.0,53.0,17.666666666666668
6999,2025-01-25 07:15:00,East,Police,351,2,19,Normal,0,23,7,5,1,16.0,58.0,19.333333333333332
7000,2025-01-25 07:20:00,Central,Other,152,1,10,Normal,0,21,7,5,1,23.0,60.0,20.0
7001,2025-01-25 07:25:00,West,Medical,376,3,14,Normal,0,14,7,5,1,21.0,58.0,19.333333333333332
7002,2025-01-25 07:30:00,West,Other,373,1,23,Normal,0,20,7,5,1,14.0,55.0,18.333333333333332
7003,2025-01-25 07:35:00,North,Medical,453,3,9,Normal,0,25,7,5,1,20.0,59.0,19.666666666666668
7004,2025-01-25 07:40:00,Central,Fire,1092,4,7,Normal,0,24,7,5,1,25.0,69.0,23.0
7005,2025-01-25 07:45:00,South,Fire,1102,4,14,Normal,0,13,7,5,1,24.0,62.0,20.666666666666668
7006,2025-01-25 07:50:00,Central,Police,778,2,11,Normal,0,15,7,5,1,13.0,52.0,17.333333333333332
7007,2025-01-25 07:55:00,East,Medical,574,3,5,Normal,0,13,7,5,1,15.0,41.0,13.666666666666666
7008,2025-01-25 08:00:00,North,Other,323,1,11,Normal,0,27,8,5,1,13.0,55.0,18.333333333333332
7009,2025-01-25 08:05:00,West,Other,130,1,6,Normal,0,25,8,5,1,27.0,65.0,21.666666666666668
7010,2025-01-25 08:10:00,East,Police,333,2,21,Normal,0,33,8,5,1,25.0,85.0,28.333333333333332
7011,2025-01-25 08:15:00,North,Other,373,1,6,Normal,0,31,8,5,1,33.0,89.0,29.666666666666668
7012,2025-01-25 08:20:00,West,Fire,665,4,13,Normal,0,28,8,5,1,31.0,92.0,30.666666666666668
7013,2025-01-25 08:25:00,North,Medical,633,3,7,Normal,0,32,8,5,1,28.0,91.0,30.333333333333332
7014,2025-01-25 08:30:00,Central,Police,334,2,21,Normal,0,30,8,5,1,32.0,90.0,30.0
7015,2025-01-25 08:35:00,Central,Police,742,2,17,Normal,0,31,8,5,1,30.0,93.0,31.0
7016,2025-01-25 08:40:00,East,Fire,566,4,10,Normal,0,28,8,5,1,31.0,89.0,29.666666666666668
7017,2025-01-25 08:45:00,North,Fire,890,4,28,Normal,0,31,8,5,1,28.0,90.0,30.0
7018,2025-01-25 08:50:00,West,Medical,504,3,12,Normal,0,28,8,5,1,31.0,87.0,29.0
7019,2025-01-25 08:55:00,South,Other,307,1,21,Normal,0,24,8,5,1,28.0,83.0,27.666666666666668
7020,2025-01-25 09:00:00,Central,Other,181,1,27,Normal,0,37,9,5,1,24.0,89.0,29.666666666666668
7021,2025-01-25 09:05:00,North,Police,610,2,26,Normal,0,31,9,5,1,37.0,92.0,30.666666666666668
7022,2025-01-25 09:10:00,North,Other,384,1,11,Normal,0,41,9,5,1,31.0,109.0,36.333333333333336
7023,2025-01-25 09:15:00,South,Police,222,2,10,Normal,0,26,9,5,1,41.0,98.0,32.666666666666664
7024,2025-01-25 09:20:00,Central,Medical,395,3,8,Normal,1,41,9,5,1,26.0,108.0,36.0
7025,2025-01-25 09:25:00,North,Other,241,1,9,Normal,0,29,9,5,1,41.0,96.0,32.0
7026,2025-01-25 09:30:00,East,Medical,574,3,13,Normal,0,27,9,5,1,29.0,97.0,32.333333333333336
7027,2025-01-25 09:35:00,East,Police,301,2,24,Normal,0,30,9,5,1,27.0,86.0,28.666666666666668
7028,2025-01-25 09:40:00,East,Fire,496,4,11,Normal,0,37,9,5,1,30.0,94.0,31.333333333333332
7029,2025-01-25 09:45:00,East,Police,699,2,29,Normal,0,34,9,5,1,37.0,101.0,33.666666666666664
7030,2025-01-25 09:50:00,West,Other,200,1,22,Normal,0,32,9,5,1,34.0,103.0,34.333333333333336
7031,2025-01-25 09:55:00,East,Medical,804,3,20,Normal,0,29,9,5,1,32.0,95.0,31.666666666666668
7032,2025-01-25 10:00:00,North,Police,329,2,6,Normal,0,16,10,5,1,29.0,77.0,25.666666666666668
7033,2025-01-25 10:05:00,West,Police,740,2,24,Normal,1,27,10,5,1,16.0,72.0,24.0
7034,2025-01-25 10:10:00,North,Medical,406,3,28,Normal,0,19,10,5,1,27.0,62.0,20.666666666666668
7035,2025-01-25 10:15:00,South,Police,724,2,28,Severe,1,49,10,5,1,19.0,95.0,31.666666666666668
7036,2025-01-25 10:20:00,South,Medical,731,3,26,Normal,0,20,10,5,1,49.0,88.0,29.333333333333332
7037,2025-01-25 10:25:00,South,Fire,1116,4,24,Normal,0,20,10,5,1,20.0,89.0,29.666666666666668
7038,2025-01-25 10:30:00,Central,Medical,533,3,17,Normal,0,18,10,5,1,20.0,58.0,19.333333333333332
7039,2025-01-25 10:35:00,South,Fire,588,4,6,Severe,0,33,10,5,1,18.0,71.0,23.666666666666668
7040,2025-01-25 10:40:00,North,Fire,541,4,19,Normal,0,25,10,5,1,33.0,76.0,25.333333333333332
7041,2025-01-25 10:45:00,West,Medical,706,3,25,Normal,0,11,10,5,1,25.0,69.0,23.0
7042,2025-01-25 10:50:00,South,Police,569,2,13,Severe,0,55,10,5,1,11.0,91.0,30.333333333333332
7043,2025-01-25 10:55:00,South,Police,584,2,17,Severe,0,46,10,5,1,55.0,112.0,37.333333333333336
7044,2025-01-25 11:00:00,West,Fire,726,4,28,Normal,0,18,11,5,1,46.0,119.0,39.666666666666664
7045,2025-01-25 11:05:00,North,Police,328,2,23,Normal,0,17,11,5,1,18.0,81.0,27.0
7046,2025-01-25 11:10:00,North,Other,380,1,8,Normal,0,19,11,5,1,17.0,54.0,18.0
7047,2025-01-25 11:15:00,East,Police,728,2,17,Severe,0,39,11,5,1,19.0,75.0,25.0
7048,2025-01-25 11:20:00,North,Police,445,2,18,Normal,0,21,11,5,1,39.0,79.0,26.333333333333332
7049,2025-01-25 11:25:00,Central,Police,523,2,8,Normal,0,18,11,5,1,21.0,78.0,26.0
7050,2025-01-25 11:30:00,North,Other,337,1,28,Normal,0,16,11,5,1,18.0,55.0,18.333333333333332
7051,2025-01-25 11:35:00,Central,Other,182,1,12,Normal,0,19,11,5,1,16.0,53.0,17.666666666666668
7052,2025-01-25 11:40:00,West,Medical,393,3,7,Severe,0,46,11,5,1,19.0,81.0,27.0
7053,2025-01-25 11:45:00,Central,Police,550,2,10,Normal,0,26,11,5,1,46.0,91.0,30.333333333333332
7054,2025-01-25 11:50:00,South,Police,706,2,17,Normal,0,21,11,5,1,26.0,93.0,31.0
7055,2025-01-25 11:55:00,South,Medical,876,3,9,Normal,0,16,11,5,1,21.0,63.0,21.0
7056,2025-01-25 12:00:00,Central,Fire,887,4,21,Normal,0,14,12,5,1,16.0,51.0,17.0
7057,2025-01-25 12:05:00,South,Other,201,1,26,Normal,0,26,12,5,1,14.0,56.0,18.666666666666668
7058,2025-01-25 12:10:00,South,Police,371,2,18,Normal,0,11,12,5,1,26.0,51.0,17.0
7059,2025-01-25 12:15:00,Central,Medical,664,3,22,Normal,0,24,12,5,1,11.0,61.0,20.333333333333332
7060,2025-01-25 12:20:00,South,Medical,586,3,12,Severe,0,35,12,5,1,24.0,70.0,23.333333333333332
7061,2025-01-25 12:25:00,Central,Medical,541,3,20,Normal,0,21,12,5,1,35.0,80.0,26.666666666666668
7062,2025-01-25 12:30:00,Central,Medical,318,3,26,Normal,0,29,12,5,1,21.0,85.0,28.333333333333332
7063,2025-01-25 12:35:00,East,Medical,666,3,20,Normal,0,15,12,5,1,29.0,65.0,21.666666666666668
7064,2025-01-25 12:40:00,South,Other,335,1,28,Normal,0,28,12,5,1,15.0,72.0,24.0
7065,2025-01-25 12:45:00,North,Fire,1143,4,18,Normal,0,20,12,5,1,28.0,63.0,21.0
7066,2025-01-25 12:50:00,East,Police,311,2,19,Normal,0,17,12,5,1,20.0,65.0,21.666666666666668
7067,2025-01-25 12:55:00,South,Other,263,1,19,Normal,0,17,12,5,1,17.0,54.0,18.0
7068,2025-01-25 13:00:00,South,Other,228,1,28,Normal,0,19,13,5,1,17.0,53.0,17.666666666666668
7069,2025-01-25 13:05:00,South,Police,794,2,17,Normal,0,28,13,5,1,19.0,64.0,21.333333333333332
7070,2025-01-25 13:10:00,South,Fire,503,4,24,Normal,0,16,13,5,1,28.0,63.0,21.0
7071,2025-01-25 13:15:00,West,Other,148,1,12,Normal,0,16,13,5,1,16.0,60.0,20.0
7072,2025-01-25 13:20:00,South,Police,634,2,8,Normal,0,18,13,5,1,16.0,50.0,16.666666666666668
7073,2025-01-25 13:25:00,South,Medical,833,3,29,Normal,0,21,13,5,1,18.0,55.0,18.333333333333332
7074,2025-01-25 13:30:00,East,Other,168,1,25,Normal,0,20,13,5,1,21.0,59.0,19.666666666666668
7075,2025-01-25 13:35:00,East,Medical,628,3,26,Normal,0,21,13,5,1,20.0,62.0,20.666666666666668
7076,2025-01-25 13:40:00,South,Police,274,2,19,Normal,0,20,13,5,1,21.0,61.0,20.333333333333332
7077,2025-01-25 13:45:00,North,Medical,356,3,16,Normal,0,16,13,5,1,20.0,57.0,19.0
7078,2025-01-25 13:50:00,North,Police,525,2,16,Normal,0,13,13,5,1,16.0,49.0,16.333333333333332
7079,2025-01-25 13:55:00,South,Other,364,1,13,Normal,0,17,13,5,1,13.0,46.0,15.333333333333334
7080,2025-01-25 14:00:00,South,Other,385,1,24,Normal,0,21,14,5,1,17.0,51.0,17.0
7081,2025-01-25 14:05:00,North,Police,672,2,22,Normal,0,25,14,5,1,21.0,63.0,21.0
7082,2025-01-25 14:10:00,West,Police,699,2,12,Severe,0,38,14,5,1,25.0,84.0,28.0
7083,2025-01-25 14:15:00,Central,Medical,891,3,23,Normal,0,28,14,5,1,38.0,91.0,30.333333333333332
7084,2025-01-25 14:20:00,North,Medical,789,3,24,Normal,0,17,14,5,1,28.0,83.0,27.666666666666668
7085,2025-01-25 14:25:00,South,Medical,867,3,8,Normal,0,23,14,5,1,17.0,68.0,22.666666666666668
7086,2025-01-25 14:30:00,West,Medical,606,3,22,Normal,0,23,14,5,1,23.0,63.0,21.0
7087,2025-01-25 14:35:00,Central,Other,347,1,19,Normal,0,15,14,5,1,23.0,61.0,20.333333333333332
7088,2025-01-25 14:40:00,North,Other,246,1,8,Normal,0,26,14,5,1,15.0,64.0,21.333333333333332
7089,2025-01-25 14:45:00,Central,Medical,803,3,28,Normal,1,30,14,5,1,26.0,71.0,23.666666666666668
7090,2025-01-25 14:50:00,East,Police,372,2,29,Normal,0,24,14,5,1,30.0,80.0,26.666666666666668
7091,2025-01-25 14:55:00,North,Medical,533,3,17,Normal,0,15,14,5,1,24.0,69.0,23.0
7092,2025-01-25 15:00:00,Central,Fire,470,4,6,Severe,0,43,15,5,1,15.0,82.0,27.333333333333332
7093,2025-01-25 15:05:00,West,Other,137,1,11,Normal,0,15,15,5,1,43.0,73.0,24.333333333333332
7094,2025-01-25 15:10:00,South,Medical,815,3,16,Normal,0,18,15,5,1,15.0,76.0,25.333333333333332
7095,2025-01-25 15:15:00,West,Police,302,2,11,Normal,0,17,15,5,1,18.0,50.0,16.666666666666668
7096,2025-01-25 15:20:00,South,Medical,829,3,19,Normal,0,24,15,5,1,17.0,59.0,19.666666666666668
7097,2025-01-25 15:25:00,Central,Other,392,1,11,Normal,0,21,15,5,1,24.0,62.0,20.666666666666668
7098,2025-01-25 15:30:00,North,Other,244,1,9,Normal,0,23,15,5,1,21.0,68.0,22.666666666666668
7099,2025-01-25 15:35:00,North,Fire,580,4,10,Normal,0,26,15,5,1,23.0,70.0,23.333333333333332
7100,2025-01-25 15:40:00,East,Fire,1156,4,20,Normal,0,15,15,5,1,26.0,64.0,21.333333333333332
7101,2025-01-25 15:45:00,West,Medical,814,3,12,Severe,0,37,15,5,1,15.0,78.0,26.0
7102,2025-01-25 15:50:00,West,Other,237,1,5,Normal,0,21,15,5,1,37.0,73.0,24.333333333333332
7103,2025-01-25 15:55:00,South,Fire,613,4,14,Normal,0,15,15,5,1,21.0,73.0,24.333333333333332
7104,2025-01-25 16:00:00,East,Police,401,2,7,Normal,0,16,16,5,1,15.0,52.0,17.333333333333332
7105,2025-01-25 16:05:00,South,Police,451,2,5,Normal,0,32,16,5,1,16.0,63.0,21.0
7106,2025-01-25 16:10:00,Central,Medical,544,3,5,Normal,0,22,16,5,1,32.0,70.0,23.333333333333332
7107,2025-01-25 16:15:00,Central,Other,263,1,13,Normal,0,19,16,5,1,22.0,73.0,24.333333333333332
7108,2025-01-25 16:20:00,North,Medical,586,3,15,Normal,0,24,16,5,1,19.0,65.0,21.666666666666668
7109,2025-01-25 16:25:00,North,Police,369,2,19,Normal,0,23,16,5,1,24.0,66.0,22.0
7110,2025-01-25 16:30:00,Central,Medical,862,3,18,Normal,0,18,16,5,1,23.0,65.0,21.666666666666668
7111,2025-01-25 16:35:00,East,Medical,865,3,7,Normal,0,15,16,5,1,18.0,56.0,18.666666666666668
7112,2025-01-25 16:40:00,North,Other,208,1,20,Severe,0,34,16,5,1,15.0,67.0,22.333333333333332
7113,2025-01-25 16:45:00,South,Fire,700,4,6,Severe,0,50,16,5,1,34.0,99.0,33.0
7114,2025-01-25 16:50:00,Central,Medical,737,3,11,Normal,0,15,16,5,1,50.0,99.0,33.0
7115,2025-01-25 16:55:00,North,Police,550,2,10,Normal,0,28,16,5,1,15.0,93.0,31.0
7116,2025-01-25 17:00:00,Central,Police,264,2,6,Normal,0,14,17,5,1,28.0,57.0,19.0
7117,2025-01-25 17:05:00,South,Fire,663,4,7,Normal,1,36,17,5,1,14.0,78.0,26.0
7118,2025-01-25 17:10:00,South,Medical,715,3,5,Normal,0,16,17,5,1,36.0,66.0,22.0
7119,2025-01-25 17:15:00,South,Medical,655,3,28,Normal,0,21,17,5,1,16.0,73.0,24.333333333333332
7120,2025-01-25 17:20:00,South,Medical,588,3,15,Severe,0,41,17,5,1,21.0,78.0,26.0
7121,2025-01-25 17:25:00,Central,Medical,728,3,12,Normal,0,20,17,5,1,41.0,82.0,27.333333333333332
7122,2025-01-25 17:30:00,North,Police,410,2,18,Normal,0,14,17,5,1,20.0,75.0,25.0
7123,2025-01-25 17:35:00,Central,Police,564,2,12,Normal,0,18,17,5,1,14.0,52.0,17.333333333333332
7124,2025-01-25 17:40:00,Central,Police,541,2,24,Normal,0,18,17,5,1,18.0,50.0,16.666666666666668
7125,2025-01-25 17:45:00,West,Other,160,1,27,Normal,0,14,17,5,1,18.0,50.0,16.666666666666668
7126,2025-01-25 17:50:00,West,Other,278,1,15,Normal,0,19,17,5,1,14.0,51.0,17.0
7127,2025-01-25 17:55:00,West,Fire,1099,4,12,Normal,0,13,17,5,1,19.0,46.0,15.333333333333334
7128,2025-01-25 18:00:00,North,Other,128,1,24,Normal,0,26,18,5,1,13.0,58.0,19.333333333333332
7129,2025-01-25 18:05:00,Central,Police,407,2,6,Normal,0,22,18,5,1,26.0,61.0,20.333333333333332
7130,2025-01-25 18:10:00,East,Medical,386,3,22,Normal,0,31,18,5,1,22.0,79.0,26.333333333333332
7131,2025-01-25 18:15:00,West,Fire,537,4,25,Normal,0,32,18,5,1,31.0,85.0,28.333333333333332
7132,2025-01-25 18:20:00,North,Police,223,2,20,Normal,0,33,18,5,1,32.0,96.0,32.0
7133,2025-01-25 18:25:00,West,Medical,576,3,16,Normal,0,35,18,5,1,33.0,100.0,33.333333333333336
7134,2025-01-25 18:30:00,Central,Fire,506,4,10,Normal,0,44,18,5,1,35.0,112.0,37.333333333333336
7135,2025-01-25 18:35:00,North,Police,723,2,16,Severe,0,47,18,5,1,44.0,126.0,42.0
7136,2025-01-25 18:40:00,West,Police,514,2,25,Severe,0,44,18,5,1,47.0,135.0,45.0
7137,2025-01-25 18:45:00,West,Fire,443,4,16,Normal,1,44,18,5,1,44.0,135.0,45.0
7138,2025-01-25 18:50:00,Central,Police,538,2,17,Normal,0,28,18,5,1,44.0,116.0,38.666666666666664
7139,2025-01-25 18:55:00,West,Other,170,1,12,Normal,0,29,18,5,1,28.0,101.0,33.666666666666664
7140,2025-01-25 19:00:00,South,Medical,448,3,17,Normal,0,31,19,5,1,29.0,88.0,29.333333333333332
7141,2025-01-25 19:05:00,South,Police,760,2,20,Normal,0,26,19,5,1,31.0,86.0,28.666666666666668
7142,2025-01-25 19:10:00,Central,Fire,497,4,16,Normal,0,47,19,5,1,26.0,104.0,34.666666666666664
7143,2025-01-25 19:15:00,North,Police,726,2,15,Normal,0,35,19,5,1,47.0,108.0,36.0
7144,2025-01-25 19:20:00,West,Medical,729,3,8,Severe,0,47,19,5,1,35.0,129.0,43.0
7145,2025-01-25 19:25:00,East,Medical,873,3,18,Normal,0,26,19,5,1,47.0,108.0,36.0
7146,2025-01-25 19:30:00,South,Police,443,2,23,Normal,0,38,19,5,1,26.0,111.0,37.0
7147,2025-01-25 19:35:00,Central,Fire,626,4,29,Normal,1,50,19,5,1,38.0,114.0,38.0
7148,2025-01-25 19:40:00,Central,Medical,312,3,28,Normal,0,36,19,5,1,50.0,124.0,41.333333333333336
7149,2025-01-25 19:45:00,West,Other,244,1,19,Normal,0,28,19,5,1,36.0,114.0,38.0
7150,2025-01-25 19:50:00,West,Medical,891,3,26,Normal,1,38,19,5,1,28.0,102.0,34.0
7151,2025-01-25 19:55:00,South,Police,403,2,12,Normal,0,28,19,5,1,38.0,94.0,31.333333333333332
7152,2025-01-25 20:00:00,Central,Fire,515,4,23,Normal,1,48,20,5,1,28.0,114.0,38.0
7153,2025-01-25 20:05:00,West,Medical,893,3,12,Normal,0,28,20,5,1,48.0,104.0,34.666666666666664
7154,2025-01-25 20:10:00,North,Other,200,1,12,Normal,0,26,20,5,1,28.0,102.0,34.0
7155,2025-01-25 20:15:00,Central,Medical,663,3,27,Normal,0,30,20,5,1,26.0,84.0,28.0
7156,2025-01-25 20:20:00,East,Medical,617,3,10,Normal,0,32,20,5,1,30.0,88.0,29.333333333333332
7157,2025-01-25 20:25:00,West,Medical,474,3,27,Normal,1,53,20,5,1,32.0,115.0,38.333333333333336
7158,2025-01-25 20:30:00,Central,Other,132,1,28,Normal,0,38,20,5,1,53.0,123.0,41.0
7159,2025-01-25 20:35:00,Central,Medical,390,3,9,Normal,0,38,20,5,1,38.0,129.0,43.0
7160,2025-01-25 20:40:00,North,Police,502,2,11,Normal,0,30,20,5,1,38.0,106.0,35.333333333333336
7161,2025-01-25 20:45:00,South,Police,783,2,11,Normal,0,19,20,5,1,30.0,87.0,29.0
7162,2025-01-25 20:50:00,East,Other,356,1,12,Normal,0,27,20,5,1,19.0,76.0,25.333333333333332
7163,2025-01-25 20:55:00,East,Police,510,2,28,Normal,0,35,20,5,1,27.0,81.0,27.0
7164,2025-01-25 21:00:00,Central,Police,305,2,23,Normal,0,22,21,5,1,35.0,84.0,28.0
7165,2025-01-25 21:05:00,North,Medical,400,3,11,Normal,0,22,21,5,1,22.0,79.0,26.333333333333332
7166,2025-01-25 21:10:00,North,Police,586,2,17,Normal,0,20,21,5,1,22.0,64.0,21.333333333333332
7167,2025-01-25 21:15:00,South,Police,443,2,11,Normal,1,31,21,5,1,20.0,73.0,24.333333333333332
7168,2025-01-25 21:20:00,South,Police,460,2,28,Normal,0,19,21,5,1,31.0,70.0,23.333333333333332
7169,2025-01-25 21:25:00,East,Other,244,1,26,Normal,1,31,21,5,1,19.0,81.0,27.0
7170,2025-01-25 21:30:00,South,Other,202,1,14,Normal,0,22,21,5,1,31.0,72.0,24.0
7171,2025-01-25 21:35:00,West,Police,723,2,13,Normal,0,13,21,5,1,22.0,66.0,22.0
7172,2025-01-25 21:40:00,South,Medical,638,3,10,Severe,0,35,21,5,1,13.0,70.0,23.333333333333332
7173,2025-01-25 21:45:00,South,Medical,602,3,15,Normal,0,21,21,5,1,35.0,69.0,23.0
7174,2025-01-25 21:50:00,East,Medical,676,3,29,Normal,1,43,21,5,1,21.0,99.0,33.0
7175,2025-01-25 21:55:00,Central,Other,112,1,6,Normal,0,15,21,5,1,43.0,79.0,26.333333333333332
7176,2025-01-25 22:00:00,East,Other,103,1,11,Normal,0,21,22,5,1,15.0,79.0,26.333333333333332
7177,2025-01-25 22:05:00,North,Police,605,2,20,Normal,1,37,22,5,1,21.0,73.0,24.333333333333332
7178,2025-01-25 22:10:00,West,Fire,402,4,21,Severe,0,44,22,5,1,37.0,102.0,34.0
7179,2025-01-25 22:15:00,East,Other,370,1,9,Normal,0,22,22,5,1,44.0,103.0,34.333333333333336
7180,2025-01-25 22:20:00,West,Fire,1029,4,29,Normal,0,24,22,5,1,22.0,90.0,30.0
7181,2025-01-25 22:25:00,West,Medical,454,3,8,Normal,0,18,22,5,1,24.0,64.0,21.333333333333332
7182,2025-01-25 22:30:00,West,Other,232,1,18,Normal,0,27,22,5,1,18.0,69.0,23.0
7183,2025-01-25 22:35:00,West,Other,305,1,22,Normal,0,20,22,5,1,27.0,65.0,21.666666666666668
7184,2025-01-25 22:40:00,South,Fire,1174,4,8,Normal,1,34,22,5,1,20.0,81.0,27.0
7185,2025-01-25 22:45:00,South,Medical,793,3,24,Normal,0,22,22,5,1,34.0,76.0,25.333333333333332
7186,2025-01-25 22:50:00,North,Other,168,1,23,Normal,0,11,22,5,1,22.0,67.0,22.333333333333332
7187,2025-01-25 22:55:00,West,Medical,716,3,9,Normal,0,28,22,5,1,11.0,61.0,20.333333333333332
7188,2025-01-25 23:00:00,South,Other,336,1,24,Severe,0,34,23,5,1,28.0,73.0,24.333333333333332
7189,2025-01-25 23:05:00,West,Medical,709,3,10,Normal,0,17,23,5,1,34.0,79.0,26.333333333333332
7190,2025-01-25 23:10:00,North,Other,162,1,23,Normal,0,22,23,5,1,17.0,73.0,24.333333333333332
7191,2025-01-25 23:15:00,North,Fire,462,4,28,Normal,0,17,23,5,1,22.0,56.0,18.666666666666668
7192,2025-01-25 23:20:00,South,Fire,971,4,22,Normal,0,18,23,5,1,17.0,57.0,19.0
7193,2025-01-25 23:25:00,West,Medical,401,3,5,Normal,0,22,23,5,1,18.0,57.0,19.0
7194,2025-01-25 23:30:00,East,Medical,558,3,15,Normal,0,18,23,5,1,22.0,58.0,19.333333333333332
7195,2025-01-25 23:35:00,South,Fire,802,4,17,Normal,1,26,23,5,1,18.0,66.0,22.0
7196,2025-01-25 23:40:00,North,Medical,712,3,5,Normal,0,22,23,5,1,26.0,66.0,22.0
7197,2025-01-25 23:45:00,South,Medical,543,3,5,Normal,0,27,23,5,1,22.0,75.0,25.0
7198,2025-01-25 23:50:00,West,Police,402,2,12,Normal,0,25,23,5,1,27.0,74.0,24.666666666666668
7199,2025-01-25 23:55:00,South,Police,740,2,17,Normal,0,22,23,5,1,25.0,74.0,24.666666666666668
7200,2025-01-26 00:00:00,West,Police,283,2,21,Normal,0,21,0,6,1,22.0,68.0,22.666666666666668
7201,2025-01-26 00:05:00,Central,Police,583,2,23,Severe,0,32,0,6,1,21.0,75.0,25.0
7202,2025-01-26 00:10:00,Central,Other,139,1,22,Normal,0,19,0,6,1,32.0,72.0,24.0
7203,2025-01-26 00:15:00,North,Medical,388,3,19,Normal,0,17,0,6,1,19.0,68.0,22.666666666666668
7204,2025-01-26 00:20:00,Central,Medical,636,3,26,Normal,0,19,0,6,1,17.0,55.0,18.333333333333332
7205,2025-01-26 00:25:00,North,Fire,935,4,6,Normal,0,16,0,6,1,19.0,52.0,17.333333333333332
7206,2025-01-26 00:30:00,Central,Medical,482,3,27,Severe,0,33,0,6,1,16.0,68.0,22.666666666666668
7207,2025-01-26 00:35:00,South,Medical,483,3,15,Normal,0,16,0,6,1,33.0,65.0,21.666666666666668
7208,2025-01-26 00:40:00,East,Fire,487,4,29,Normal,0,21,0,6,1,16.0,70.0,23.333333333333332
7209,2025-01-26 00:45:00,West,Fire,1113,4,18,Normal,0,16,0,6,1,21.0,53.0,17.666666666666668
7210,2025-01-26 00:50:00,Central,Medical,327,3,16,Normal,0,21,0,6,1,16.0,58.0,19.333333333333332
7211,2025-01-26 00:55:00,North,Police,676,2,28,Normal,0,20,0,6,1,21.0,57.0,19.0
7212,2025-01-26 01:00:00,North,Medical,393,3,14,Normal,0,19,1,6,1,20.0,60.0,20.0
7213,2025-01-26 01:05:00,West,Other,210,1,29,Normal,0,17,1,6,1,19.0,56.0,18.666666666666668
7214,2025-01-26 01:10:00,North,Police,558,2,24,Normal,0,17,1,6,1,17.0,53.0,17.666666666666668
7215,2025-01-26 01:15:00,East,Police,434,2,23,Severe,0,39,1,6,1,17.0,73.0,24.333333333333332
7216,2025-01-26 01:20:00,South,Police,680,2,22,Normal,0,15,1,6,1,39.0,71.0,23.666666666666668
7217,2025-01-26 01:25:00,North,Police,276,2,26,Severe,0,31,1,6,1,15.0,85.0,28.333333333333332
7218,2025-01-26 01:30:00,East,Medical,767,3,25,Severe,0,47,1,6,1,31.0,93.0,31.0
7219,2025-01-26 01:35:00,Central,Medical,350,3,21,Severe,0,43,1,6,1,47.0,121.0,40.333333333333336
7220,2025-01-26 01:40:00,South,Fire,570,4,26,Normal,0,17,1,6,1,43.0,107.0,35.666666666666664
7221,2025-01-26 01:45:00,North,Fire,475,4,6,Normal,0,24,1,6,1,17.0,84.0,28.0
7222,2025-01-26 01:50:00,North,Fire,737,4,19,Normal,0,11,1,6,1,24.0,52.0,17.333333333333332
7223,2025-01-26 01:55:00,South,Police,701,2,5,Normal,0,20,1,6,1,11.0,55.0,18.333333333333332
7224,2025-01-26 02:00:00,East,Other,335,1,22,Normal,0,23,2,6,1,20.0,54.0,18.0
7225,2025-01-26 02:05:00,East,Medical,593,3,13,Normal,0,17,2,6,1,23.0,60.0,20.0
7226,2025-01-26 02:10:00,East,Fire,932,4,26,Normal,0,21,2,6,1,17.0,61.0,20.333333333333332
7227,2025-01-26 02:15:00,East,Police,312,2,10,Normal,0,23,2,6,1,21.0,61.0,20.333333333333332
7228,2025-01-26 02:20:00,North,Police,512,2,10,Severe,1,51,2,6,1,23.0,95.0,31.666666666666668
7229,2025-01-26 02:25:00,Central,Police,725,2,25,Severe,0,43,2,6,1,51.0,117.0,39.0
7230,2025-01-26 02:30:00,North,Police,310,2,28,Normal,0,19,2,6,1,43.0,113.0,37.666666666666664
7231,2025-01-26 02:35:00,East,Medical,591,3,6,Normal,0,16,2,6,1,19.0,78.0,26.0
7232,2025-01-26 02:40:00,West,Police,744,2,8,Normal,0,15,2,6,1,16.0,50.0,16.666666666666668
7233,2025-01-26 02:45:00,West,Police,320,2,26,Normal,0,24,2,6,1,15.0,55.0,18.333333333333332
7234,2025-01-26 02:50:00,North,Medical,780,3,10,Normal,0,17,2,6,1,24.0,56.0,18.666666666666668
7235,2025-01-26 02:55:00,West,Medical,829,3,25,Normal,0,22,2,6,1,17.0,63.0,21.0
7236,2025-01-26 03:00:00,North,Other,311,1,16,Normal,0,30,3,6,1,22.0,69.0,23.0
7237,2025-01-26 03:05:00,Central,Medical,797,3,22,Normal,0,20,3,6,1,30.0,72.0,24.0
7238,2025-01-26 03:10:00,Central,Fire,910,4,23,Normal,0,27,3,6,1,20.0,77.0,25.666666666666668
7239,2025-01-26 03:15:00,North,Police,241,2,7,Normal,0,28,3,6,1,27.0,75.0,25.0
7240,2025-01-26 03:20:00,Central,Police,357,2,28,Normal,1,31,3,6,1,28.0,86.0,28.666666666666668
7241,2025-01-26 03:25:00,North,Medical,351,3,21,Normal,0,21,3,6,1,31.0,80.0,26.666666666666668
7242,2025-01-26 03:30:00,South,Medical,631,3,22,Normal,0,12,3,6,1,21.0,64.0,21.333333333333332
7243,2025-01-26 03:35:00,Central,Medical,793,3,24,Normal,0,22,3,6,1,12.0,55.0,18.333333333333332
7244,2025-01-26 03:40:00,West,Other,323,1,21,Normal,0,20,3,6,1,22.0,54.0,18.0
7245,2025-01-26 03:45:00,South,Police,734,2,26,Normal,0,29,3,6,1,20.0,71.0,23.666666666666668
7246,2025-01-26 03:50:00,West,Medical,526,3,5,Severe,0,37,3,6,1,29.0,86.0,28.666666666666668
7247,2025-01-26 03:55:00,North,Police,589,2,25,Normal,1,40,3,6,1,37.0,106.0,35.333333333333336
7248,2025-01-26 04:00:00,Central,Police,569,2,11,Normal,0,22,4,6,1,40.0,99.0,33.0
7249,2025-01-26 04:05:00,West,Police,371,2,13,Normal,0,25,4,6,1,22.0,87.0,29.0
7250,2025-01-26 04:10:00,East,Other,124,1,26,Normal,0,18,4,6,1,25.0,65.0,21.666666666666668
7251,2025-01-26 04:15:00,East,Fire,496,4,9,Normal,0,17,4,6,1,18.0,60.0,20.0
7252,2025-01-26 04:20:00,South,Medical,704,3,14,Normal,0,20,4,6,1,17.0,55.0,18.333333333333332
7253,2025-01-26 04:25:00,South,Medical,312,3,20,Normal,0,14,4,6,1,20.0,51.0,17.0
7254,2025-01-26 04:30:00,North,Medical,790,3,15,Normal,0,20,4,6,1,14.0,54.0,18.0
7255,2025-01-26 04:35:00,West,Medical,713,3,10,Normal,0,25,4,6,1,20.0,59.0,19.666666666666668
7256,2025-01-26 04:40:00,Central,Police,263,2,13,Normal,0,25,4,6,1,25.0,70.0,23.333333333333332
7257,2025-01-26 04:45:00,Central,Fire,1197,4,12,Normal,0,19,4,6,1,25.0,69.0,23.0
7258,2025-01-26 04:50:00,East,Police,790,2,9,Normal,0,29,4,6,1,19.0,73.0,24.333333333333332
7259,2025-01-26 04:55:00,Central,Other,109,1,5,Normal,0,21,4,6,1,29.0,69.0,23.0
7260,2025-01-26 05:00:00,Central,Police,247,2,5,Normal,0,18,5,6,1,21.0,68.0,22.666666666666668
7261,2025-01-26 05:05:00,South,Other,295,1,29,Normal,0,16,5,6,1,18.0,55.0,18.333333333333332
7262,2025-01-26 05:10:00,North,Fire,1136,4,20,Normal,0,23,5,6,1,16.0,57.0,19.0
7263,2025-01-26 05:15:00,East,Medical,391,3,26,Normal,0,24,5,6,1,23.0,63.0,21.0
7264,2025-01-26 05:20:00,East,Medical,378,3,13,Normal,1,27,5,6,1,24.0,74.0,24.666666666666668
7265,2025-01-26 05:25:00,East,Medical,801,3,15,Normal,0,24,5,6,1,27.0,75.0,25.0
7266,2025-01-26 05:30:00,West,Medical,518,3,17,Normal,0,17,5,6,1,24.0,68.0,22.666666666666668
7267,2025-01-26 05:35:00,West,Other,118,1,23,Normal,1,43,5,6,1,17.0,84.0,28.0
7268,2025-01-26 05:40:00,North,Medical,463,3,24,Normal,0,13,5,6,1,43.0,73.0,24.333333333333332
7269,2025-01-26 05:45:00,South,Medical,873,3,8,Normal,0,24,5,6,1,13.0,80.0,26.666666666666668
7270,2025-01-26 05:50:00,East,Fire,553,4,13,Normal,0,21,5,6,1,24.0,58.0,19.333333333333332
7271,2025-01-26 05:55:00,Central,Other,387,1,13,Normal,0,17,5,6,1,21.0,62.0,20.666666666666668
7272,2025-01-26 06:00:00,North,Other,147,1,13,Severe,0,40,6,6,1,17.0,78.0,26.0
7273,2025-01-26 06:05:00,North,Police,656,2,7,Normal,0,15,6,6,1,40.0,72.0,24.0
7274,2025-01-26 06:10:00,East,Other,211,1,10,Normal,0,19,6,6,1,15.0,74.0,24.666666666666668
7275,2025-01-26 06:15:00,South,Other,122,1,28,Normal,0,19,6,6,1,19.0,53.0,17.666666666666668
7276,2025-01-26 06:20:00,West,Medical,567,3,29,Normal,0,17,6,6,1,19.0,55.0,18.333333333333332
7277,2025-01-26 06:25:00,Central,Police,624,2,17,Normal,0,15,6,6,1,17.0,51.0,17.0
7278,2025-01-26 06:30:00,Central,Medical,330,3,8,Normal,0,14,6,6,1,15.0,46.0,15.333333333333334
7279,2025-01-26 06:35:00,South,Other,388,1,21,Normal,0,20,6,6,1,14.0,49.0,16.333333333333332
7280,2025-01-26 06:40:00,South,Medical,882,3,10,Normal,0,16,6,6,1,20.0,50.0,16.666666666666668
7281,2025-01-26 06:45:00,South,Police,689,2,9,Normal,0,25,6,6,1,16.0,61.0,20.333333333333332
7282,2025-01-26 06:50:00,Central,Fire,732,4,18,Normal,0,28,6,6,1,25.0,69.0,23.0
7283,2025-01-26 06:55:00,North,Medical,691,3,10,Severe,0,44,6,6,1,28.0,97.0,32.333333333333336
7284,2025-01-26 07:00:00,North,Police,361,2,23,Normal,0,14,7,6,1,44.0,86.0,28.666666666666668
7285,2025-01-26 07:05:00,South,Other,235,1,28,Normal,0,26,7,6,1,14.0,84.0,28.0
7286,2025-01-26 07:10:00,East,Medical,745,3,23,Normal,0,20,7,6,1,26.0,60.0,20.0
7287,2025-01-26 07:15:00,South,Medical,598,3,15,Normal,0,14,7,6,1,20.0,60.0,20.0
7288,2025-01-26 07:20:00,North,Medical,606,3,19,Normal,0,17,7,6,1,14.0,51.0,17.0
7289,2025-01-26 07:25:00,West,Police,224,2,14,Normal,0,20,7,6,1,17.0,51.0,17.0
7290,2025-01-26 07:30:00,South,Police,365,2,13,Normal,0,26,7,6,1,20.0,63.0,21.0
7291,2025-01-26 07:35:00,East,Medical,685,3,11,Normal,0,16,7,6,1,26.0,62.0,20.666666666666668
7292,2025-01-26 07:40:00,West,Police,522,2,19,Normal,0,28,7,6,1,16.0,70.0,23.333333333333332
7293,2025-01-26 07:45:00,West,Police,636,2,24,Normal,0,17,7,6,1,28.0,61.0,20.333333333333332
7294,2025-01-26 07:50:00,South,Medical,891,3,5,Normal,0,30,7,6,1,17.0,75.0,25.0
7295,2025-01-26 07:55:00,North,Other,353,1,23,Normal,0,24,7,6,1,30.0,71.0,23.666666666666668
7296,2025-01-26 08:00:00,West,Police,727,2,8,Normal,0,30,8,6,1,24.0,84.0,28.0
7297,2025-01-26 08:05:00,West,Medical,507,3,18,Normal,0,27,8,6,1,30.0,81.0,27.0
7298,2025-01-26 08:10:00,Central,Police,436,2,28,Normal,0,23,8,6,1,27.0,80.0,26.666666666666668
7299,2025-01-26 08:15:00,North,Medical,589,3,11,Normal,0,34,8,6,1,23.0,84.0,28.0
7300,2025-01-26 08:20:00,North,Police,446,2,10,Severe,0,38,8,6,1,34.0,95.0,31.666666666666668
7301,2025-01-26 08:25:00,South,Police,358,2,17,Normal,1,44,8,6,1,38.0,116.0,38.666666666666664
7302,2025-01-26 08:30:00,Central,Police,422,2,8,Normal,0,27,8,6,1,44.0,109.0,36.333333333333336
7303,2025-01-26 08:35:00,West,Police,522,2,17,Normal,0,29,8,6,1,27.0,100.0,33.333333333333336
7304,2025-01-26 08:40:00,East,Other,206,1,28,Normal,0,34,8,6,1,29.0,90.0,30.0
7305,2025-01-26 08:45:00,North,Other,188,1,23,Severe,0,46,8,6,1,34.0,109.0,36.333333333333336
7306,2025-01-26 08:50:00,West,Other,394,1,17,Normal,0,36,8,6,1,46.0,116.0,38.666666666666664
7307,2025-01-26 08:55:00,South,Police,257,2,21,Normal,0,28,8,6,1,36.0,110.0,36.666666666666664
7308,2025-01-26 09:00:00,West,Police,248,2,17,Normal,0,23,9,6,1,28.0,87.0,29.0
7309,2025-01-26 09:05:00,East,Medical,635,3,20,Severe,0,55,9,6,1,23.0,106.0,35.333333333333336
7310,2025-01-26 09:10:00,East,Other,337,1,15,Normal,0,31,9,6,1,55.0,109.0,36.333333333333336
7311,2025-01-26 09:15:00,North,Other,159,1,14,Normal,0,26,9,6,1,31.0,112.0,37.333333333333336
7312,2025-01-26 09:20:00,East,Fire,527,4,15,Normal,0,39,9,6,1,26.0,96.0,32.0
7313,2025-01-26 09:25:00,Central,Police,516,2,28,Normal,0,31,9,6,1,39.0,96.0,32.0
7314,2025-01-26 09:30:00,West,Police,595,2,7,Normal,0,24,9,6,1,31.0,94.0,31.333333333333332
7315,2025-01-26 09:35:00,Central,Police,371,2,18,Normal,0,30,9,6,1,24.0,85.0,28.333333333333332
7316,2025-01-26 09:40:00,Central,Police,497,2,19,Normal,0,38,9,6,1,30.0,92.0,30.666666666666668
7317,2025-01-26 09:45:00,East,Other,350,1,20,Normal,0,31,9,6,1,38.0,99.0,33.0
7318,2025-01-26 09:50:00,North,Police,579,2,6,Normal,0,22,9,6,1,31.0,91.0,30.333333333333332
7319,2025-01-26 09:55:00,West,Other,101,1,27,Normal,0,30,9,6,1,22.0,83.0,27.666666666666668
7320,2025-01-26 10:00:00,North,Other,114,1,29,Normal,0,18,10,6,1,30.0,70.0,23.333333333333332
7321,2025-01-26 10:05:00,East,Police,789,2,23,Normal,0,24,10,6,1,18.0,72.0,24.0
7322,2025-01-26 10:10:00,North,Medical,793,3,24,Normal,0,16,10,6,1,24.0,58.0,19.333333333333332
7323,2025-01-26 10:15:00,North,Medical,419,3,12,Normal,0,14,10,6,1,16.0,54.0,18.0
7324,2025-01-26 10:20:00,East,Medical,624,3,16,Normal,0,16,10,6,1,14.0,46.0,15.333333333333334
7325,2025-01-26 10:25:00,Central,Police,306,2,10,Normal,0,23,10,6,1,16.0,53.0,17.666666666666668
7326,2025-01-26 10:30:00,North,Fire,708,4,10,Normal,1,31,10,6,1,23.0,70.0,23.333333333333332
7327,2025-01-26 10:35:00,Central,Other,233,1,25,Normal,0,15,10,6,1,31.0,69.0,23.0
7328,2025-01-26 10:40:00,South,Medical,676,3,26,Normal,0,22,10,6,1,15.0,68.0,22.666666666666668
7329,2025-01-26 10:45:00,Central,Other,290,1,21,Normal,0,17,10,6,1,22.0,54.0,18.0
7330,2025-01-26 10:50:00,West,Other,235,1,17,Normal,0,21,10,6,1,17.0,60.0,20.0
7331,2025-01-26 10:55:00,Central,Medical,863,3,25,Normal,0,17,10,6,1,21.0,55.0,18.333333333333332
7332,2025-01-26 11:00:00,East,Medical,660,3,6,Normal,0,22,11,6,1,17.0,60.0,20.0
7333,2025-01-26 11:05:00,South,Other,325,1,20,Normal,0,19,11,6,1,22.0,58.0,19.333333333333332
7334,2025-01-26 11:10:00,Central,Police,299,2,6,Normal,0,23,11,6,1,19.0,64.0,21.333333333333332
7335,2025-01-26 11:15:00,West,Police,379,2,5,Normal,0,27,11,6,1,23.0,69.0,23.0
7336,2025-01-26 11:20:00,East,Medical,732,3,22,Normal,0,18,11,6,1,27.0,68.0,22.666666666666668
7337,2025-01-26 11:25:00,West,Police,485,2,27,Normal,0,29,11,6,1,18.0,74.0,24.666666666666668
7338,2025-01-26 11:30:00,South,Police,651,2,19,Normal,0,33,11,6,1,29.0,80.0,26.666666666666668
7339,2025-01-26 11:35:00,West,Medical,862,3,26,Normal,0,15,11,6,1,33.0,77.0,25.666666666666668
7340,2025-01-26 11:40:00,Central,Police,526,2,26,Severe,0,43,11,6,1,15.0,91.0,30.333333333333332
7341,2025-01-26 11:45:00,North,Medical,764,3,12,Normal,0,12,11,6,1,43.0,70.0,23.333333333333332
7342,2025-01-26 11:50:00,East,Medical,883,3,17,Normal,0,23,11,6,1,12.0,78.0,26.0
7343,2025-01-26 11:55:00,West,Other,188,1,10,Normal,0,15,11,6,1,23.0,50.0,16.666666666666668
7344,2025-01-26 12:00:00,North,Police,576,2,18,Normal,0,14,12,6,1,15.0,52.0,17.333333333333332
7345,2025-01-26 12:05:00,North,Other,207,1,26,Normal,1,30,12,6,1,14.0,59.0,19.666666666666668
7346,2025-01-26 12:10:00,East,Medical,574,3,9,Normal,0,22,12,6,1,30.0,66.0,22.0
7347,2025-01-26 12:15:00,West,Police,787,2,29,Normal,0,11,12,6,1,22.0,63.0,21.0
7348,2025-01-26 12:20:00,East,Police,347,2,27,Normal,1,34,12,6,1,11.0,67.0,22.333333333333332
7349,2025-01-26 12:25:00,Central,Police,572,2,27,Normal,0,21,12,6,1,34.0,66.0,22.0
7350,2025-01-26 12:30:00,South,Medical,719,3,19,Normal,0,22,12,6,1,21.0,77.0,25.666666666666668
7351,2025-01-26 12:35:00,West,Other,281,1,5,Normal,0,22,12,6,1,22.0,65.0,21.666666666666668
7352,2025-01-26 12:40:00,South,Other,356,1,12,Normal,0,15,12,6,1,22.0,59.0,19.666666666666668
7353,2025-01-26 12:45:00,North,Medical,503,3,20,Normal,0,25,12,6,1,15.0,62.0,20.666666666666668
7354,2025-01-26 12:50:00,North,Other,341,1,23,Severe,0,35,12,6,1,25.0,75.0,25.0
7355,2025-01-26 12:55:00,East,Other,329,1,26,Normal,0,27,12,6,1,35.0,87.0,29.0
7356,2025-01-26 13:00:00,South,Other,110,1,17,Normal,0,17,13,6,1,27.0,79.0,26.333333333333332
7357,2025-01-26 13:05:00,North,Medical,568,3,11,Normal,0,19,13,6,1,17.0,63.0,21.0
7358,2025-01-26 13:10:00,Central,Fire,1132,4,18,Normal,0,22,13,6,1,19.0,58.0,19.333333333333332
7359,2025-01-26 13:15:00,South,Medical,598,3,19,Normal,0,19,13,6,1,22.0,60.0,20.0
7360,2025-01-26 13:20:00,South,Medical,735,3,8,Normal,0,21,13,6,1,19.0,62.0,20.666666666666668
7361,2025-01-26 13:25:00,South,Other,199,1,21,Normal,0,22,13,6,1,21.0,62.0,20.666666666666668
7362,2025-01-26 13:30:00,West,Medical,419,3,5,Normal,0,19,13,6,1,22.0,62.0,20.666666666666668
7363,2025-01-26 13:35:00,East,Medical,379,3,14,Normal,0,17,13,6,1,19.0,58.0,19.333333333333332
7364,2025-01-26 13:40:00,East,Other,151,1,20,Normal,0,19,13,6,1,17.0,55.0,18.333333333333332
7365,2025-01-26 13:45:00,West,Medical,432,3,23,Severe,0,47,13,6,1,19.0,83.0,27.666666666666668
7366,2025-01-26 13:50:00,South,Police,770,2,10,Normal,0,18,13,6,1,47.0,84.0,28.0
7367,2025-01-26 13:55:00,North,Police,528,2,12,Normal,0,23,13,6,1,18.0,88.0,29.333333333333332
7368,2025-01-26 14:00:00,South,Medical,446,3,12,Normal,0,19,14,6,1,23.0,60.0,20.0
7369,2025-01-26 14:05:00,Central,Medical,381,3,16,Normal,0,18,14,6,1,19.0,60.0,20.0
7370,2025-01-26 14:10:00,East,Medical,736,3,14,Normal,1,39,14,6,1,18.0,76.0,25.333333333333332
7371,2025-01-26 14:15:00,West,Fire,911,4,26,Normal,0,14,14,6,1,39.0,71.0,23.666666666666668
7372,2025-01-26 14:20:00,West,Medical,301,3,15,Normal,0,22,14,6,1,14.0,75.0,25.0
7373,2025-01-26 14:25:00,East,Police,458,2,22,Normal,0,18,14,6,1,22.0,54.0,18.0
7374,2025-01-26 14:30:00,South,Other,113,1,20,Normal,0,18,14,6,1,18.0,58.0,19.333333333333332
7375,2025-01-26 14:35:00,South,Medical,459,3,13,Normal,0,16,14,6,1,18.0,52.0,17.333333333333332
7376,2025-01-26 14:40:00,Central,Medical,538,3,18,Normal,0,20,14,6,1,16.0,54.0,18.0
7377,2025-01-26 14:45:00,East,Police,374,2,5,Normal,0,14,14,6,1,20.0,50.0,16.666666666666668
7378,2025-01-26 14:50:00,West,Fire,1011,4,21,Normal,0,24,14,6,1,14.0,58.0,19.333333333333332
7379,2025-01-26 14:55:00,South,Medical,627,3,19,Normal,0,17,14,6,1,24.0,55.0,18.333333333333332
7380,2025-01-26 15:00:00,North,Other,344,1,19,Normal,0,23,15,6,1,17.0,64.0,21.333333333333332
7381,2025-01-26 15:05:00,North,Police,499,2,6,Normal,0,22,15,6,1,23.0,62.0,20.666666666666668
7382,2025-01-26 15:10:00,North,Medical,465,3,10,Normal,0,27,15,6,1,22.0,72.0,24.0
7383,2025-01-26 15:15:00,East,Medical,400,3,5,Normal,0,23,15,6,1,27.0,72.0,24.0
7384,2025-01-26 15:20:00,Central,Police,750,2,16,Normal,0,23,15,6,1,23.0,73.0,24.333333333333332
7385,2025-01-26 15:25:00,Central,Medical,721,3,18,Normal,1,37,15,6,1,23.0,83.0,27.666666666666668
7386,2025-01-26 15:30:00,South,Police,364,2,8,Normal,0,26,15,6,1,37.0,86.0,28.666666666666668
7387,2025-01-26 15:35:00,South,Other,137,1,16,Severe,0,46,15,6,1,26.0,109.0,36.333333333333336
7388,2025-01-26 15:40:00,South,Medical,395,3,12,Normal,0,23,15,6,1,46.0,95.0,31.666666666666668
7389,2025-01-26 15:45:00,West,Medical,602,3,12,Normal,0,15,15,6,1,23.0,84.0,28.0
7390,2025-01-26 15:50:00,Central,Police,357,2,23,Normal,0,23,15,6,1,15.0,61.0,20.333333333333332
7391,2025-01-26 15:55:00,North,Medical,713,3,20,Normal,0,24,15,6,1,23.0,62.0,20.666666666666668
7392,2025-01-26 16:00:00,South,Medical,614,3,23,Severe,0,38,16,6,1,24.0,85.0,28.333333333333332
7393,2025-01-26 16:05:00,North,Police,341,2,28,Normal,0,22,16,6,1,38.0,84.0,28.0
7394,2025-01-26 16:10:00,Central,Fire,669,4,6,Normal,0,16,16,6,1,22.0,76.0,25.333333333333332
7395,2025-01-26 16:15:00,North,Medical,467,3,10,Normal,0,20,16,6,1,16.0,58.0,19.333333333333332
7396,2025-01-26 16:20:00,West,Fire,895,4,16,Normal,1,34,16,6,1,20.0,70.0,23.333333333333332
7397,2025-01-26 16:25:00,West,Medical,819,3,17,Normal,0,14,16,6,1,34.0,68.0,22.666666666666668
7398,2025-01-26 16:30:00,East,Police,283,2,8,Normal,0,20,16,6,1,14.0,68.0,22.666666666666668
7399,2025-01-26 16:35:00,South,Medical,408,3,29,Normal,0,16,16,6,1,20.0,50.0,16.666666666666668
7400,2025-01-26 16:40:00,East,Fire,423,4,18,Normal,0,14,16,6,1,16.0,50.0,16.666666666666668
7401,2025-01-26 16:45:00,South,Police,616,2,29,Normal,0,10,16,6,1,14.0,40.0,13.333333333333334
7402,2025-01-26 16:50:00,North,Other,344,1,8,Normal,0,18,16,6,1,10.0,42.0,14.0
7403,2025-01-26 16:55:00,North,Police,590,2,15,Normal,0,20,16,6,1,18.0,48.0,16.0
7404,2025-01-26 17:00:00,Central,Police,633,2,15,Normal,0,25,17,6,1,20.0,63.0,21.0
7405,2025-01-26 17:05:00,Central,Other,143,1,21,Normal,0,17,17,6,1,25.0,62.0,20.666666666666668
7406,2025-01-26 17:10:00,South,Police,215,2,11,Normal,0,28,17,6,1,17.0,70.0,23.333333333333332
7407,2025-01-26 17:15:00,Central,Medical,685,3,20,Normal,0,17,17,6,1,28.0,62.0,20.666666666666668
7408,2025-01-26 17:20:00,North,Medical,727,3,29,Normal,0,25,17,6,1,17.0,70.0,23.333333333333332
7409,2025-01-26 17:25:00,North,Other,323,1,27,Normal,0,13,17,6,1,25.0,55.0,18.333333333333332
7410,2025-01-26 17:30:00,Central,Medical,305,3,18,Normal,0,16,17,6,1,13.0,54.0,18.0
7411,2025-01-26 17:35:00,Central,Medical,813,3,26,Normal,0,20,17,6,1,16.0,49.0,16.333333333333332
7412,2025-01-26 17:40:00,East,Medical,686,3,23,Normal,0,19,17,6,1,20.0,55.0,18.333333333333332
7413,2025-01-26 17:45:00,Central,Police,696,2,8,Normal,0,24,17,6,1,19.0,63.0,21.0
7414,2025-01-26 17:50:00,North,Medical,408,3,10,Normal,0,18,17,6,1,24.0,61.0,20.333333333333332
7415,2025-01-26 17:55:00,North,Police,510,2,10,Normal,0,16,17,6,1,18.0,58.0,19.333333333333332
7416,2025-01-26 18:00:00,South,Fire,1059,4,19,Normal,0,27,18,6,1,16.0,61.0,20.333333333333332
7417,2025-01-26 18:05:00,West,Police,779,2,9,Severe,0,51,18,6,1,27.0,94.0,31.333333333333332
7418,2025-01-26 18:10:00,West,Medical,452,3,14,Normal,1,39,18,6,1,51.0,117.0,39.0
7419,2025-01-26 18:15:00,East,Fire,1147,4,9,Normal,0,39,18,6,1,39.0,129.0,43.0
7420,2025-01-26 18:20:00,South,Police,397,2,12,Normal,0,36,18,6,1,39.0,114.0,38.0
7421,2025-01-26 18:25:00,North,Medical,546,3,20,Normal,0,34,18,6,1,36.0,109.0,36.333333333333336
7422,2025-01-26 18:30:00,East,Police,237,2,29,Normal,0,28,18,6,1,34.0,98.0,32.666666666666664
7423,2025-01-26 18:35:00,East,Other,156,1,11,Severe,0,51,18,6,1,28.0,113.0,37.666666666666664
7424,2025-01-26 18:40:00,East,Police,691,2,25,Normal,0,31,18,6,1,51.0,110.0,36.666666666666664
7425,2025-01-26 18:45:00,West,Other,252,1,27,Normal,0,32,18,6,1,31.0,114.0,38.0
7426,2025-01-26 18:50:00,West,Medical,792,3,21,Normal,0,26,18,6,1,32.0,89.0,29.666666666666668
7427,2025-01-26 18:55:00,West,Medical,405,3,22,Normal,0,23,18,6,1,26.0,81.0,27.0
7428,2025-01-26 19:00:00,Central,Medical,639,3,26,Normal,0,22,19,6,1,23.0,71.0,23.666666666666668
7429,2025-01-26 19:05:00,Central,Police,492,2,29,Normal,0,23,19,6,1,22.0,68.0,22.666666666666668
7430,2025-01-26 19:10:00,Central,Police,482,2,7,Normal,0,38,19,6,1,23.0,83.0,27.666666666666668
7431,2025-01-26 19:15:00,South,Police,374,2,18,Normal,0,35,19,6,1,38.0,96.0,32.0
7432,2025-01-26 19:20:00,North,Medical,800,3,25,Normal,0,35,19,6,1,35.0,108.0,36.0
7433,2025-01-26 19:25:00,Central,Medical,813,3,15,Normal,0,34,19,6,1,35.0,104.0,34.666666666666664
7434,2025-01-26 19:30:00,Central,Other,129,1,8,Normal,0,32,19,6,1,34.0,101.0,33.666666666666664
7435,2025-01-26 19:35:00,North,Police,417,2,27,Normal,0,35,19,6,1,32.0,101.0,33.666666666666664
7436,2025-01-26 19:40:00,East,Medical,647,3,11,Normal,0,31,19,6,1,35.0,98.0,32.666666666666664
7437,2025-01-26 19:45:00,West,Medical,369,3,19,Normal,0,37,19,6,1,31.0,103.0,34.333333333333336
7438,2025-01-26 19:50:00,South,Police,782,2,5,Severe,0,50,19,6,1,37.0,118.0,39.333333333333336
7439,2025-01-26 19:55:00,Central,Police,445,2,5,Normal,0,24,19,6,1,50.0,111.0,37.0
7440,2025-01-26 20:00:00,East,Medical,356,3,27,Normal,0,31,20,6,1,24.0,105.0,35.0
7441,2025-01-26 20:05:00,Central,Other,192,1,9,Normal,0,33,20,6,1,31.0,88.0,29.333333333333332
7442,2025-01-26 20:10:00,South,Medical,744,3,26,Normal,0,30,20,6,1,33.0,94.0,31.333333333333332
7443,2025-01-26 20:15:00,South,Medical,721,3,13,Normal,0,32,20,6,1,30.0,95.0,31.666666666666668
7444,2025-01-26 20:20:00,Central,Police,641,2,28,Normal,0,26,20,6,1,32.0,88.0,29.333333333333332
7445,2025-01-26 20:25:00,North,Police,498,2,21,Normal,0,36,20,6,1,26.0,94.0,31.333333333333332
7446,2025-01-26 20:30:00,North,Medical,864,3,17,Normal,0,25,20,6,1,36.0,87.0,29.0
7447,2025-01-26 20:35:00,Central,Other,307,1,15,Normal,0,27,20,6,1,25.0,88.0,29.333333333333332
7448,2025-01-26 20:40:00,East,Other,195,1,29,Normal,0,34,20,6,1,27.0,86.0,28.666666666666668
7449,2025-01-26 20:45:00,East,Fire,1048,4,10,Normal,0,22,20,6,1,34.0,83.0,27.666666666666668
7450,2025-01-26 20:50:00,East,Medical,668,3,27,Normal,0,37,20,6,1,22.0,93.0,31.0
7451,2025-01-26 20:55:00,East,Medical,386,3,17,Normal,0,38,20,6,1,37.0,97.0,32.333333333333336
7452,2025-01-26 21:00:00,West,Other,151,1,6,Normal,0,28,21,6,1,38.0,103.0,34.333333333333336
7453,2025-01-26 21:05:00,East,Medical,367,3,25,Normal,0,15,21,6,1,28.0,81.0,27.0
7454,2025-01-26 21:10:00,West,Police,754,2,28,Normal,0,21,21,6,1,15.0,64.0,21.333333333333332
7455,2025-01-26 21:15:00,East,Other,121,1,24,Normal,0,24,21,6,1,21.0,60.0,20.0
7456,2025-01-26 21:20:00,East,Other,181,1,7,Normal,0,17,21,6,1,24.0,62.0,20.666666666666668
7457,2025-01-26 21:25:00,South,Police,235,2,26,Normal,0,20,21,6,1,17.0,61.0,20.333333333333332
7458,2025-01-26 21:30:00,South,Other,330,1,26,Normal,0,17,21,6,1,20.0,54.0,18.0
7459,2025-01-26 21:35:00,South,Medical,302,3,14,Normal,0,26,21,6,1,17.0,63.0,21.0
7460,2025-01-26 21:40:00,East,Fire,511,4,10,Normal,0,19,21,6,1,26.0,62.0,20.666666666666668
7461,2025-01-26 21:45:00,North,Medical,369,3,27,Severe,0,27,21,6,1,19.0,72.0,24.0
7462,2025-01-26 21:50:00,East,Medical,789,3,14,Normal,0,23,21,6,1,27.0,69.0,23.0
7463,2025-01-26 21:55:00,North,Police,375,2,7,Normal,0,26,21,6,1,23.0,76.0,25.333333333333332
7464,2025-01-26 22:00:00,North,Medical,638,3,11,Normal,0,13,22,6,1,26.0,62.0,20.666666666666668
7465,2025-01-26 22:05:00,South,Other,376,1,28,Normal,0,22,22,6,1,13.0,61.0,20.333333333333332
7466,2025-01-26 22:10:00,Central,Fire,501,4,19,Normal,0,11,22,6,1,22.0,46.0,15.333333333333334
7467,2025-01-26 22:15:00,East,Police,792,2,5,Severe,0,35,22,6,1,11.0,68.0,22.666666666666668
7468,2025-01-26 22:20:00,South,Medical,633,3,6,Normal,0,15,22,6,1,35.0,61.0,20.333333333333332
7469,2025-01-26 22:25:00,East,Other,342,1,15,Normal,0,25,22,6,1,15.0,75.0,25.0
7470,2025-01-26 22:30:00,West,Police,377,2,16,Normal,0,16,22,6,1,25.0,56.0,18.666666666666668
7471,2025-01-26 22:35:00,Central,Medical,898,3,5,Normal,0,17,22,6,1,16.0,58.0,19.333333333333332
7472,2025-01-26 22:40:00,East,Police,585,2,19,Normal,0,9,22,6,1,17.0,42.0,14.0
7473,2025-01-26 22:45:00,Central,Other,254,1,21,Normal,0,19,22,6,1,9.0,45.0,15.0
7474,2025-01-26 22:50:00,West,Other,134,1,19,Normal,0,19,22,6,1,19.0,47.0,15.666666666666666
7475,2025-01-26 22:55:00,Central,Police,535,2,12,Normal,0,26,22,6,1,19.0,64.0,21.333333333333332
7476,2025-01-26 23:00:00,Central,Medical,368,3,17,Normal,0,25,23,6,1,26.0,70.0,23.333333333333332
7477,2025-01-26 23:05:00,East,Other,294,1,25,Normal,0,26,23,6,1,25.0,77.0,25.666666666666668
7478,2025-01-26 23:10:00,Central,Police,201,2,5,Normal,0,21,23,6,1,26.0,72.0,24.0
7479,2025-01-26 23:15:00,Central,Medical,899,3,22,Normal,0,18,23,6,1,21.0,65.0,21.666666666666668
7480,2025-01-26 23:20:00,Central,Police,351,2,16,Normal,0,25,23,6,1,18.0,64.0,21.333333333333332
7481,2025-01-26 23:25:00,South,Other,179,1,9,Severe,0,48,23,6,1,25.0,91.0,30.333333333333332
7482,2025-01-26 23:30:00,East,Medical,505,3,23,Severe,0,47,23,6,1,48.0,120.0,40.0
7483,2025-01-26 23:35:00,North,Police,640,2,14,Normal,0,20,23,6,1,47.0,115.0,38.333333333333336
7484,2025-01-26 23:40:00,North,Other,123,1,14,Normal,0,23,23,6,1,20.0,90.0,30.0
7485,2025-01-26 23:45:00,North,Police,707,2,7,Severe,0,52,23,6,1,23.0,95.0,31.666666666666668
7486,2025-01-26 23:50:00,North,Police,639,2,25,Normal,0,18,23,6,1,52.0,93.0,31.0
7487,2025-01-26 23:55:00,East,Fire,822,4,27,Normal,0,17,23,6,1,18.0,87.0,29.0
7488,2025-01-27 00:00:00,East,Police,717,2,29,Normal,0,27,0,0,0,17.0,62.0,20.666666666666668
7489,2025-01-27 00:05:00,East,Fire,483,4,9,Normal,0,23,0,0,0,27.0,67.0,22.333333333333332
7490,2025-01-27 00:10:00,North,Police,229,2,24,Normal,0,5,0,0,0,23.0,55.0,18.333333333333332
7491,2025-01-27 00:15:00,West,Other,285,1,19,Normal,0,20,0,0,0,5.0,48.0,16.0
7492,2025-01-27 00:20:00,West,Other,224,1,9,Normal,0,17,0,0,0,20.0,42.0,14.0
7493,2025-01-27 00:25:00,South,Medical,591,3,28,Normal,0,27,0,0,0,17.0,64.0,21.333333333333332
7494,2025-01-27 00:30:00,West,Fire,819,4,27,Normal,0,18,0,0,0,27.0,62.0,20.666666666666668
7495,2025-01-27 00:35:00,Central,Police,450,2,27,Normal,0,16,0,0,0,18.0,61.0,20.333333333333332
7496,2025-01-27 00:40:00,South,Medical,627,3,27,Normal,0,24,0,0,0,16.0,58.0,19.333333333333332
7497,2025-01-27 00:45:00,South,Other,158,1,13,Normal,0,20,0,0,0,24.0,60.0,20.0
7498,2025-01-27 00:50:00,South,Police,542,2,22,Severe,0,36,0,0,0,20.0,80.0,26.666666666666668
7499,2025-01-27 00:55:00,North,Police,739,2,29,Normal,0,25,0,0,0,36.0,81.0,27.0
7500,2025-01-27 01:00:00,North,Medical,691,3,22,Normal,0,23,1,0,0,25.0,84.0,28.0
7501,2025-01-27 01:05:00,Central,Fire,842,4,21,Severe,0,39,1,0,0,23.0,87.0,29.0
7502,2025-01-27 01:10:00,West,Other,334,1,16,Normal,0,23,1,0,0,39.0,85.0,28.333333333333332
7503,2025-01-27 01:15:00,West,Police,424,2,20,Normal,0,17,1,0,0,23.0,79.0,26.333333333333332
7504,2025-01-27 01:20:00,East,Medical,579,3,26,Normal,0,17,1,0,0,17.0,57.0,19.0
7505,2025-01-27 01:25:00,West,Police,682,2,27,Severe,0,38,1,0,0,17.0,72.0,24.0
7506,2025-01-27 01:30:00,Central,Medical,897,3,29,Normal,0,26,1,0,0,38.0,81.0,27.0
7507,2025-01-27 01:35:00,West,Medical,477,3,12,Normal,0,20,1,0,0,26.0,84.0,28.0
7508,2025-01-27 01:40:00,West,Medical,738,3,10,Normal,0,21,1,0,0,20.0,67.0,22.333333333333332
7509,2025-01-27 01:45:00,Central,Medical,550,3,28,Normal,0,19,1,0,0,21.0,60.0,20.0
7510,2025-01-27 01:50:00,South,Medical,678,3,27,Normal,0,27,1,0,0,19.0,67.0,22.333333333333332
7511,2025-01-27 01:55:00,North,Police,278,2,25,Normal,0,21,1,0,0,27.0,67.0,22.333333333333332
7512,2025-01-27 02:00:00,Central,Fire,471,4,25,Normal,1,35,2,0,0,21.0,83.0,27.666666666666668
7513,2025-01-27 02:05:00,West,Police,545,2,11,Normal,0,22,2,0,0,35.0,78.0,26.0
7514,2025-01-27 02:10:00,East,Police,449,2,25,Normal,0,17,2,0,0,22.0,74.0,24.666666666666668
7515,2025-01-27 02:15:00,North,Police,290,2,11,Normal,0,18,2,0,0,17.0,57.0,19.0
7516,2025-01-27 02:20:00,West,Medical,803,3,6,Normal,0,21,2,0,0,18.0,56.0,18.666666666666668
7517,2025-01-27 02:25:00,South,Medical,780,3,8,Normal,0,24,2,0,0,21.0,63.0,21.0
7518,2025-01-27 02:30:00,South,Medical,467,3,24,Normal,0,11,2,0,0,24.0,56.0,18.666666666666668
7519,2025-01-27 02:35:00,East,Medical,879,3,17,Normal,0,27,2,0,0,11.0,62.0,20.666666666666668
7520,2025-01-27 02:40:00,Central,Police,560,2,26,Normal,0,15,2,0,0,27.0,53.0,17.666666666666668
7521,2025-01-27 02:45:00,North,Medical,797,3,28,Normal,0,24,2,0,0,15.0,66.0,22.0
7522,2025-01-27 02:50:00,East,Medical,839,3,26,Normal,0,21,2,0,0,24.0,60.0,20.0
7523,2025-01-27 02:55:00,South,Fire,976,4,19,Normal,0,15,2,0,0,21.0,60.0,20.0
7524,2025-01-27 03:00:00,East,Medical,815,3,6,Normal,0,22,3,0,0,15.0,58.0,19.333333333333332
7525,2025-01-27 03:05:00,East,Other,372,1,29,Normal,0,19,3,0,0,22.0,56.0,18.666666666666668
7526,2025-01-27 03:10:00,East,Police,702,2,23,Normal,0,21,3,0,0,19.0,62.0,20.666666666666668
7527,2025-01-27 03:15:00,North,Police,617,2,5,Normal,0,15,3,0,0,21.0,55.0,18.333333333333332
7528,2025-01-27 03:20:00,North,Other,290,1,10,Normal,0,17,3,0,0,15.0,53.0,17.666666666666668
7529,2025-01-27 03:25:00,West,Other,198,1,15,Normal,0,14,3,0,0,17.0,46.0,15.333333333333334
7530,2025-01-27 03:30:00,West,Police,228,2,13,Normal,0,21,3,0,0,14.0,52.0,17.333333333333332
7531,2025-01-27 03:35:00,North,Medical,698,3,25,Normal,0,15,3,0,0,21.0,50.0,16.666666666666668
7532,2025-01-27 03:40:00,Central,Police,444,2,12,Normal,0,15,3,0,0,15.0,51.0,17.0
7533,2025-01-27 03:45:00,West,Police,448,2,25,Normal,0,26,3,0,0,15.0,56.0,18.666666666666668
7534,2025-01-27 03:50:00,South,Other,325,1,6,Normal,0,17,3,0,0,26.0,58.0,19.333333333333332
7535,2025-01-27 03:55:00,Central,Police,626,2,12,Normal,0,25,3,0,0,17.0,68.0,22.666666666666668
7536,2025-01-27 04:00:00,West,Police,417,2,7,Normal,0,17,4,0,0,25.0,59.0,19.666666666666668
7537,2025-01-27 04:05:00,East,Medical,883,3,25,Normal,0,18,4,0,0,17.0,60.0,20.0
7538,2025-01-27 04:10:00,West,Medical,507,3,19,Normal,0,22,4,0,0,18.0,57.0,19.0
7539,2025-01-27 04:15:00,West,Medical,815,3,24,Normal,0,21,4,0,0,22.0,61.0,20.333333333333332
7540,2025-01-27 04:20:00,South,Medical,468,3,18,Normal,0,29,4,0,0,21.0,72.0,24.0
7541,2025-01-27 04:25:00,West,Police,657,2,6,Normal,0,23,4,0,0,29.0,73.0,24.333333333333332
7542,2025-01-27 04:30:00,East,Medical,481,3,11,Normal,0,16,4,0,0,23.0,68.0,22.666666666666668
7543,2025-01-27 04:35:00,Central,Medical,809,3,16,Normal,0,23,4,0,0,16.0,62.0,20.666666666666668
7544,2025-01-27 04:40:00,Central,Medical,649,3,10,Normal,0,23,4,0,0,23.0,62.0,20.666666666666668
7545,2025-01-27 04:45:00,East,Police,626,2,17,Normal,0,17,4,0,0,23.0,63.0,21.0
7546,2025-01-27 04:50:00,West,Police,372,2,7,Normal,0,17,4,0,0,17.0,57.0,19.0
7547,2025-01-27 04:55:00,North,Medical,379,3,5,Normal,0,14,4,0,0,17.0,48.0,16.0
7548,2025-01-27 05:00:00,South,Police,730,2,18,Normal,0,23,5,0,0,14.0,54.0,18.0
7549,2025-01-27 05:05:00,West,Medical,826,3,29,Normal,0,17,5,0,0,23.0,54.0,18.0
7550,2025-01-27 05:10:00,South,Medical,591,3,9,Normal,0,20,5,0,0,17.0,60.0,20.0
7551,2025-01-27 05:15:00,South,Medical,638,3,13,Normal,0,18,5,0,0,20.0,55.0,18.333333333333332
7552,2025-01-27 05:20:00,North,Police,583,2,5,Normal,0,15,5,0,0,18.0,53.0,17.666666666666668
7553,2025-01-27 05:25:00,South,Other,305,1,26,Normal,0,25,5,0,0,15.0,58.0,19.333333333333332
7554,2025-01-27 05:30:00,West,Medical,773,3,20,Normal,0,24,5,0,0,25.0,64.0,21.333333333333332
7555,2025-01-27 05:35:00,West,Other,164,1,22,Normal,0,27,5,0,0,24.0,76.0,25.333333333333332
7556,2025-01-27 05:40:00,South,Medical,659,3,14,Normal,0,26,5,0,0,27.0,77.0,25.666666666666668
7557,2025-01-27 05:45:00,West,Police,460,2,21,Normal,0,29,5,0,0,26.0,82.0,27.333333333333332
7558,2025-01-27 05:50:00,South,Medical,898,3,9,Normal,0,18,5,0,0,29.0,73.0,24.333333333333332
7559,2025-01-27 05:55:00,East,Medical,765,3,5,Normal,0,33,5,0,0,18.0,80.0,26.666666666666668
7560,2025-01-27 06:00:00,West,Fire,639,4,24,Normal,0,23,6,0,0,33.0,74.0,24.666666666666668
7561,2025-01-27 06:05:00,West,Medical,813,3,28,Normal,0,22,6,0,0,23.0,78.0,26.0
7562,2025-01-27 06:10:00,North,Fire,604,4,15,Normal,0,16,6,0,0,22.0,61.0,20.333333333333332
7563,2025-01-27 06:15:00,East,Medical,359,3,21,Normal,0,24,6,0,0,16.0,62.0,20.666666666666668
7564,2025-01-27 06:20:00,South,Medical,411,3,9,Normal,0,23,6,0,0,24.0,63.0,21.0
7565,2025-01-27 06:25:00,East,Medical,470,3,12,Normal,0,21,6,0,0,23.0,68.0,22.666666666666668
7566,2025-01-27 06:30:00,Central,Medical,387,3,9,Normal,0,23,6,0,0,21.0,67.0,22.333333333333332
7567,2025-01-27 06:35:00,Central,Other,138,1,13,Normal,0,19,6,0,0,23.0,63.0,21.0
7568,2025-01-27 06:40:00,North,Other,264,1,24,Normal,0,14,6,0,0,19.0,56.0,18.666666666666668
7569,2025-01-27 06:45:00,Central,Police,386,2,27,Normal,0,25,6,0,0,14.0,58.0,19.333333333333332
7570,2025-01-27 06:50:00,South,Medical,388,3,15,Severe,0,42,6,0,0,25.0,81.0,27.0
7571,2025-01-27 06:55:00,Central,Other,203,1,18,Severe,0,45,6,0,0,42.0,112.0,37.333333333333336
7572,2025-01-27 07:00:00,East,Medical,350,3,5,Normal,0,21,7,0,0,45.0,108.0,36.0
7573,2025-01-27 07:05:00,East,Medical,457,3,9,Normal,0,19,7,0,0,21.0,85.0,28.333333333333332
7574,2025-01-27 07:10:00,East,Police,670,2,11,Normal,0,22,7,0,0,19.0,62.0,20.666666666666668
7575,2025-01-27 07:15:00,East,Medical,389,3,14,Normal,0,14,7,0,0,22.0,55.0,18.333333333333332
7576,2025-01-27 07:20:00,South,Police,780,2,25,Normal,0,14,7,0,0,14.0,50.0,16.666666666666668
7577,2025-01-27 07:25:00,North,Other,382,1,13,Normal,0,15,7,0,0,14.0,43.0,14.333333333333334
7578,2025-01-27 07:30:00,Central,Other,304,1,15,Normal,1,30,7,0,0,15.0,59.0,19.666666666666668
7579,2025-01-27 07:35:00,Central,Medical,888,3,10,Normal,0,23,7,0,0,30.0,68.0,22.666666666666668
7580,2025-01-27 07:40:00,West,Fire,441,4,23,Severe,0,53,7,0,0,23.0,106.0,35.333333333333336
7581,2025-01-27 07:45:00,West,Police,220,2,23,Severe,0,45,7,0,0,53.0,121.0,40.333333333333336
7582,2025-01-27 07:50:00,West,Police,486,2,25,Normal,0,17,7,0,0,45.0,115.0,38.333333333333336
7583,2025-01-27 07:55:00,North,Police,529,2,27,Normal,0,14,7,0,0,17.0,76.0,25.333333333333332
7584,2025-01-27 08:00:00,East,Medical,626,3,15,Normal,0,27,8,0,0,14.0,58.0,19.333333333333332
7585,2025-01-27 08:05:00,South,Police,758,2,14,Normal,0,32,8,0,0,27.0,73.0,24.333333333333332
7586,2025-01-27 08:10:00,West,Medical,841,3,11,Normal,0,38,8,0,0,32.0,97.0,32.333333333333336
7587,2025-01-27 08:15:00,Central,Other,296,1,20,Normal,0,30,8,0,0,38.0,100.0,33.333333333333336
7588,2025-01-27 08:20:00,North,Fire,990,4,11,Normal,0,26,8,0,0,30.0,94.0,31.333333333333332
7589,2025-01-27 08:25:00,West,Police,610,2,7,Normal,0,30,8,0,0,26.0,86.0,28.666666666666668
7590,2025-01-27 08:30:00,West,Medical,498,3,15,Severe,0,45,8,0,0,30.0,101.0,33.666666666666664
7591,2025-01-27 08:35:00,East,Medical,613,3,19,Normal,1,36,8,0,0,45.0,111.0,37.0
7592,2025-01-27 08:40:00,Central,Police,328,2,22,Normal,0,44,8,0,0,36.0,125.0,41.666666666666664
7593,2025-01-27 08:45:00,Central,Medical,758,3,7,Severe,0,53,8,0,0,44.0,133.0,44.333333333333336
7594,2025-01-27 08:50:00,East,Fire,413,4,8,Normal,0,31,8,0,0,53.0,128.0,42.666666666666664
7595,2025-01-27 08:55:00,East,Police,654,2,22,Normal,0,19,8,0,0,31.0,103.0,34.333333333333336
7596,2025-01-27 09:00:00,North,Police,767,2,27,Normal,0,37,9,0,0,19.0,87.0,29.0
7597,2025-01-27 09:05:00,East,Fire,1170,4,25,Normal,0,27,9,0,0,37.0,83.0,27.666666666666668
7598,2025-01-27 09:10:00,South,Police,572,2,14,Normal,0,29,9,0,0,27.0,93.0,31.0
7599,2025-01-27 09:15:00,West,Medical,452,3,28,Normal,0,18,9,0,0,29.0,74.0,24.666666666666668
7600,2025-01-27 09:20:00,West,Police,559,2,22,Normal,0,34,9,0,0,18.0,81.0,27.0
7601,2025-01-27 09:25:00,East,Medical,451,3,9,Normal,0,32,9,0,0,34.0,84.0,28.0
7602,2025-01-27 09:30:00,North,Other,301,1,7,Normal,0,29,9,0,0,32.0,95.0,31.666666666666668
7603,2025-01-27 09:35:00,West,Police,655,2,11,Normal,0,25,9,0,0,29.0,86.0,28.666666666666668
7604,2025-01-27 09:40:00,West,Fire,1108,4,20,Normal,0,27,9,0,0,25.0,81.0,27.0
7605,2025-01-27 09:45:00,West,Medical,659,3,25,Normal,1,50,9,0,0,27.0,102.0,34.0
7606,2025-01-27 09:50:00,North,Police,631,2,25,Normal,0,41,9,0,0,50.0,118.0,39.333333333333336
7607,2025-01-27 09:55:00,North,Police,648,2,22,Normal,0,39,9,0,0,41.0,130.0,43.333333333333336
7608,2025-01-27 10:00:00,North,Medical,837,3,6,Normal,0,23,10,0,0,39.0,103.0,34.333333333333336
7609,2025-01-27 10:05:00,East,Medical,804,3,8,Normal,0,23,10,0,0,23.0,85.0,28.333333333333332
7610,2025-01-27 10:10:00,Central,Police,409,2,15,Normal,0,19,10,0,0,23.0,65.0,21.666666666666668
7611,2025-01-27 10:15:00,East,Medical,354,3,5,Normal,0,21,10,0,0,19.0,63.0,21.0
7612,2025-01-27 10:20:00,North,Medical,390,3,18,Severe,0,35,10,0,0,21.0,75.0,25.0
7613,2025-01-27 10:25:00,West,Other,265,1,22,Normal,0,23,10,0,0,35.0,79.0,26.333333333333332
7614,2025-01-27 10:30:00,West,Police,355,2,15,Normal,0,21,10,0,0,23.0,79.0,26.333333333333332
7615,2025-01-27 10:35:00,South,Medical,501,3,6,Severe,0,49,10,0,0,21.0,93.0,31.0
7616,2025-01-27 10:40:00,South,Medical,318,3,6,Normal,0,19,10,0,0,49.0,89.0,29.666666666666668
7617,2025-01-27 10:45:00,West,Medical,384,3,6,Normal,0,24,10,0,0,19.0,92.0,30.666666666666668
7618,2025-01-27 10:50:00,West,Medical,867,3,22,Normal,0,24,10,0,0,24.0,67.0,22.333333333333332
7619,2025-01-27 10:55:00,South,Police,450,2,26,Severe,0,43,10,0,0,24.0,91.0,30.333333333333332
7620,2025-01-27 11:00:00,East,Medical,814,3,18,Severe,0,37,11,0,0,43.0,104.0,34.666666666666664
7621,2025-01-27 11:05:00,North,Police,232,2,15,Normal,0,20,11,0,0,37.0,100.0,33.333333333333336
7622,2025-01-27 11:10:00,North,Other,340,1,23,Normal,0,26,11,0,0,20.0,83.0,27.666666666666668
7623,2025-01-27 11:15:00,East,Other,339,1,24,Normal,0,21,11,0,0,26.0,67.0,22.333333333333332
7624,2025-01-27 11:20:00,East,Police,352,2,28,Normal,0,22,11,0,0,21.0,69.0,23.0
7625,2025-01-27 11:25:00,West,Medical,634,3,7,Normal,0,20,11,0,0,22.0,63.0,21.0
7626,2025-01-27 11:30:00,North,Fire,496,4,6,Normal,0,23,11,0,0,20.0,65.0,21.666666666666668
7627,2025-01-27 11:35:00,South,Police,415,2,16,Normal,0,19,11,0,0,23.0,62.0,20.666666666666668
7628,2025-01-27 11:40:00,North,Police,224,2,9,Normal,0,26,11,0,0,19.0,68.0,22.666666666666668
7629,2025-01-27 11:45:00,West,Police,417,2,16,Normal,0,25,11,0,0,26.0,70.0,23.333333333333332
7630,2025-01-27 11:50:00,South,Police,488,2,9,Normal,0,24,11,0,0,25.0,75.0,25.0
7631,2025-01-27 11:55:00,Central,Police,417,2,24,Severe,1,47,11,0,0,24.0,96.0,32.0
7632,2025-01-27 12:00:00,West,Other,136,1,19,Normal,0,19,12,0,0,47.0,90.0,30.0
7633,2025-01-27 12:05:00,South,Police,459,2,21,Normal,0,17,12,0,0,19.0,83.0,27.666666666666668
7634,2025-01-27 12:10:00,Central,Police,483,2,25,Normal,0,26,12,0,0,17.0,62.0,20.666666666666668
7635,2025-01-27 12:15:00,South,Police,627,2,15,Normal,0,20,12,0,0,26.0,63.0,21.0
7636,2025-01-27 12:20:00,Central,Police,315,2,21,Severe,0,35,12,0,0,20.0,81.0,27.0
7637,2025-01-27 12:25:00,Central,Police,447,2,14,Normal,0,25,12,0,0,35.0,80.0,26.666666666666668
7638,2025-01-27 12:30:00,Central,Police,266,2,5,Normal,0,13,12,0,0,25.0,73.0,24.333333333333332
7639,2025-01-27 12:35:00,East,Police,724,2,13,Severe,0,42,12,0,0,13.0,80.0,26.666666666666668
7640,2025-01-27 12:40:00,East,Police,509,2,14,Normal,0,22,12,0,0,42.0,77.0,25.666666666666668
7641,2025-01-27 12:45:00,West,Police,695,2,11,Severe,0,34,12,0,0,22.0,98.0,32.666666666666664
7642,2025-01-27 12:50:00,East,Medical,709,3,6,Normal,0,26,12,0,0,34.0,82.0,27.333333333333332
7643,2025-01-27 12:55:00,South,Other,287,1,8,Normal,0,22,12,0,0,26.0,82.0,27.333333333333332
7644,2025-01-27 13:00:00,North,Police,349,2,8,Normal,0,24,13,0,0,22.0,72.0,24.0
7645,2025-01-27 13:05:00,Central,Police,263,2,26,Normal,0,23,13,0,0,24.0,69.0,23.0
7646,2025-01-27 13:10:00,West,Medical,433,3,12,Severe,0,46,13,0,0,23.0,93.0,31.0
7647,2025-01-27 13:15:00,West,Police,448,2,6,Normal,0,19,13,0,0,46.0,88.0,29.333333333333332
7648,2025-01-27 13:20:00,Central,Medical,509,3,23,Normal,0,10,13,0,0,19.0,75.0,25.0
7649,2025-01-27 13:25:00,East,Medical,520,3,29,Normal,0,28,13,0,0,10.0,57.0,19.0
7650,2025-01-27 13:30:00,West,Medical,752,3,6,Normal,0,21,13,0,0,28.0,59.0,19.666666666666668
7651,2025-01-27 13:35:00,Central,Other,242,1,13,Normal,0,28,13,0,0,21.0,77.0,25.666666666666668
7652,2025-01-27 13:40:00,East,Medical,343,3,11,Normal,0,24,13,0,0,28.0,73.0,24.333333333333332
7653,2025-01-27 13:45:00,South,Medical,399,3,27,Normal,0,19,13,0,0,24.0,71.0,23.666666666666668
7654,2025-01-27 13:50:00,North,Police,608,2,21,Normal,0,14,13,0,0,19.0,57.0,19.0
7655,2025-01-27 13:55:00,East,Medical,898,3,25,Normal,0,17,13,0,0,14.0,50.0,16.666666666666668
7656,2025-01-27 14:00:00,West,Other,399,1,10,Normal,0,19,14,0,0,17.0,50.0,16.666666666666668
7657,2025-01-27 14:05:00,South,Other,353,1,23,Normal,0,25,14,0,0,19.0,61.0,20.333333333333332
7658,2025-01-27 14:10:00,East,Police,352,2,28,Normal,0,15,14,0,0,25.0,59.0,19.666666666666668
7659,2025-01-27 14:15:00,South,Medical,802,3,18,Normal,0,24,14,0,0,15.0,64.0,21.333333333333332
7660,2025-01-27 14:20:00,South,Other,357,1,22,Normal,0,20,14,0,0,24.0,59.0,19.666666666666668
7661,2025-01-27 14:25:00,West,Police,427,2,28,Normal,0,18,14,0,0,20.0,62.0,20.666666666666668
7662,2025-01-27 14:30:00,South,Other,331,1,13,Normal,0,16,14,0,0,18.0,54.0,18.0
7663,2025-01-27 14:35:00,West,Fire,1065,4,26,Normal,0,20,14,0,0,16.0,54.0,18.0
7664,2025-01-27 14:40:00,North,Police,376,2,27,Normal,0,24,14,0,0,20.0,60.0,20.0
7665,2025-01-27 14:45:00,West,Medical,895,3,21,Severe,0,39,14,0,0,24.0,83.0,27.666666666666668
7666,2025-01-27 14:50:00,East,Police,446,2,6,Normal,0,10,14,0,0,39.0,73.0,24.333333333333332
7667,2025-01-27 14:55:00,West,Fire,768,4,19,Normal,1,26,14,0,0,10.0,75.0,25.0
7668,2025-01-27 15:00:00,East,Medical,689,3,9,Normal,0,23,15,0,0,26.0,59.0,19.666666666666668
7669,2025-01-27 15:05:00,Central,Medical,500,3,14,Normal,0,11,15,0,0,23.0,60.0,20.0
7670,2025-01-27 15:10:00,North,Medical,628,3,19,Normal,0,21,15,0,0,11.0,55.0,18.333333333333332
7671,2025-01-27 15:15:00,South,Police,661,2,16,Normal,0,11,15,0,0,21.0,43.0,14.333333333333334
7672,2025-01-27 15:20:00,South,Police,798,2,18,Normal,0,20,15,0,0,11.0,52.0,17.333333333333332
7673,2025-01-27 15:25:00,North,Fire,663,4,22,Normal,0,23,15,0,0,20.0,54.0,18.0
7674,2025-01-27 15:30:00,South,Medical,383,3,28,Normal,0,17,15,0,0,23.0,60.0,20.0
7675,2025-01-27 15:35:00,North,Police,467,2,18,Severe,0,34,15,0,0,17.0,74.0,24.666666666666668
7676,2025-01-27 15:40:00,Central,Medical,708,3,6,Normal,0,19,15,0,0,34.0,70.0,23.333333333333332
7677,2025-01-27 15:45:00,West,Other,277,1,11,Severe,0,29,15,0,0,19.0,82.0,27.333333333333332
7678,2025-01-27 15:50:00,Central,Medical,864,3,19,Normal,0,19,15,0,0,29.0,67.0,22.333333333333332
7679,2025-01-27 15:55:00,East,Other,249,1,14,Normal,0,14,15,0,0,19.0,62.0,20.666666666666668
7680,2025-01-27 16:00:00,West,Medical,681,3,23,Normal,0,23,16,0,0,14.0,56.0,18.666666666666668
7681,2025-01-27 16:05:00,Central,Police,755,2,5,Severe,0,44,16,0,0,23.0,81.0,27.0
7682,2025-01-27 16:10:00,Central,Police,716,2,26,Normal,0,18,16,0,0,44.0,85.0,28.333333333333332
7683,2025-01-27 16:15:00,Central,Other,341,1,10,Normal,0,16,16,0,0,18.0,78.0,26.0
7684,2025-01-27 16:20:00,East,Medical,759,3,20,Normal,0,21,16,0,0,16.0,55.0,18.333333333333332
7685,2025-01-27 16:25:00,West,Medical,475,3,10,Normal,0,15,16,0,0,21.0,52.0,17.333333333333332
7686,2025-01-27 16:30:00,West,Medical,519,3,18,Normal,0,22,16,0,0,15.0,58.0,19.333333333333332
7687,2025-01-27 16:35:00,North,Other,353,1,19,Normal,0,12,16,0,0,22.0,49.0,16.333333333333332
7688,2025-01-27 16:40:00,West,Medical,547,3,17,Normal,0,20,16,0,0,12.0,54.0,18.0
7689,2025-01-27 16:45:00,Central,Police,441,2,26,Normal,0,18,16,0,0,20.0,50.0,16.666666666666668
7690,2025-01-27 16:50:00,West,Other,248,1,27,Severe,0,41,16,0,0,18.0,79.0,26.333333333333332
7691,2025-01-27 16:55:00,Central,Medical,490,3,28,Normal,0,15,16,0,0,41.0,74.0,24.666666666666668
7692,2025-01-27 17:00:00,Central,Medical,759,3,9,Normal,0,20,17,0,0,15.0,76.0,25.333333333333332
7693,2025-01-27 17:05:00,East,Other,305,1,29,Normal,0,19,17,0,0,20.0,54.0,18.0
7694,2025-01-27 17:10:00,East,Other,318,1,12,Normal,0,21,17,0,0,19.0,60.0,20.0
7695,2025-01-27 17:15:00,Central,Police,597,2,10,Normal,0,21,17,0,0,21.0,61.0,20.333333333333332
7696,2025-01-27 17:20:00,West,Police,368,2,9,Severe,0,43,17,0,0,21.0,85.0,28.333333333333332
7697,2025-01-27 17:25:00,Central,Medical,711,3,15,Normal,0,18,17,0,0,43.0,82.0,27.333333333333332
7698,2025-01-27 17:30:00,Central,Medical,521,3,11,Normal,0,20,17,0,0,18.0,81.0,27.0
7699,2025-01-27 17:35:00,Central,Other,117,1,6,Normal,0,21,17,0,0,20.0,59.0,19.666666666666668
7700,2025-01-27 17:40:00,North,Medical,804,3,13,Normal,0,16,17,0,0,21.0,57.0,19.0
7701,2025-01-27 17:45:00,East,Police,350,2,9,Normal,1,45,17,0,0,16.0,82.0,27.333333333333332
7702,2025-01-27 17:50:00,West,Other,342,1,29,Normal,0,24,17,0,0,45.0,85.0,28.333333333333332
7703,2025-01-27 17:55:00,North,Medical,429,3,8,Normal,0,24,17,0,0,24.0,93.0,31.0
7704,2025-01-27 18:00:00,West,Fire,477,4,22,Normal,0,20,18,0,0,24.0,68.0,22.666666666666668
7705,2025-01-27 18:05:00,West,Medical,712,3,7,Normal,0,30,18,0,0,20.0,74.0,24.666666666666668
7706,2025-01-27 18:10:00,North,Medical,809,3,10,Severe,0,60,18,0,0,30.0,110.0,36.666666666666664
7707,2025-01-27 18:15:00,South,Other,341,1,16,Normal,0,25,18,0,0,60.0,115.0,38.333333333333336
7708,2025-01-27 18:20:00,West,Medical,412,3,17,Normal,0,29,18,0,0,25.0,114.0,38.0
7709,2025-01-27 18:25:00,South,Fire,1092,4,16,Normal,0,34,18,0,0,29.0,88.0,29.333333333333332
7710,2025-01-27 18:30:00,South,Other,119,1,27,Normal,1,38,18,0,0,34.0,101.0,33.666666666666664
7711,2025-01-27 18:35:00,West,Police,538,2,23,Normal,0,36,18,0,0,38.0,108.0,36.0
7712,2025-01-27 18:40:00,South,Medical,843,3,17,Normal,0,33,18,0,0,36.0,107.0,35.666666666666664
7713,2025-01-27 18:45:00,East,Police,281,2,6,Normal,0,31,18,0,0,33.0,100.0,33.333333333333336
7714,2025-01-27 18:50:00,South,Other,201,1,6,Normal,0,26,18,0,0,31.0,90.0,30.0
7715,2025-01-27 18:55:00,Central,Fire,428,4,13,Normal,0,26,18,0,0,26.0,83.0,27.666666666666668
7716,2025-01-27 19:00:00,Central,Police,662,2,29,Normal,0,34,19,0,0,26.0,86.0,28.666666666666668
7717,2025-01-27 19:05:00,East,Police,665,2,14,Normal,0,27,19,0,0,34.0,87.0,29.0
7718,2025-01-27 19:10:00,East,Other,397,1,24,Normal,0,30,19,0,0,27.0,91.0,30.333333333333332
7719,2025-01-27 19:15:00,South,Medical,713,3,15,Severe,0,43,19,0,0,30.0,100.0,33.333333333333336
7720,2025-01-27 19:20:00,East,Other,286,1,11,Normal,0,32,19,0,0,43.0,105.0,35.0
7721,2025-01-27 19:25:00,Central,Medical,350,3,26,Normal,0,28,19,0,0,32.0,103.0,34.333333333333336
7722,2025-01-27 19:30:00,South,Medical,506,3,15,Severe,0,50,19,0,0,28.0,110.0,36.666666666666664
7723,2025-01-27 19:35:00,Central,Fire,429,4,10,Normal,0,18,19,0,0,50.0,96.0,32.0
7724,2025-01-27 19:40:00,North,Police,448,2,20,Normal,0,22,19,0,0,18.0,90.0,30.0
7725,2025-01-27 19:45:00,South,Medical,597,3,7,Normal,1,46,19,0,0,22.0,86.0,28.666666666666668
7726,2025-01-27 19:50:00,West,Medical,697,3,26,Normal,0,35,19,0,0,46.0,103.0,34.333333333333336
7727,2025-01-27 19:55:00,South,Police,641,2,19,Normal,0,24,19,0,0,35.0,105.0,35.0
7728,2025-01-27 20:00:00,South,Police,587,2,17,Normal,0,28,20,0,0,24.0,87.0,29.0
7729,2025-01-27 20:05:00,North,Other,139,1,20,Normal,0,24,20,0,0,28.0,76.0,25.333333333333332
7730,2025-01-27 20:10:00,South,Medical,678,3,26,Normal,0,40,20,0,0,24.0,92.0,30.666666666666668
7731,2025-01-27 20:15:00,East,Medical,776,3,6,Normal,0,30,20,0,0,40.0,94.0,31.333333333333332
7732,2025-01-27 20:20:00,Central,Medical,420,3,20,Normal,0,30,20,0,0,30.0,100.0,33.333333333333336
7733,2025-01-27 20:25:00,North,Other,103,1,5,Normal,0,22,20,0,0,30.0,82.0,27.333333333333332
7734,2025-01-27 20:30:00,Central,Medical,384,3,6,Normal,0,35,20,0,0,22.0,87.0,29.0
7735,2025-01-27 20:35:00,South,Other,157,1,5,Normal,0,25,20,0,0,35.0,82.0,27.333333333333332
7736,2025-01-27 20:40:00,South,Medical,648,3,6,Normal,0,27,20,0,0,25.0,87.0,29.0
7737,2025-01-27 20:45:00,West,Other,279,1,15,Normal,1,49,20,0,0,27.0,101.0,33.666666666666664
7738,2025-01-27 20:50:00,South,Medical,589,3,23,Normal,0,34,20,0,0,49.0,110.0,36.666666666666664
7739,2025-01-27 20:55:00,East,Fire,839,4,8,Normal,0,31,20,0,0,34.0,114.0,38.0
7740,2025-01-27 21:00:00,West,Police,732,2,22,Normal,1,39,21,0,0,31.0,104.0,34.666666666666664
7741,2025-01-27 21:05:00,North,Fire,627,4,19,Severe,0,34,21,0,0,39.0,104.0,34.666666666666664
7742,2025-01-27 21:10:00,South,Other,105,1,8,Normal,1,50,21,0,0,34.0,123.0,41.0
7743,2025-01-27 21:15:00,South,Police,477,2,21,Normal,0,20,21,0,0,50.0,104.0,34.666666666666664
7744,2025-01-27 21:20:00,North,Police,470,2,16,Normal,0,24,21,0,0,20.0,94.0,31.333333333333332
7745,2025-01-27 21:25:00,North,Other,293,1,21,Normal,0,13,21,0,0,24.0,57.0,19.0
7746,2025-01-27 21:30:00,South,Medical,537,3,12,Normal,0,19,21,0,0,13.0,56.0,18.666666666666668
7747,2025-01-27 21:35:00,West,Medical,705,3,22,Normal,0,15,21,0,0,19.0,47.0,15.666666666666666
7748,2025-01-27 21:40:00,East,Medical,869,3,11,Normal,0,13,21,0,0,15.0,47.0,15.666666666666666
7749,2025-01-27 21:45:00,North,Other,334,1,27,Normal,0,16,21,0,0,13.0,44.0,14.666666666666666
7750,2025-01-27 21:50:00,East,Medical,895,3,22,Normal,0,22,21,0,0,16.0,51.0,17.0
7751,2025-01-27 21:55:00,Central,Other,132,1,10,Normal,0,16,21,0,0,22.0,54.0,18.0
7752,2025-01-27 22:00:00,East,Medical,393,3,8,Normal,0,24,22,0,0,16.0,62.0,20.666666666666668
7753,2025-01-27 22:05:00,East,Fire,1158,4,21,Normal,0,18,22,0,0,24.0,58.0,19.333333333333332
7754,2025-01-27 22:10:00,West,Police,443,2,13,Normal,0,17,22,0,0,18.0,59.0,19.666666666666668
7755,2025-01-27 22:15:00,Central,Police,742,2,23,Normal,0,15,22,0,0,17.0,50.0,16.666666666666668
7756,2025-01-27 22:20:00,North,Other,152,1,9,Normal,0,29,22,0,0,15.0,61.0,20.333333333333332
7757,2025-01-27 22:25:00,East,Police,290,2,23,Normal,0,28,22,0,0,29.0,72.0,24.0
7758,2025-01-27 22:30:00,North,Fire,922,4,18,Normal,0,25,22,0,0,28.0,82.0,27.333333333333332
7759,2025-01-27 22:35:00,South,Fire,702,4,28,Normal,0,19,22,0,0,25.0,72.0,24.0
7760,2025-01-27 22:40:00,South,Medical,729,3,14,Normal,1,29,22,0,0,19.0,73.0,24.333333333333332
7761,2025-01-27 22:45:00,South,Medical,899,3,29,Normal,0,16,22,0,0,29.0,64.0,21.333333333333332
7762,2025-01-27 22:50:00,North,Police,209,2,23,Normal,1,31,22,0,0,16.0,76.0,25.333333333333332
7763,2025-01-27 22:55:00,West,Police,238,2,26,Normal,0,17,22,0,0,31.0,64.0,21.333333333333332
7764,2025-01-27 23:00:00,East,Police,373,2,8,Normal,0,15,23,0,0,17.0,63.0,21.0
7765,2025-01-27 23:05:00,East,Other,359,1,5,Normal,0,19,23,0,0,15.0,51.0,17.0
7766,2025-01-27 23:10:00,East,Police,504,2,23,Normal,0,27,23,0,0,19.0,61.0,20.333333333333332
7767,2025-01-27 23:15:00,West,Other,274,1,27,Normal,0,14,23,0,0,27.0,60.0,20.0
7768,2025-01-27 23:20:00,Central,Other,179,1,24,Normal,0,9,23,0,0,14.0,50.0,16.666666666666668
7769,2025-01-27 23:25:00,West,Medical,870,3,21,Severe,0,39,23,0,0,9.0,62.0,20.666666666666668
7770,2025-01-27 23:30:00,West,Other,168,1,17,Normal,0,17,23,0,0,39.0,65.0,21.666666666666668
7771,2025-01-27 23:35:00,East,Fire,509,4,16,Normal,0,27,23,0,0,17.0,83.0,27.666666666666668
7772,2025-01-27 23:40:00,West,Police,477,2,28,Normal,0,9,23,0,0,27.0,53.0,17.666666666666668
7773,2025-01-27 23:45:00,East,Fire,1033,4,16,Normal,0,17,23,0,0,9.0,53.0,17.666666666666668
7774,2025-01-27 23:50:00,South,Fire,433,4,6,Normal,0,16,23,0,0,17.0,42.0,14.0
7775,2025-01-27 23:55:00,East,Other,174,1,29,Normal,0,20,23,0,0,16.0,53.0,17.666666666666668
7776,2025-01-28 00:00:00,West,Other,197,1,14,Normal,0,12,0,1,0,20.0,48.0,16.0
7777,2025-01-28 00:05:00,East,Medical,453,3,16,Normal,0,21,0,1,0,12.0,53.0,17.666666666666668
7778,2025-01-28 00:10:00,South,Medical,597,3,24,Normal,0,19,0,1,0,21.0,52.0,17.333333333333332
7779,2025-01-28 00:15:00,North,Fire,1093,4,27,Normal,0,10,0,1,0,19.0,50.0,16.666666666666668
7780,2025-01-28 00:20:00,South,Medical,405,3,26,Normal,0,18,0,1,0,10.0,47.0,15.666666666666666
7781,2025-01-28 00:25:00,West,Police,797,2,14,Normal,0,30,0,1,0,18.0,58.0,19.333333333333332
7782,2025-01-28 00:30:00,South,Medical,657,3,6,Normal,0,23,0,1,0,30.0,71.0,23.666666666666668
7783,2025-01-28 00:35:00,East,Medical,607,3,9,Normal,0,16,0,1,0,23.0,69.0,23.0
7784,2025-01-28 00:40:00,South,Medical,365,3,10,Normal,0,21,0,1,0,16.0,60.0,20.0
7785,2025-01-28 00:45:00,West,Other,101,1,24,Normal,0,15,0,1,0,21.0,52.0,17.333333333333332
7786,2025-01-28 00:50:00,Central,Police,405,2,15,Normal,0,19,0,1,0,15.0,55.0,18.333333333333332
7787,2025-01-28 00:55:00,West,Medical,774,3,7,Normal,0,27,0,1,0,19.0,61.0,20.333333333333332
7788,2025-01-28 01:00:00,West,Medical,498,3,11,Normal,1,29,1,1,0,27.0,75.0,25.0
7789,2025-01-28 01:05:00,East,Medical,838,3,29,Normal,0,26,1,1,0,29.0,82.0,27.333333333333332
7790,2025-01-28 01:10:00,North,Fire,1113,4,10,Normal,0,20,1,1,0,26.0,75.0,25.0
7791,2025-01-28 01:15:00,Central,Medical,852,3,10,Normal,0,25,1,1,0,20.0,71.0,23.666666666666668
7792,2025-01-28 01:20:00,Central,Medical,418,3,19,Normal,0,23,1,1,0,25.0,68.0,22.666666666666668
7793,2025-01-28 01:25:00,Central,Other,191,1,29,Normal,0,22,1,1,0,23.0,70.0,23.333333333333332
7794,2025-01-28 01:30:00,East,Police,458,2,25,Normal,0,19,1,1,0,22.0,64.0,21.333333333333332
7795,2025-01-28 01:35:00,South,Fire,1051,4,23,Normal,0,23,1,1,0,19.0,64.0,21.333333333333332
7796,2025-01-28 01:40:00,North,Police,663,2,9,Normal,1,47,1,1,0,23.0,89.0,29.666666666666668
7797,2025-01-28 01:45:00,West,Medical,375,3,15,Normal,0,20,1,1,0,47.0,90.0,30.0
7798,2025-01-28 01:50:00,East,Fire,538,4,11,Normal,0,20,1,1,0,20.0,87.0,29.0
7799,2025-01-28 01:55:00,South,Police,610,2,11,Normal,0,22,1,1,0,20.0,62.0,20.666666666666668
7800,2025-01-28 02:00:00,South,Medical,496,3,24,Normal,0,18,2,1,0,22.0,60.0,20.0
7801,2025-01-28 02:05:00,East,Police,336,2,29,Normal,0,21,2,1,0,18.0,61.0,20.333333333333332
7802,2025-01-28 02:10:00,West,Medical,893,3,8,Normal,1,29,2,1,0,21.0,68.0,22.666666666666668
7803,2025-01-28 02:15:00,South,Medical,850,3,5,Normal,0,15,2,1,0,29.0,65.0,21.666666666666668
7804,2025-01-28 02:20:00,East,Medical,319,3,6,Normal,0,23,2,1,0,15.0,67.0,22.333333333333332
7805,2025-01-28 02:25:00,West,Police,548,2,16,Normal,0,22,2,1,0,23.0,60.0,20.0
7806,2025-01-28 02:30:00,West,Other,256,1,7,Normal,0,22,2,1,0,22.0,67.0,22.333333333333332
7807,2025-01-28 02:35:00,North,Other,133,1,8,Normal,0,24,2,1,0,22.0,68.0,22.666666666666668
7808,2025-01-28 02:40:00,North,Police,515,2,14,Normal,0,16,2,1,0,24.0,62.0,20.666666666666668
7809,2025-01-28 02:45:00,West,Police,657,2,22,Normal,0,14,2,1,0,16.0,54.0,18.0
7810,2025-01-28 02:50:00,North,Police,309,2,23,Severe,0,45,2,1,0,14.0,75.0,25.0
7811,2025-01-28 02:55:00,East,Medical,371,3,13,Normal,0,24,2,1,0,45.0,83.0,27.666666666666668
7812,2025-01-28 03:00:00,South,Police,315,2,20,Normal,0,27,3,1,0,24.0,96.0,32.0
7813,2025-01-28 03:05:00,West,Fire,697,4,21,Normal,0,23,3,1,0,27.0,74.0,24.666666666666668
7814,2025-01-28 03:10:00,Central,Police,482,2,9,Normal,0,20,3,1,0,23.0,70.0,23.333333333333332
7815,2025-01-28 03:15:00,West,Other,129,1,27,Normal,0,19,3,1,0,20.0,62.0,20.666666666666668
7816,2025-01-28 03:20:00,Central,Medical,440,3,18,Normal,0,22,3,1,0,19.0,61.0,20.333333333333332
7817,2025-01-28 03:25:00,East,Medical,333,3,12,Normal,0,19,3,1,0,22.0,60.0,20.0
7818,2025-01-28 03:30:00,North,Other,212,1,5,Normal,0,19,3,1,0,19.0,60.0,20.0
7819,2025-01-28 03:35:00,Central,Other,162,1,19,Normal,0,21,3,1,0,19.0,59.0,19.666666666666668
7820,2025-01-28 03:40:00,East,Police,736,2,27,Normal,0,25,3,1,0,21.0,65.0,21.666666666666668
7821,2025-01-28 03:45:00,East,Police,514,2,26,Normal,0,20,3,1,0,25.0,66.0,22.0
7822,2025-01-28 03:50:00,East,Medical,810,3,28,Normal,0,15,3,1,0,20.0,60.0,20.0
7823,2025-01-28 03:55:00,North,Police,343,2,25,Normal,0,30,3,1,0,15.0,65.0,21.666666666666668
7824,2025-01-28 04:00:00,East,Police,376,2,19,Severe,0,51,4,1,0,30.0,96.0,32.0
7825,2025-01-28 04:05:00,North,Medical,878,3,26,Normal,0,22,4,1,0,51.0,103.0,34.333333333333336
7826,2025-01-28 04:10:00,Central,Police,563,2,29,Normal,0,23,4,1,0,22.0,96.0,32.0
7827,2025-01-28 04:15:00,East,Medical,632,3,21,Normal,1,31,4,1,0,23.0,76.0,25.333333333333332
7828,2025-01-28 04:20:00,West,Police,780,2,18,Normal,0,20,4,1,0,31.0,74.0,24.666666666666668
7829,2025-01-28 04:25:00,Central,Medical,710,3,19,Normal,0,17,4,1,0,20.0,68.0,22.666666666666668
7830,2025-01-28 04:30:00,North,Police,607,2,23,Normal,0,19,4,1,0,17.0,56.0,18.666666666666668
7831,2025-01-28 04:35:00,South,Fire,671,4,13,Normal,0,15,4,1,0,19.0,51.0,17.0
7832,2025-01-28 04:40:00,Central,Police,716,2,25,Normal,0,22,4,1,0,15.0,56.0,18.666666666666668
7833,2025-01-28 04:45:00,North,Medical,734,3,10,Normal,0,16,4,1,0,22.0,53.0,17.666666666666668
7834,2025-01-28 04:50:00,Central,Police,304,2,14,Normal,0,17,4,1,0,16.0,55.0,18.333333333333332
7835,2025-01-28 04:55:00,South,Other,347,1,27,Normal,0,24,4,1,0,17.0,57.0,19.0
7836,2025-01-28 05:00:00,Central,Fire,1186,4,22,Normal,0,21,5,1,0,24.0,62.0,20.666666666666668
7837,2025-01-28 05:05:00,North,Medical,428,3,26,Normal,0,24,5,1,0,21.0,69.0,23.0
7838,2025-01-28 05:10:00,South,Fire,655,4,20,Normal,0,21,5,1,0,24.0,66.0,22.0
7839,2025-01-28 05:15:00,South,Fire,607,4,29,Normal,0,21,5,1,0,21.0,66.0,22.0
7840,2025-01-28 05:20:00,East,Medical,546,3,27,Severe,0,31,5,1,0,21.0,73.0,24.333333333333332
7841,2025-01-28 05:25:00,Central,Medical,464,3,19,Normal,0,19,5,1,0,31.0,71.0,23.666666666666668
7842,2025-01-28 05:30:00,South,Police,706,2,16,Normal,0,15,5,1,0,19.0,65.0,21.666666666666668
7843,2025-01-28 05:35:00,South,Other,186,1,18,Normal,0,19,5,1,0,15.0,53.0,17.666666666666668
7844,2025-01-28 05:40:00,West,Medical,607,3,22,Normal,0,28,5,1,0,19.0,62.0,20.666666666666668
7845,2025-01-28 05:45:00,South,Medical,468,3,16,Normal,0,22,5,1,0,28.0,69.0,23.0
7846,2025-01-28 05:50:00,East,Police,596,2,25,Normal,0,18,5,1,0,22.0,68.0,22.666666666666668
7847,2025-01-28 05:55:00,North,Medical,381,3,13,Normal,0,19,5,1,0,18.0,59.0,19.666666666666668
7848,2025-01-28 06:00:00,East,Medical,461,3,8,Normal,0,22,6,1,0,19.0,59.0,19.666666666666668
7849,2025-01-28 06:05:00,West,Police,750,2,22,Normal,0,18,6,1,0,22.0,59.0,19.666666666666668
7850,2025-01-28 06:10:00,East,Police,268,2,10,Normal,0,23,6,1,0,18.0,63.0,21.0
7851,2025-01-28 06:15:00,East,Fire,909,4,14,Normal,0,15,6,1,0,23.0,56.0,18.666666666666668
7852,2025-01-28 06:20:00,West,Fire,534,4,27,Normal,0,33,6,1,0,15.0,71.0,23.666666666666668
7853,2025-01-28 06:25:00,West,Medical,376,3,7,Normal,0,31,6,1,0,33.0,79.0,26.333333333333332
7854,2025-01-28 06:30:00,East,Police,370,2,23,Normal,0,13,6,1,0,31.0,77.0,25.666666666666668
7855,2025-01-28 06:35:00,West,Medical,741,3,28,Severe,0,41,6,1,0,13.0,85.0,28.333333333333332
7856,2025-01-28 06:40:00,West,Medical,530,3,11,Normal,0,26,6,1,0,41.0,80.0,26.666666666666668
7857,2025-01-28 06:45:00,Central,Medical,426,3,9,Normal,0,20,6,1,0,26.0,87.0,29.0
7858,2025-01-28 06:50:00,East,Fire,573,4,27,Normal,0,18,6,1,0,20.0,64.0,21.333333333333332
7859,2025-01-28 06:55:00,East,Other,224,1,24,Normal,0,12,6,1,0,18.0,50.0,16.666666666666668
7860,2025-01-28 07:00:00,North,Police,577,2,10,Normal,0,25,7,1,0,12.0,55.0,18.333333333333332
7861,2025-01-28 07:05:00,West,Police,237,2,8,Severe,0,47,7,1,0,25.0,84.0,28.0
7862,2025-01-28 07:10:00,West,Medical,788,3,20,Normal,0,13,7,1,0,47.0,85.0,28.333333333333332
7863,2025-01-28 07:15:00,Central,Police,709,2,9,Normal,0,9,7,1,0,13.0,69.0,23.0
7864,2025-01-28 07:20:00,Central,Medical,648,3,20,Normal,0,19,7,1,0,9.0,41.0,13.666666666666666
7865,2025-01-28 07:25:00,West,Fire,779,4,9,Normal,0,24,7,1,0,19.0,52.0,17.333333333333332
7866,2025-01-28 07:30:00,East,Medical,482,3,26,Normal,0,20,7,1,0,24.0,63.0,21.0
7867,2025-01-28 07:35:00,North,Medical,368,3,18,Normal,0,17,7,1,0,20.0,61.0,20.333333333333332
7868,2025-01-28 07:40:00,South,Fire,576,4,15,Normal,0,15,7,1,0,17.0,52.0,17.333333333333332
7869,2025-01-28 07:45:00,South,Medical,747,3,5,Normal,0,22,7,1,0,15.0,54.0,18.0
7870,2025-01-28 07:50:00,North,Fire,547,4,24,Normal,0,13,7,1,0,22.0,50.0,16.666666666666668
7871,2025-01-28 07:55:00,North,Medical,332,3,29,Severe,0,47,7,1,0,13.0,82.0,27.333333333333332
7872,2025-01-28 08:00:00,West,Medical,842,3,6,Normal,0,33,8,1,0,47.0,93.0,31.0
7873,2025-01-28 08:05:00,West,Police,659,2,23,Normal,0,40,8,1,0,33.0,120.0,40.0
7874,2025-01-28 08:10:00,West,Police,251,2,5,Normal,0,42,8,1,0,40.0,115.0,38.333333333333336
7875,2025-01-28 08:15:00,North,Fire,513,4,27,Normal,1,39,8,1,0,42.0,121.0,40.333333333333336
7876,2025-01-28 08:20:00,South,Fire,1145,4,11,Normal,0,31,8,1,0,39.0,112.0,37.333333333333336
7877,2025-01-28 08:25:00,Central,Other,167,1,29,Normal,0,39,8,1,0,31.0,109.0,36.333333333333336
7878,2025-01-28 08:30:00,Central,Medical,398,3,8,Normal,0,31,8,1,0,39.0,101.0,33.666666666666664
7879,2025-01-28 08:35:00,West,Medical,588,3,25,Normal,0,28,8,1,0,31.0,98.0,32.666666666666664
7880,2025-01-28 08:40:00,North,Medical,761,3,6,Normal,0,28,8,1,0,28.0,87.0,29.0
7881,2025-01-28 08:45:00,Central,Medical,665,3,15,Severe,0,50,8,1,0,28.0,106.0,35.333333333333336
7882,2025-01-28 08:50:00,North,Medical,676,3,16,Normal,0,24,8,1,0,50.0,102.0,34.0
7883,2025-01-28 08:55:00,East,Police,561,2,17,Normal,0,35,8,1,0,24.0,109.0,36.333333333333336
7884,2025-01-28 09:00:00,Central,Police,525,2,20,Normal,1,47,9,1,0,35.0,106.0,35.333333333333336
7885,2025-01-28 09:05:00,East,Police,316,2,12,Normal,1,55,9,1,0,47.0,137.0,45.666666666666664
7886,2025-01-28 09:10:00,South,Fire,644,4,10,Severe,0,60,9,1,0,55.0,162.0,54.0
7887,2025-01-28 09:15:00,North,Police,718,2,22,Normal,0,26,9,1,0,60.0,141.0,47.0
7888,2025-01-28 09:20:00,South,Fire,549,4,24,Normal,0,29,9,1,0,26.0,115.0,38.333333333333336
7889,2025-01-28 09:25:00,Central,Other,282,1,19,Normal,0,30,9,1,0,29.0,85.0,28.333333333333332
7890,2025-01-28 09:30:00,East,Other,344,1,9,Normal,0,35,9,1,0,30.0,94.0,31.333333333333332
7891,2025-01-28 09:35:00,North,Other,386,1,19,Normal,0,29,9,1,0,35.0,94.0,31.333333333333332
7892,2025-01-28 09:40:00,Central,Medical,652,3,21,Severe,0,62,9,1,0,29.0,126.0,42.0
7893,2025-01-28 09:45:00,Central,Other,175,1,15,Severe,0,60,9,1,0,62.0,151.0,50.333333333333336
7894,2025-01-28 09:50:00,South,Other,112,1,8,Normal,0,37,9,1,0,60.0,159.0,53.0
7895,2025-01-28 09:55:00,North,Police,601,2,15,Normal,1,51,9,1,0,37.0,148.0,49.333333333333336
7896,2025-01-28 10:00:00,South,Police,473,2,29,Normal,0,23,10,1,0,51.0,111.0,37.0
7897,2025-01-28 10:05:00,Central,Other,392,1,28,Normal,0,23,10,1,0,23.0,97.0,32.333333333333336
7898,2025-01-28 10:10:00,Central,Medical,837,3,21,Normal,0,24,10,1,0,23.0,70.0,23.333333333333332
7899,2025-01-28 10:15:00,South,Police,337,2,12,Normal,0,15,10,1,0,24.0,62.0,20.666666666666668
7900,2025-01-28 10:20:00,South,Police,261,2,20,Normal,0,17,10,1,0,15.0,56.0,18.666666666666668
7901,2025-01-28 10:25:00,West,Medical,461,3,8,Normal,0,21,10,1,0,17.0,53.0,17.666666666666668
7902,2025-01-28 10:30:00,South,Other,317,1,24,Normal,0,13,10,1,0,21.0,51.0,17.0
7903,2025-01-28 10:35:00,West,Other,145,1,11,Severe,1,43,10,1,0,13.0,77.0,25.666666666666668
7904,2025-01-28 10:40:00,West,Police,462,2,10,Normal,0,21,10,1,0,43.0,77.0,25.666666666666668
7905,2025-01-28 10:45:00,North,Police,257,2,6,Normal,0,14,10,1,0,21.0,78.0,26.0
7906,2025-01-28 10:50:00,West,Medical,337,3,19,Severe,0,44,10,1,0,14.0,79.0,26.333333333333332
7907,2025-01-28 10:55:00,West,Police,565,2,5,Severe,0,31,10,1,0,44.0,89.0,29.666666666666668
7908,2025-01-28 11:00:00,North,Police,481,2,18,Normal,0,18,11,1,0,31.0,93.0,31.0
7909,2025-01-28 11:05:00,North,Medical,366,3,18,Severe,0,31,11,1,0,18.0,80.0,26.666666666666668
7910,2025-01-28 11:10:00,North,Fire,442,4,5,Normal,0,14,11,1,0,31.0,63.0,21.0
7911,2025-01-28 11:15:00,East,Medical,780,3,29,Normal,1,25,11,1,0,14.0,70.0,23.333333333333332
7912,2025-01-28 11:20:00,East,Medical,508,3,18,Normal,0,15,11,1,0,25.0,54.0,18.0
7913,2025-01-28 11:25:00,North,Fire,434,4,15,Normal,0,16,11,1,0,15.0,56.0,18.666666666666668
7914,2025-01-28 11:30:00,Central,Fire,587,4,25,Normal,0,23,11,1,0,16.0,54.0,18.0
7915,2025-01-28 11:35:00,Central,Fire,944,4,27,Normal,0,13,11,1,0,23.0,52.0,17.333333333333332
7916,2025-01-28 11:40:00,North,Medical,576,3,7,Normal,0,16,11,1,0,13.0,52.0,17.333333333333332
7917,2025-01-28 11:45:00,East,Other,230,1,9,Severe,0,43,11,1,0,16.0,72.0,24.0
7918,2025-01-28 11:50:00,Central,Fire,762,4,26,Normal,0,17,11,1,0,43.0,76.0,25.333333333333332
7919,2025-01-28 11:55:00,North,Medical,899,3,27,Normal,0,22,11,1,0,17.0,82.0,27.333333333333332
7920,2025-01-28 12:00:00,East,Medical,790,3,16,Normal,1,30,12,1,0,22.0,69.0,23.0
7921,2025-01-28 12:05:00,Central,Police,771,2,5,Normal,0,23,12,1,0,30.0,75.0,25.0
7922,2025-01-28 12:10:00,South,Medical,542,3,21,Normal,0,17,12,1,0,23.0,70.0,23.333333333333332
7923,2025-01-28 12:15:00,Central,Police,624,2,13,Normal,0,21,12,1,0,17.0,61.0,20.333333333333332
7924,2025-01-28 12:20:00,South,Other,204,1,20,Normal,0,17,12,1,0,21.0,55.0,18.333333333333332
7925,2025-01-28 12:25:00,North,Police,763,2,5,Normal,0,16,12,1,0,17.0,54.0,18.0
7926,2025-01-28 12:30:00,South,Other,212,1,24,Normal,0,21,12,1,0,16.0,54.0,18.0
7927,2025-01-28 12:35:00,North,Medical,378,3,12,Normal,0,27,12,1,0,21.0,64.0,21.333333333333332
7928,2025-01-28 12:40:00,South,Medical,477,3,22,Normal,0,13,12,1,0,27.0,61.0,20.333333333333332
7929,2025-01-28 12:45:00,North,Police,750,2,6,Normal,0,19,12,1,0,13.0,59.0,19.666666666666668
7930,2025-01-28 12:50:00,North,Police,563,2,16,Normal,1,33,12,1,0,19.0,65.0,21.666666666666668
7931,2025-01-28 12:55:00,Central,Police,460,2,10,Normal,0,21,12,1,0,33.0,73.0,24.333333333333332
7932,2025-01-28 13:00:00,West,Police,688,2,25,Normal,0,15,13,1,0,21.0,69.0,23.0
7933,2025-01-28 13:05:00,East,Medical,622,3,23,Normal,0,24,13,1,0,15.0,60.0,20.0
7934,2025-01-28 13:10:00,North,Medical,723,3,16,Normal,0,24,13,1,0,24.0,63.0,21.0
7935,2025-01-28 13:15:00,East,Medical,779,3,18,Normal,0,18,13,1,0,24.0,66.0,22.0
7936,2025-01-28 13:20:00,East,Medical,460,3,23,Normal,0,18,13,1,0,18.0,60.0,20.0
7937,2025-01-28 13:25:00,South,Police,480,2,6,Normal,0,20,13,1,0,18.0,56.0,18.666666666666668
7938,2025-01-28 13:30:00,Central,Fire,1146,4,25,Normal,0,24,13,1,0,20.0,62.0,20.666666666666668
7939,2025-01-28 13:35:00,West,Medical,898,3,23,Normal,0,14,13,1,0,24.0,58.0,19.333333333333332
7940,2025-01-28 13:40:00,East,Medical,586,3,26,Normal,0,18,13,1,0,14.0,56.0,18.666666666666668
7941,2025-01-28 13:45:00,East,Other,262,1,22,Normal,0,14,13,1,0,18.0,46.0,15.333333333333334
7942,2025-01-28 13:50:00,East,Medical,790,3,16,Normal,0,19,13,1,0,14.0,51.0,17.0
7943,2025-01-28 13:55:00,West,Other,349,1,6,Normal,0,20,13,1,0,19.0,53.0,17.666666666666668
7944,2025-01-28 14:00:00,West,Medical,675,3,19,Normal,0,21,14,1,0,20.0,60.0,20.0
7945,2025-01-28 14:05:00,West,Medical,673,3,29,Normal,0,16,14,1,0,21.0,57.0,19.0
7946,2025-01-28 14:10:00,Central,Medical,555,3,16,Normal,0,23,14,1,0,16.0,60.0,20.0
7947,2025-01-28 14:15:00,South,Police,722,2,14,Normal,0,16,14,1,0,23.0,55.0,18.333333333333332
7948,2025-01-28 14:20:00,West,Medical,751,3,27,Normal,0,21,14,1,0,16.0,60.0,20.0
7949,2025-01-28 14:25:00,South,Other,150,1,25,Severe,0,28,14,1,0,21.0,65.0,21.666666666666668
7950,2025-01-28 14:30:00,West,Other,122,1,25,Normal,0,16,14,1,0,28.0,65.0,21.666666666666668
7951,2025-01-28 14:35:00,Central,Medical,355,3,12,Normal,0,19,14,1,0,16.0,63.0,21.0
7952,2025-01-28 14:40:00,South,Other,298,1,8,Normal,0,17,14,1,0,19.0,52.0,17.333333333333332
7953,2025-01-28 14:45:00,East,Medical,472,3,8,Normal,0,16,14,1,0,17.0,52.0,17.333333333333332
7954,2025-01-28 14:50:00,East,Medical,406,3,19,Normal,0,17,14,1,0,16.0,50.0,16.666666666666668
7955,2025-01-28 14:55:00,South,Medical,869,3,6,Normal,0,25,14,1,0,17.0,58.0,19.333333333333332
7956,2025-01-28 15:00:00,South,Medical,592,3,26,Normal,0,18,15,1,0,25.0,60.0,20.0
7957,2025-01-28 15:05:00,East,Police,314,2,6,Normal,0,26,15,1,0,18.0,69.0,23.0
7958,2025-01-28 15:10:00,Central,Other,389,1,20,Severe,0,39,15,1,0,26.0,83.0,27.666666666666668
7959,2025-01-28 15:15:00,South,Police,506,2,23,Normal,0,26,15,1,0,39.0,91.0,30.333333333333332
7960,2025-01-28 15:20:00,South,Fire,844,4,16,Severe,0,49,15,1,0,26.0,114.0,38.0
7961,2025-01-28 15:25:00,East,Police,707,2,21,Severe,1,67,15,1,0,49.0,142.0,47.333333333333336
7962,2025-01-28 15:30:00,West,Medical,710,3,26,Severe,0,48,15,1,0,67.0,164.0,54.666666666666664
7963,2025-01-28 15:35:00,North,Police,679,2,12,Normal,0,16,15,1,0,48.0,131.0,43.666666666666664
7964,2025-01-28 15:40:00,Central,Police,629,2,17,Normal,0,21,15,1,0,16.0,85.0,28.333333333333332
7965,2025-01-28 15:45:00,West,Medical,531,3,9,Normal,0,33,15,1,0,21.0,70.0,23.333333333333332
7966,2025-01-28 15:50:00,South,Police,275,2,22,Normal,0,16,15,1,0,33.0,70.0,23.333333333333332
7967,2025-01-28 15:55:00,North,Police,355,2,29,Severe,0,45,15,1,0,16.0,94.0,31.333333333333332
7968,2025-01-28 16:00:00,East,Medical,865,3,13,Normal,0,23,16,1,0,45.0,84.0,28.0
7969,2025-01-28 16:05:00,West,Fire,729,4,19,Normal,0,28,16,1,0,23.0,96.0,32.0
7970,2025-01-28 16:10:00,Central,Fire,900,4,13,Normal,0,20,16,1,0,28.0,71.0,23.666666666666668
7971,2025-01-28 16:15:00,South,Police,415,2,28,Normal,0,21,16,1,0,20.0,69.0,23.0
7972,2025-01-28 16:20:00,West,Medical,861,3,18,Normal,0,21,16,1,0,21.0,62.0,20.666666666666668
7973,2025-01-28 16:25:00,North,Other,189,1,24,Normal,0,23,16,1,0,21.0,65.0,21.666666666666668
7974,2025-01-28 16:30:00,West,Police,411,2,14,Normal,0,20,16,1,0,23.0,64.0,21.333333333333332
7975,2025-01-28 16:35:00,East,Medical,389,3,29,Normal,0,30,16,1,0,20.0,73.0,24.333333333333332
7976,2025-01-28 16:40:00,North,Other,187,1,25,Normal,0,18,16,1,0,30.0,68.0,22.666666666666668
7977,2025-01-28 16:45:00,North,Medical,617,3,7,Normal,0,10,16,1,0,18.0,58.0,19.333333333333332
7978,2025-01-28 16:50:00,North,Other,177,1,22,Normal,0,22,16,1,0,10.0,50.0,16.666666666666668
7979,2025-01-28 16:55:00,South,Fire,1013,4,6,Normal,0,28,16,1,0,22.0,60.0,20.0
7980,2025-01-28 17:00:00,North,Medical,822,3,10,Normal,0,24,17,1,0,28.0,74.0,24.666666666666668
7981,2025-01-28 17:05:00,East,Medical,812,3,17,Severe,0,38,17,1,0,24.0,90.0,30.0
7982,2025-01-28 17:10:00,East,Medical,741,3,24,Normal,0,10,17,1,0,38.0,72.0,24.0
7983,2025-01-28 17:15:00,South,Medical,673,3,18,Normal,1,35,17,1,0,10.0,83.0,27.666666666666668
7984,2025-01-28 17:20:00,Central,Medical,876,3,7,Normal,0,25,17,1,0,35.0,70.0,23.333333333333332
7985,2025-01-28 17:25:00,North,Medical,629,3,7,Normal,0,18,17,1,0,25.0,78.0,26.0
7986,2025-01-28 17:30:00,Central,Police,353,2,21,Normal,0,18,17,1,0,18.0,61.0,20.333333333333332
7987,2025-01-28 17:35:00,South,Medical,643,3,23,Normal,0,17,17,1,0,18.0,53.0,17.666666666666668
7988,2025-01-28 17:40:00,Central,Fire,533,4,5,Normal,0,21,17,1,0,17.0,56.0,18.666666666666668
7989,2025-01-28 17:45:00,West,Medical,613,3,22,Normal,0,23,17,1,0,21.0,61.0,20.333333333333332
7990,2025-01-28 17:50:00,North,Police,560,2,26,Normal,0,20,17,1,0,23.0,64.0,21.333333333333332
7991,2025-01-28 17:55:00,North,Medical,370,3,24,Severe,0,36,17,1,0,20.0,79.0,26.333333333333332
7992,2025-01-28 18:00:00,South,Other,398,1,5,Normal,0,28,18,1,0,36.0,84.0,28.0
7993,2025-01-28 18:05:00,South,Medical,500,3,28,Normal,0,29,18,1,0,28.0,93.0,31.0
7994,2025-01-28 18:10:00,Central,Medical,550,3,8,Normal,0,23,18,1,0,29.0,80.0,26.666666666666668
7995,2025-01-28 18:15:00,East,Medical,800,3,7,Severe,0,41,18,1,0,23.0,93.0,31.0
7996,2025-01-28 18:20:00,South,Medical,617,3,10,Normal,0,31,18,1,0,41.0,95.0,31.666666666666668
7997,2025-01-28 18:25:00,North,Medical,893,3,17,Normal,1,46,18,1,0,31.0,118.0,39.333333333333336
7998,2025-01-28 18:30:00,East,Medical,395,3,14,Normal,0,32,18,1,0,46.0,109.0,36.333333333333336
7999,2025-01-28 18:35:00,West,Medical,393,3,24,Normal,0,30,18,1,0,32.0,108.0,36.0
8000,2025-01-28 18:40:00,West,Medical,300,3,19,Normal,0,32,18,1,0,30.0,94.0,31.333333333333332
8001,2025-01-28 18:45:00,South,Medical,549,3,21,Normal,0,27,18,1,0,32.0,89.0,29.666666666666668
8002,2025-01-28 18:50:00,Central,Police,355,2,9,Normal,0,36,18,1,0,27.0,95.0,31.666666666666668
8003,2025-01-28 18:55:00,South,Medical,835,3,29,Normal,0,23,18,1,0,36.0,86.0,28.666666666666668
8004,2025-01-28 19:00:00,Central,Medical,662,3,23,Normal,0,30,19,1,0,23.0,89.0,29.666666666666668
8005,2025-01-28 19:05:00,Central,Medical,777,3,29,Normal,0,37,19,1,0,30.0,90.0,30.0
8006,2025-01-28 19:10:00,South,Medical,638,3,22,Normal,0,30,19,1,0,37.0,97.0,32.333333333333336
8007,2025-01-28 19:15:00,Central,Other,358,1,18,Normal,0,21,19,1,0,30.0,88.0,29.333333333333332
8008,2025-01-28 19:20:00,South,Fire,840,4,27,Normal,0,29,19,1,0,21.0,80.0,26.666666666666668
8009,2025-01-28 19:25:00,Central,Other,222,1,20,Normal,0,41,19,1,0,29.0,91.0,30.333333333333332
8010,2025-01-28 19:30:00,West,Medical,832,3,14,Normal,0,29,19,1,0,41.0,99.0,33.0
8011,2025-01-28 19:35:00,North,Police,251,2,26,Normal,0,36,19,1,0,29.0,106.0,35.333333333333336
8012,2025-01-28 19:40:00,North,Medical,895,3,7,Normal,0,34,19,1,0,36.0,99.0,33.0
8013,2025-01-28 19:45:00,North,Police,236,2,26,Normal,1,41,19,1,0,34.0,111.0,37.0
8014,2025-01-28 19:50:00,East,Medical,628,3,7,Normal,0,31,19,1,0,41.0,106.0,35.333333333333336
8015,2025-01-28 19:55:00,East,Police,632,2,6,Normal,0,38,19,1,0,31.0,110.0,36.666666666666664
8016,2025-01-28 20:00:00,North,Medical,685,3,10,Normal,0,33,20,1,0,38.0,102.0,34.0
8017,2025-01-28 20:05:00,East,Medical,752,3,28,Normal,0,26,20,1,0,33.0,97.0,32.333333333333336
8018,2025-01-28 20:10:00,North,Police,791,2,15,Normal,0,31,20,1,0,26.0,90.0,30.0
8019,2025-01-28 20:15:00,Central,Police,430,2,27,Normal,0,20,20,1,0,31.0,77.0,25.666666666666668
8020,2025-01-28 20:20:00,West,Police,381,2,28,Normal,0,39,20,1,0,20.0,90.0,30.0
8021,2025-01-28 20:25:00,West,Medical,553,3,21,Normal,0,32,20,1,0,39.0,91.0,30.333333333333332
8022,2025-01-28 20:30:00,South,Medical,753,3,5,Normal,0,33,20,1,0,32.0,104.0,34.666666666666664
8023,2025-01-28 20:35:00,South,Medical,659,3,28,Severe,0,53,20,1,0,33.0,118.0,39.333333333333336
8024,2025-01-28 20:40:00,Central,Police,464,2,5,Severe,0,51,20,1,0,53.0,137.0,45.666666666666664
8025,2025-01-28 20:45:00,East,Medical,479,3,7,Normal,0,34,20,1,0,51.0,138.0,46.0
8026,2025-01-28 20:50:00,West,Medical,325,3,27,Normal,0,30,20,1,0,34.0,115.0,38.333333333333336
8027,2025-01-28 20:55:00,West,Medical,677,3,21,Normal,0,28,20,1,0,30.0,92.0,30.666666666666668
8028,2025-01-28 21:00:00,North,Medical,684,3,24,Normal,1,36,21,1,0,28.0,94.0,31.333333333333332
8029,2025-01-28 21:05:00,East,Medical,896,3,9,Normal,0,28,21,1,0,36.0,92.0,30.666666666666668
8030,2025-01-28 21:10:00,North,Medical,805,3,10,Severe,0,35,21,1,0,28.0,99.0,33.0
8031,2025-01-28 21:15:00,Central,Other,186,1,7,Normal,0,19,21,1,0,35.0,82.0,27.333333333333332
8032,2025-01-28 21:20:00,East,Police,734,2,23,Severe,0,40,21,1,0,19.0,94.0,31.333333333333332
8033,2025-01-28 21:25:00,Central,Medical,694,3,5,Normal,0,30,21,1,0,40.0,89.0,29.666666666666668
8034,2025-01-28 21:30:00,East,Medical,524,3,29,Normal,0,21,21,1,0,30.0,91.0,30.333333333333332
8035,2025-01-28 21:35:00,South,Medical,552,3,16,Normal,0,15,21,1,0,21.0,66.0,22.0
8036,2025-01-28 21:40:00,East,Medical,669,3,15,Normal,0,16,21,1,0,15.0,52.0,17.333333333333332
8037,2025-01-28 21:45:00,South,Other,312,1,23,Normal,0,11,21,1,0,16.0,42.0,14.0
8038,2025-01-28 21:50:00,North,Police,710,2,23,Normal,0,17,21,1,0,11.0,44.0,14.666666666666666
8039,2025-01-28 21:55:00,East,Fire,663,4,10,Severe,0,41,21,1,0,17.0,69.0,23.0
8040,2025-01-28 22:00:00,South,Police,694,2,17,Normal,0,15,22,1,0,41.0,73.0,24.333333333333332
8041,2025-01-28 22:05:00,East,Medical,628,3,21,Normal,0,16,22,1,0,15.0,72.0,24.0
8042,2025-01-28 22:10:00,North,Police,483,2,11,Normal,0,20,22,1,0,16.0,51.0,17.0
8043,2025-01-28 22:15:00,Central,Police,722,2,28,Normal,0,21,22,1,0,20.0,57.0,19.0
8044,2025-01-28 22:20:00,Central,Medical,500,3,12,Severe,0,52,22,1,0,21.0,93.0,31.0
8045,2025-01-28 22:25:00,North,Police,664,2,27,Normal,0,13,22,1,0,52.0,86.0,28.666666666666668
8046,2025-01-28 22:30:00,East,Police,395,2,20,Normal,0,28,22,1,0,13.0,93.0,31.0
8047,2025-01-28 22:35:00,North,Medical,666,3,10,Normal,0,18,22,1,0,28.0,59.0,19.666666666666668
8048,2025-01-28 22:40:00,Central,Fire,991,4,29,Normal,1,34,22,1,0,18.0,80.0,26.666666666666668
8049,2025-01-28 22:45:00,North,Medical,610,3,26,Severe,0,46,22,1,0,34.0,98.0,32.666666666666664
8050,2025-01-28 22:50:00,West,Police,321,2,21,Normal,0,16,22,1,0,46.0,96.0,32.0
8051,2025-01-28 22:55:00,Central,Medical,876,3,14,Normal,0,21,22,1,0,16.0,83.0,27.666666666666668
8052,2025-01-28 23:00:00,West,Police,547,2,29,Normal,1,31,23,1,0,21.0,68.0,22.666666666666668
8053,2025-01-28 23:05:00,East,Police,597,2,6,Normal,1,30,23,1,0,31.0,82.0,27.333333333333332
8054,2025-01-28 23:10:00,North,Fire,845,4,27,Normal,0,26,23,1,0,30.0,87.0,29.0
8055,2025-01-28 23:15:00,Central,Police,260,2,22,Normal,0,25,23,1,0,26.0,81.0,27.0
8056,2025-01-28 23:20:00,West,Medical,755,3,6,Severe,0,28,23,1,0,25.0,79.0,26.333333333333332
8057,2025-01-28 23:25:00,West,Police,449,2,5,Normal,0,19,23,1,0,28.0,72.0,24.0
8058,2025-01-28 23:30:00,North,Other,375,1,29,Normal,0,21,23,1,0,19.0,68.0,22.666666666666668
8059,2025-01-28 23:35:00,Central,Other,249,1,26,Severe,0,49,23,1,0,21.0,89.0,29.666666666666668
8060,2025-01-28 23:40:00,East,Police,439,2,15,Normal,0,13,23,1,0,49.0,83.0,27.666666666666668
8061,2025-01-28 23:45:00,North,Other,377,1,9,Normal,0,27,23,1,0,13.0,89.0,29.666666666666668
8062,2025-01-28 23:50:00,East,Police,463,2,25,Normal,0,21,23,1,0,27.0,61.0,20.333333333333332
8063,2025-01-28 23:55:00,North,Fire,889,4,6,Normal,0,20,23,1,0,21.0,68.0,22.666666666666668
8064,2025-01-29 00:00:00,Central,Other,369,1,13,Normal,0,29,0,2,0,20.0,70.0,23.333333333333332
8065,2025-01-29 00:05:00,South,Other,241,1,12,Normal,0,33,0,2,0,29.0,82.0,27.333333333333332
8066,2025-01-29 00:10:00,East,Other,242,1,13,Normal,0,22,0,2,0,33.0,84.0,28.0
8067,2025-01-29 00:15:00,Central,Police,460,2,11,Normal,0,25,0,2,0,22.0,80.0,26.666666666666668
8068,2025-01-29 00:20:00,East,Police,762,2,20,Normal,0,20,0,2,0,25.0,67.0,22.333333333333332
8069,2025-01-29 00:25:00,South,Medical,543,3,25,Normal,0,22,0,2,0,20.0,67.0,22.333333333333332
8070,2025-01-29 00:30:00,West,Medical,316,3,5,Normal,0,21,0,2,0,22.0,63.0,21.0
8071,2025-01-29 00:35:00,East,Fire,684,4,25,Normal,0,16,0,2,0,21.0,59.0,19.666666666666668
8072,2025-01-29 00:40:00,East,Medical,332,3,15,Normal,0,22,0,2,0,16.0,59.0,19.666666666666668
8073,2025-01-29 00:45:00,Central,Other,323,1,27,Normal,0,24,0,2,0,22.0,62.0,20.666666666666668
8074,2025-01-29 00:50:00,South,Medical,747,3,26,Normal,0,18,0,2,0,24.0,64.0,21.333333333333332
8075,2025-01-29 00:55:00,South,Police,701,2,5,Severe,0,58,0,2,0,18.0,100.0,33.333333333333336
8076,2025-01-29 01:00:00,West,Medical,683,3,7,Normal,0,33,1,2,0,58.0,109.0,36.333333333333336
8077,2025-01-29 01:05:00,Central,Police,579,2,18,Normal,1,41,1,2,0,33.0,132.0,44.0
8078,2025-01-29 01:10:00,South,Police,495,2,17,Normal,0,16,1,2,0,41.0,90.0,30.0
8079,2025-01-29 01:15:00,South,Other,224,1,11,Normal,0,26,1,2,0,16.0,83.0,27.666666666666668
8080,2025-01-29 01:20:00,North,Medical,624,3,25,Normal,0,23,1,2,0,26.0,65.0,21.666666666666668
8081,2025-01-29 01:25:00,East,Medical,390,3,14,Normal,0,26,1,2,0,23.0,75.0,25.0
8082,2025-01-29 01:30:00,Central,Medical,877,3,16,Normal,0,17,1,2,0,26.0,66.0,22.0
8083,2025-01-29 01:35:00,North,Fire,1127,4,27,Normal,0,18,1,2,0,17.0,61.0,20.333333333333332
8084,2025-01-29 01:40:00,North,Other,296,1,10,Normal,0,17,1,2,0,18.0,52.0,17.333333333333332
8085,2025-01-29 01:45:00,West,Police,480,2,23,Normal,0,25,1,2,0,17.0,60.0,20.0
8086,2025-01-29 01:50:00,South,Police,737,2,20,Normal,0,21,1,2,0,25.0,63.0,21.0
8087,2025-01-29 01:55:00,Central,Medical,585,3,18,Normal,0,16,1,2,0,21.0,62.0,20.666666666666668
8088,2025-01-29 02:00:00,East,Medical,851,3,28,Normal,0,17,2,2,0,16.0,54.0,18.0
8089,2025-01-29 02:05:00,North,Medical,860,3,13,Normal,0,24,2,2,0,17.0,57.0,19.0
8090,2025-01-29 02:10:00,East,Medical,468,3,23,Normal,0,13,2,2,0,24.0,54.0,18.0
8091,2025-01-29 02:15:00,West,Medical,379,3,25,Normal,0,27,2,2,0,13.0,64.0,21.333333333333332
8092,2025-01-29 02:20:00,West,Other,363,1,5,Severe,0,44,2,2,0,27.0,84.0,28.0
8093,2025-01-29 02:25:00,North,Police,517,2,9,Normal,0,22,2,2,0,44.0,93.0,31.0
8094,2025-01-29 02:30:00,North,Police,559,2,28,Severe,0,43,2,2,0,22.0,109.0,36.333333333333336
8095,2025-01-29 02:35:00,North,Other,312,1,24,Normal,0,25,2,2,0,43.0,90.0,30.0
8096,2025-01-29 02:40:00,North,Medical,445,3,18,Severe,0,44,2,2,0,25.0,112.0,37.333333333333336
8097,2025-01-29 02:45:00,Central,Medical,869,3,13,Normal,0,13,2,2,0,44.0,82.0,27.333333333333332
8098,2025-01-29 02:50:00,Central,Police,695,2,17,Normal,0,23,2,2,0,13.0,80.0,26.666666666666668
8099,2025-01-29 02:55:00,West,Fire,900,4,23,Normal,0,28,2,2,0,23.0,64.0,21.333333333333332
8100,2025-01-29 03:00:00,East,Other,351,1,26,Normal,0,21,3,2,0,28.0,72.0,24.0
8101,2025-01-29 03:05:00,East,Medical,516,3,9,Normal,0,16,3,2,0,21.0,65.0,21.666666666666668
8102,2025-01-29 03:10:00,North,Other,208,1,13,Normal,0,13,3,2,0,16.0,50.0,16.666666666666668
8103,2025-01-29 03:15:00,Central,Police,483,2,28,Normal,0,25,3,2,0,13.0,54.0,18.0
8104,2025-01-29 03:20:00,East,Medical,626,3,20,Normal,0,24,3,2,0,25.0,62.0,20.666666666666668
8105,2025-01-29 03:25:00,East,Medical,517,3,11,Normal,0,27,3,2,0,24.0,76.0,25.333333333333332
8106,2025-01-29 03:30:00,North,Police,630,2,9,Normal,1,36,3,2,0,27.0,87.0,29.0
8107,2025-01-29 03:35:00,North,Other,394,1,6,Normal,1,35,3,2,0,36.0,98.0,32.666666666666664
8108,2025-01-29 03:40:00,East,Medical,670,3,19,Normal,1,32,3,2,0,35.0,103.0,34.333333333333336
8109,2025-01-29 03:45:00,South,Medical,740,3,29,Normal,0,21,3,2,0,32.0,88.0,29.333333333333332
8110,2025-01-29 03:50:00,East,Fire,1072,4,8,Normal,0,12,3,2,0,21.0,65.0,21.666666666666668
8111,2025-01-29 03:55:00,East,Fire,696,4,17,Normal,0,21,3,2,0,12.0,54.0,18.0
8112,2025-01-29 04:00:00,South,Other,254,1,6,Normal,0,14,4,2,0,21.0,47.0,15.666666666666666
8113,2025-01-29 04:05:00,Central,Medical,749,3,28,Normal,0,19,4,2,0,14.0,54.0,18.0
8114,2025-01-29 04:10:00,Central,Police,267,2,18,Normal,0,18,4,2,0,19.0,51.0,17.0
8115,2025-01-29 04:15:00,North,Medical,650,3,27,Normal,0,18,4,2,0,18.0,55.0,18.333333333333332
8116,2025-01-29 04:20:00,North,Police,627,2,14,Normal,0,17,4,2,0,18.0,53.0,17.666666666666668
8117,2025-01-29 04:25:00,West,Medical,701,3,21,Normal,0,16,4,2,0,17.0,51.0,17.0
8118,2025-01-29 04:30:00,South,Other,112,1,12,Normal,0,14,4,2,0,16.0,47.0,15.666666666666666
8119,2025-01-29 04:35:00,North,Medical,843,3,12,Normal,0,15,4,2,0,14.0,45.0,15.0
8120,2025-01-29 04:40:00,North,Other,203,1,26,Normal,0,21,4,2,0,15.0,50.0,16.666666666666668
8121,2025-01-29 04:45:00,East,Medical,805,3,9,Normal,0,30,4,2,0,21.0,66.0,22.0
8122,2025-01-29 04:50:00,East,Police,568,2,13,Normal,0,16,4,2,0,30.0,67.0,22.333333333333332
8123,2025-01-29 04:55:00,West,Other,325,1,20,Normal,0,19,4,2,0,16.0,65.0,21.666666666666668
8124,2025-01-29 05:00:00,Central,Medical,877,3,13,Normal,0,23,5,2,0,19.0,58.0,19.333333333333332
8125,2025-01-29 05:05:00,East,Police,739,2,26,Normal,0,28,5,2,0,23.0,70.0,23.333333333333332
8126,2025-01-29 05:10:00,Central,Fire,554,4,18,Severe,0,41,5,2,0,28.0,92.0,30.666666666666668
8127,2025-01-29 05:15:00,North,Medical,416,3,14,Normal,0,21,5,2,0,41.0,90.0,30.0
8128,2025-01-29 05:20:00,East,Police,763,2,23,Normal,0,10,5,2,0,21.0,72.0,24.0
8129,2025-01-29 05:25:00,South,Medical,497,3,5,Severe,0,37,5,2,0,10.0,68.0,22.666666666666668
8130,2025-01-29 05:30:00,North,Other,297,1,22,Normal,0,15,5,2,0,37.0,62.0,20.666666666666668
8131,2025-01-29 05:35:00,South,Fire,758,4,15,Normal,0,23,5,2,0,15.0,75.0,25.0
8132,2025-01-29 05:40:00,West,Medical,632,3,11,Normal,0,12,5,2,0,23.0,50.0,16.666666666666668
8133,2025-01-29 05:45:00,West,Medical,672,3,21,Normal,0,22,5,2,0,12.0,57.0,19.0
8134,2025-01-29 05:50:00,North,Medical,897,3,17,Normal,0,23,5,2,0,22.0,57.0,19.0
8135,2025-01-29 05:55:00,South,Medical,609,3,29,Normal,0,16,5,2,0,23.0,61.0,20.333333333333332
8136,2025-01-29 06:00:00,South,Medical,542,3,17,Normal,0,16,6,2,0,16.0,55.0,18.333333333333332
8137,2025-01-29 06:05:00,South,Police,376,2,8,Normal,0,20,6,2,0,16.0,52.0,17.333333333333332
8138,2025-01-29 06:10:00,South,Medical,421,3,27,Normal,0,22,6,2,0,20.0,58.0,19.333333333333332
8139,2025-01-29 06:15:00,Central,Other,125,1,15,Normal,0,21,6,2,0,22.0,63.0,21.0
8140,2025-01-29 06:20:00,North,Police,682,2,22,Normal,0,16,6,2,0,21.0,59.0,19.666666666666668
8141,2025-01-29 06:25:00,South,Police,264,2,14,Severe,0,34,6,2,0,16.0,71.0,23.666666666666668
8142,2025-01-29 06:30:00,West,Medical,347,3,12,Normal,1,34,6,2,0,34.0,84.0,28.0
8143,2025-01-29 06:35:00,West,Other,170,1,6,Normal,0,19,6,2,0,34.0,87.0,29.0
8144,2025-01-29 06:40:00,North,Police,386,2,12,Normal,0,11,6,2,0,19.0,64.0,21.333333333333332
8145,2025-01-29 06:45:00,West,Other,186,1,8,Normal,0,20,6,2,0,11.0,50.0,16.666666666666668
8146,2025-01-29 06:50:00,West,Other,150,1,23,Normal,0,22,6,2,0,20.0,53.0,17.666666666666668
8147,2025-01-29 06:55:00,Central,Other,333,1,26,Normal,0,28,6,2,0,22.0,70.0,23.333333333333332
8148,2025-01-29 07:00:00,North,Other,328,1,6,Normal,0,23,7,2,0,28.0,73.0,24.333333333333332
8149,2025-01-29 07:05:00,West,Other,228,1,7,Severe,0,37,7,2,0,23.0,88.0,29.333333333333332
8150,2025-01-29 07:10:00,East,Fire,434,4,16,Normal,0,20,7,2,0,37.0,80.0,26.666666666666668
8151,2025-01-29 07:15:00,North,Medical,834,3,16,Normal,0,20,7,2,0,20.0,77.0,25.666666666666668
8152,2025-01-29 07:20:00,East,Other,355,1,5,Normal,0,33,7,2,0,20.0,73.0,24.333333333333332
8153,2025-01-29 07:25:00,West,Police,252,2,27,Normal,0,13,7,2,0,33.0,66.0,22.0
8154,2025-01-29 07:30:00,Central,Medical,762,3,8,Normal,0,18,7,2,0,13.0,64.0,21.333333333333332
8155,2025-01-29 07:35:00,West,Police,390,2,29,Normal,0,21,7,2,0,18.0,52.0,17.333333333333332
8156,2025-01-29 07:40:00,South,Medical,611,3,12,Normal,0,20,7,2,0,21.0,59.0,19.666666666666668
8157,2025-01-29 07:45:00,South,Medical,686,3,7,Normal,0,21,7,2,0,20.0,62.0,20.666666666666668
8158,2025-01-29 07:50:00,North,Other,399,1,8,Normal,0,14,7,2,0,21.0,55.0,18.333333333333332
8159,2025-01-29 07:55:00,Central,Other,112,1,17,Normal,0,13,7,2,0,14.0,48.0,16.0
8160,2025-01-29 08:00:00,North,Other,143,1,28,Severe,0,51,8,2,0,13.0,78.0,26.0
8161,2025-01-29 08:05:00,North,Fire,647,4,14,Normal,0,31,8,2,0,51.0,95.0,31.666666666666668
8162,2025-01-29 08:10:00,Central,Other,114,1,23,Normal,0,24,8,2,0,31.0,106.0,35.333333333333336
8163,2025-01-29 08:15:00,South,Police,509,2,14,Normal,0,31,8,2,0,24.0,86.0,28.666666666666668
8164,2025-01-29 08:20:00,Central,Medical,456,3,6,Normal,0,27,8,2,0,31.0,82.0,27.333333333333332
8165,2025-01-29 08:25:00,East,Police,764,2,29,Normal,0,33,8,2,0,27.0,91.0,30.333333333333332
8166,2025-01-29 08:30:00,East,Fire,994,4,11,Normal,0,27,8,2,0,33.0,87.0,29.0
8167,2025-01-29 08:35:00,North,Police,545,2,28,Normal,0,35,8,2,0,27.0,95.0,31.666666666666668
8168,2025-01-29 08:40:00,Central,Police,757,2,21,Normal,0,36,8,2,0,35.0,98.0,32.666666666666664
8169,2025-01-29 08:45:00,South,Medical,548,3,11,Normal,0,38,8,2,0,36.0,109.0,36.333333333333336
8170,2025-01-29 08:50:00,Central,Medical,875,3,25,Normal,1,42,8,2,0,38.0,116.0,38.666666666666664
8171,2025-01-29 08:55:00,East,Medical,734,3,15,Normal,0,21,8,2,0,42.0,101.0,33.666666666666664
8172,2025-01-29 09:00:00,East,Medical,339,3,9,Normal,1,45,9,2,0,21.0,108.0,36.0
8173,2025-01-29 09:05:00,South,Other,242,1,15,Normal,0,25,9,2,0,45.0,91.0,30.333333333333332
8174,2025-01-29 09:10:00,West,Fire,432,4,5,Normal,0,36,9,2,0,25.0,106.0,35.333333333333336
8175,2025-01-29 09:15:00,South,Medical,325,3,22,Normal,0,36,9,2,0,36.0,97.0,32.333333333333336
8176,2025-01-29 09:20:00,West,Medical,331,3,14,Normal,0,36,9,2,0,36.0,108.0,36.0
8177,2025-01-29 09:25:00,Central,Other,182,1,21,Normal,0,24,9,2,0,36.0,96.0,32.0
8178,2025-01-29 09:30:00,South,Medical,711,3,23,Normal,0,25,9,2,0,24.0,85.0,28.333333333333332
8179,2025-01-29 09:35:00,West,Medical,346,3,18,Normal,0,42,9,2,0,25.0,91.0,30.333333333333332
8180,2025-01-29 09:40:00,East,Other,190,1,5,Normal,0,34,9,2,0,42.0,101.0,33.666666666666664
8181,2025-01-29 09:45:00,East,Other,121,1,15,Normal,0,23,9,2,0,34.0,99.0,33.0
8182,2025-01-29 09:50:00,West,Medical,666,3,5,Normal,0,30,9,2,0,23.0,87.0,29.0
8183,2025-01-29 09:55:00,South,Medical,595,3,14,Normal,0,40,9,2,0,30.0,93.0,31.0
8184,2025-01-29 10:00:00,North,Medical,571,3,15,Normal,0,20,10,2,0,40.0,90.0,30.0
8185,2025-01-29 10:05:00,Central,Police,583,2,18,Normal,0,21,10,2,0,20.0,81.0,27.0
8186,2025-01-29 10:10:00,Central,Fire,1151,4,24,Normal,0,20,10,2,0,21.0,61.0,20.333333333333332
8187,2025-01-29 10:15:00,North,Medical,641,3,23,Normal,0,25,10,2,0,20.0,66.0,22.0
8188,2025-01-29 10:20:00,East,Police,631,2,19,Normal,0,24,10,2,0,25.0,69.0,23.0
8189,2025-01-29 10:25:00,North,Fire,903,4,16,Severe,0,38,10,2,0,24.0,87.0,29.0
8190,2025-01-29 10:30:00,West,Other,266,1,21,Normal,0,23,10,2,0,38.0,85.0,28.333333333333332
8191,2025-01-29 10:35:00,East,Other,145,1,20,Normal,0,22,10,2,0,23.0,83.0,27.666666666666668
8192,2025-01-29 10:40:00,West,Medical,632,3,12,Normal,0,19,10,2,0,22.0,64.0,21.333333333333332
8193,2025-01-29 10:45:00,East,Medical,377,3,12,Normal,0,12,10,2,0,19.0,53.0,17.666666666666668
8194,2025-01-29 10:50:00,North,Police,430,2,16,Normal,0,26,10,2,0,12.0,57.0,19.0
8195,2025-01-29 10:55:00,East,Fire,643,4,9,Normal,0,15,10,2,0,26.0,53.0,17.666666666666668
8196,2025-01-29 11:00:00,West,Medical,328,3,13,Normal,0,17,11,2,0,15.0,58.0,19.333333333333332
8197,2025-01-29 11:05:00,Central,Other,391,1,15,Normal,0,29,11,2,0,17.0,61.0,20.333333333333332
8198,2025-01-29 11:10:00,Central,Medical,692,3,24,Normal,0,22,11,2,0,29.0,68.0,22.666666666666668
8199,2025-01-29 11:15:00,West,Other,374,1,12,Normal,0,17,11,2,0,22.0,68.0,22.666666666666668
8200,2025-01-29 11:20:00,South,Police,784,2,20,Normal,0,18,11,2,0,17.0,57.0,19.0
8201,2025-01-29 11:25:00,Central,Police,653,2,11,Normal,0,15,11,2,0,18.0,50.0,16.666666666666668
8202,2025-01-29 11:30:00,Central,Other,174,1,11,Normal,0,21,11,2,0,15.0,54.0,18.0
8203,2025-01-29 11:35:00,West,Fire,543,4,22,Severe,0,41,11,2,0,21.0,77.0,25.666666666666668
8204,2025-01-29 11:40:00,West,Medical,744,3,28,Normal,0,19,11,2,0,41.0,81.0,27.0
8205,2025-01-29 11:45:00,South,Medical,389,3,18,Normal,0,17,11,2,0,19.0,77.0,25.666666666666668
8206,2025-01-29 11:50:00,South,Police,249,2,8,Normal,0,17,11,2,0,17.0,53.0,17.666666666666668
8207,2025-01-29 11:55:00,East,Other,388,1,14,Normal,0,14,11,2,0,17.0,48.0,16.0
8208,2025-01-29 12:00:00,Central,Police,287,2,24,Severe,0,44,12,2,0,14.0,75.0,25.0
8209,2025-01-29 12:05:00,South,Medical,416,3,19,Severe,0,31,12,2,0,44.0,89.0,29.666666666666668
8210,2025-01-29 12:10:00,West,Medical,573,3,17,Normal,0,17,12,2,0,31.0,92.0,30.666666666666668
8211,2025-01-29 12:15:00,Central,Medical,861,3,13,Normal,0,25,12,2,0,17.0,73.0,24.333333333333332
8212,2025-01-29 12:20:00,West,Police,462,2,5,Normal,0,23,12,2,0,25.0,65.0,21.666666666666668
8213,2025-01-29 12:25:00,East,Medical,651,3,24,Normal,0,26,12,2,0,23.0,74.0,24.666666666666668
8214,2025-01-29 12:30:00,West,Medical,488,3,14,Normal,0,20,12,2,0,26.0,69.0,23.0
8215,2025-01-29 12:35:00,Central,Medical,535,3,12,Normal,0,22,12,2,0,20.0,68.0,22.666666666666668
8216,2025-01-29 12:40:00,West,Police,424,2,15,Normal,0,31,12,2,0,22.0,73.0,24.333333333333332
8217,2025-01-29 12:45:00,West,Police,282,2,8,Severe,0,43,12,2,0,31.0,96.0,32.0
8218,2025-01-29 12:50:00,South,Police,312,2,13,Normal,0,22,12,2,0,43.0,96.0,32.0
8219,2025-01-29 12:55:00,East,Medical,655,3,18,Normal,0,19,12,2,0,22.0,84.0,28.0
8220,2025-01-29 13:00:00,Central,Medical,677,3,29,Severe,0,41,13,2,0,19.0,82.0,27.333333333333332
8221,2025-01-29 13:05:00,Central,Medical,796,3,17,Normal,1,37,13,2,0,41.0,97.0,32.333333333333336
8222,2025-01-29 13:10:00,East,Other,148,1,21,Normal,0,21,13,2,0,37.0,99.0,33.0
8223,2025-01-29 13:15:00,South,Medical,764,3,16,Severe,0,46,13,2,0,21.0,104.0,34.666666666666664
8224,2025-01-29 13:20:00,East,Medical,332,3,8,Normal,0,21,13,2,0,46.0,88.0,29.333333333333332
8225,2025-01-29 13:25:00,West,Other,379,1,7,Normal,0,20,13,2,0,21.0,87.0,29.0
8226,2025-01-29 13:30:00,East,Fire,494,4,16,Normal,0,25,13,2,0,20.0,66.0,22.0
8227,2025-01-29 13:35:00,East,Medical,636,3,21,Normal,0,18,13,2,0,25.0,63.0,21.0
8228,2025-01-29 13:40:00,West,Other,331,1,5,Normal,0,16,13,2,0,18.0,59.0,19.666666666666668
8229,2025-01-29 13:45:00,South,Other,251,1,21,Severe,1,54,13,2,0,16.0,88.0,29.333333333333332
8230,2025-01-29 13:50:00,East,Fire,418,4,5,Normal,0,19,13,2,0,54.0,89.0,29.666666666666668
8231,2025-01-29 13:55:00,Central,Medical,302,3,10,Normal,0,21,13,2,0,19.0,94.0,31.333333333333332
8232,2025-01-29 14:00:00,North,Fire,494,4,19,Normal,0,16,14,2,0,21.0,56.0,18.666666666666668
8233,2025-01-29 14:05:00,Central,Medical,430,3,22,Severe,0,47,14,2,0,16.0,84.0,28.0
8234,2025-01-29 14:10:00,North,Medical,474,3,21,Normal,0,23,14,2,0,47.0,86.0,28.666666666666668
8235,2025-01-29 14:15:00,West,Medical,379,3,23,Normal,0,22,14,2,0,23.0,92.0,30.666666666666668
8236,2025-01-29 14:20:00,West,Fire,956,4,12,Normal,0,22,14,2,0,22.0,67.0,22.333333333333332
8237,2025-01-29 14:25:00,Central,Medical,396,3,26,Normal,0,22,14,2,0,22.0,66.0,22.0
8238,2025-01-29 14:30:00,West,Other,356,1,17,Normal,0,15,14,2,0,22.0,59.0,19.666666666666668
8239,2025-01-29 14:35:00,Central,Other,360,1,9,Normal,0,24,14,2,0,15.0,61.0,20.333333333333332
8240,2025-01-29 14:40:00,South,Fire,794,4,9,Normal,0,20,14,2,0,24.0,59.0,19.666666666666668
8241,2025-01-29 14:45:00,North,Police,715,2,15,Normal,0,15,14,2,0,20.0,59.0,19.666666666666668
8242,2025-01-29 14:50:00,East,Medical,774,3,16,Normal,0,18,14,2,0,15.0,53.0,17.666666666666668
8243,2025-01-29 14:55:00,Central,Police,408,2,23,Normal,0,20,14,2,0,18.0,53.0,17.666666666666668
8244,2025-01-29 15:00:00,East,Fire,612,4,7,Normal,0,19,15,2,0,20.0,57.0,19.0
8245,2025-01-29 15:05:00,East,Police,506,2,23,Normal,0,20,15,2,0,19.0,59.0,19.666666666666668
8246,2025-01-29 15:10:00,South,Police,590,2,13,Normal,0,19,15,2,0,20.0,58.0,19.333333333333332
8247,2025-01-29 15:15:00,East,Medical,848,3,9,Normal,0,16,15,2,0,19.0,55.0,18.333333333333332
8248,2025-01-29 15:20:00,North,Other,357,1,16,Normal,0,29,15,2,0,16.0,64.0,21.333333333333332
8249,2025-01-29 15:25:00,South,Medical,658,3,11,Normal,0,25,15,2,0,29.0,70.0,23.333333333333332
8250,2025-01-29 15:30:00,Central,Police,424,2,12,Normal,0,11,15,2,0,25.0,65.0,21.666666666666668
8251,2025-01-29 15:35:00,East,Medical,317,3,28,Normal,0,15,15,2,0,11.0,51.0,17.0
8252,2025-01-29 15:40:00,Central,Fire,436,4,13,Normal,0,27,15,2,0,15.0,53.0,17.666666666666668
8253,2025-01-29 15:45:00,East,Medical,504,3,19,Normal,0,24,15,2,0,27.0,66.0,22.0
8254,2025-01-29 15:50:00,North,Fire,692,4,13,Normal,0,17,15,2,0,24.0,68.0,22.666666666666668
8255,2025-01-29 15:55:00,Central,Fire,608,4,15,Normal,0,20,15,2,0,17.0,61.0,20.333333333333332
8256,2025-01-29 16:00:00,Central,Police,648,2,12,Normal,0,20,16,2,0,20.0,57.0,19.0
8257,2025-01-29 16:05:00,Central,Medical,469,3,6,Normal,0,22,16,2,0,20.0,62.0,20.666666666666668
8258,2025-01-29 16:10:00,East,Police,734,2,17,Normal,0,19,16,2,0,22.0,61.0,20.333333333333332
8259,2025-01-29 16:15:00,West,Medical,852,3,20,Normal,0,22,16,2,0,19.0,63.0,21.0
8260,2025-01-29 16:20:00,West,Medical,781,3,11,Normal,0,16,16,2,0,22.0,57.0,19.0
8261,2025-01-29 16:25:00,South,Police,311,2,24,Normal,1,37,16,2,0,16.0,75.0,25.0
8262,2025-01-29 16:30:00,West,Medical,732,3,19,Severe,0,35,16,2,0,37.0,88.0,29.333333333333332
8263,2025-01-29 16:35:00,South,Medical,310,3,13,Normal,0,16,16,2,0,35.0,88.0,29.333333333333332
8264,2025-01-29 16:40:00,North,Medical,302,3,27,Normal,0,26,16,2,0,16.0,77.0,25.666666666666668
8265,2025-01-29 16:45:00,Central,Medical,550,3,10,Normal,0,15,16,2,0,26.0,57.0,19.0
8266,2025-01-29 16:50:00,Central,Police,605,2,24,Severe,0,53,16,2,0,15.0,94.0,31.333333333333332
8267,2025-01-29 16:55:00,East,Police,780,2,6,Normal,1,35,16,2,0,53.0,103.0,34.333333333333336
8268,2025-01-29 17:00:00,West,Other,155,1,8,Normal,0,21,17,2,0,35.0,109.0,36.333333333333336
8269,2025-01-29 17:05:00,East,Medical,744,3,29,Normal,0,18,17,2,0,21.0,74.0,24.666666666666668
8270,2025-01-29 17:10:00,East,Other,191,1,15,Normal,0,11,17,2,0,18.0,50.0,16.666666666666668
8271,2025-01-29 17:15:00,North,Medical,469,3,24,Normal,0,28,17,2,0,11.0,57.0,19.0
8272,2025-01-29 17:20:00,South,Other,251,1,5,Normal,0,24,17,2,0,28.0,63.0,21.0
8273,2025-01-29 17:25:00,West,Other,185,1,5,Normal,0,18,17,2,0,24.0,70.0,23.333333333333332
8274,2025-01-29 17:30:00,North,Police,692,2,8,Normal,0,19,17,2,0,18.0,61.0,20.333333333333332
8275,2025-01-29 17:35:00,South,Medical,542,3,18,Normal,0,29,17,2,0,19.0,66.0,22.0
8276,2025-01-29 17:40:00,South,Medical,602,3,9,Normal,0,17,17,2,0,29.0,65.0,21.666666666666668
8277,2025-01-29 17:45:00,Central,Police,353,2,22,Normal,0,20,17,2,0,17.0,66.0,22.0
8278,2025-01-29 17:50:00,South,Police,498,2,12,Severe,1,57,17,2,0,20.0,94.0,31.333333333333332
8279,2025-01-29 17:55:00,North,Medical,472,3,13,Normal,0,19,17,2,0,57.0,96.0,32.0
8280,2025-01-29 18:00:00,West,Fire,462,4,12,Normal,1,56,18,2,0,19.0,132.0,44.0
8281,2025-01-29 18:05:00,East,Medical,507,3,13,Normal,0,33,18,2,0,56.0,108.0,36.0
8282,2025-01-29 18:10:00,Central,Other,102,1,13,Normal,0,32,18,2,0,33.0,121.0,40.333333333333336
8283,2025-01-29 18:15:00,North,Police,444,2,11,Normal,0,25,18,2,0,32.0,90.0,30.0
8284,2025-01-29 18:20:00,East,Other,197,1,11,Normal,0,38,18,2,0,25.0,95.0,31.666666666666668
8285,2025-01-29 18:25:00,West,Police,235,2,8,Severe,0,45,18,2,0,38.0,108.0,36.0
8286,2025-01-29 18:30:00,South,Medical,784,3,10,Normal,1,40,18,2,0,45.0,123.0,41.0
8287,2025-01-29 18:35:00,North,Medical,413,3,17,Normal,0,29,18,2,0,40.0,114.0,38.0
8288,2025-01-29 18:40:00,South,Police,462,2,15,Normal,0,24,18,2,0,29.0,93.0,31.0
8289,2025-01-29 18:45:00,Central,Medical,890,3,27,Severe,0,48,18,2,0,24.0,101.0,33.666666666666664
8290,2025-01-29 18:50:00,Central,Medical,494,3,12,Normal,0,33,18,2,0,48.0,105.0,35.0
8291,2025-01-29 18:55:00,North,Police,785,2,28,Normal,0,36,18,2,0,33.0,117.0,39.0
8292,2025-01-29 19:00:00,South,Medical,316,3,11,Normal,1,48,19,2,0,36.0,117.0,39.0
8293,2025-01-29 19:05:00,North,Fire,454,4,27,Normal,0,32,19,2,0,48.0,116.0,38.666666666666664
8294,2025-01-29 19:10:00,West,Medical,862,3,18,Normal,1,43,19,2,0,32.0,123.0,41.0
8295,2025-01-29 19:15:00,North,Fire,445,4,19,Normal,1,33,19,2,0,43.0,108.0,36.0
8296,2025-01-29 19:20:00,Central,Police,498,2,10,Normal,0,37,19,2,0,33.0,113.0,37.666666666666664
8297,2025-01-29 19:25:00,Central,Medical,411,3,16,Normal,0,30,19,2,0,37.0,100.0,33.333333333333336
8298,2025-01-29 19:30:00,Central,Fire,836,4,29,Normal,0,26,19,2,0,30.0,93.0,31.0
8299,2025-01-29 19:35:00,West,Other,100,1,18,Normal,0,28,19,2,0,26.0,84.0,28.0
8300,2025-01-29 19:40:00,South,Medical,736,3,28,Normal,0,33,19,2,0,28.0,87.0,29.0
8301,2025-01-29 19:45:00,West,Medical,637,3,27,Severe,0,49,19,2,0,33.0,110.0,36.666666666666664
8302,2025-01-29 19:50:00,Central,Fire,496,4,20,Normal,0,22,19,2,0,49.0,104.0,34.666666666666664
8303,2025-01-29 19:55:00,Central,Medical,404,3,6,Normal,1,43,19,2,0,22.0,114.0,38.0
8304,2025-01-29 20:00:00,North,Medical,638,3,12,Normal,1,43,20,2,0,43.0,108.0,36.0
8305,2025-01-29 20:05:00,South,Police,360,2,14,Normal,0,38,20,2,0,43.0,124.0,41.333333333333336
8306,2025-01-29 20:10:00,Central,Other,299,1,18,Normal,0,41,20,2,0,38.0,122.0,40.666666666666664
8307,2025-01-29 20:15:00,West,Other,312,1,11,Severe,0,50,20,2,0,41.0,129.0,43.0
8308,2025-01-29 20:20:00,Central,Medical,321,3,13,Normal,0,29,20,2,0,50.0,120.0,40.0
8309,2025-01-29 20:25:00,East,Other,133,1,20,Normal,0,27,20,2,0,29.0,106.0,35.333333333333336
8310,2025-01-29 20:30:00,West,Fire,1094,4,19,Normal,0,26,20,2,0,27.0,82.0,27.333333333333332
8311,2025-01-29 20:35:00,West,Medical,523,3,14,Normal,0,26,20,2,0,26.0,79.0,26.333333333333332
8312,2025-01-29 20:40:00,West,Police,638,2,6,Normal,0,43,20,2,0,26.0,95.0,31.666666666666668
8313,2025-01-29 20:45:00,West,Medical,886,3,17,Normal,0,36,20,2,0,43.0,105.0,35.0
8314,2025-01-29 20:50:00,West,Medical,849,3,16,Normal,1,39,20,2,0,36.0,118.0,39.333333333333336
8315,2025-01-29 20:55:00,Central,Police,263,2,21,Normal,0,23,20,2,0,39.0,98.0,32.666666666666664
8316,2025-01-29 21:00:00,South,Other,179,1,24,Normal,0,21,21,2,0,23.0,83.0,27.666666666666668
8317,2025-01-29 21:05:00,North,Police,428,2,29,Normal,0,30,21,2,0,21.0,74.0,24.666666666666668
8318,2025-01-29 21:10:00,North,Police,586,2,17,Normal,0,30,21,2,0,30.0,81.0,27.0
8319,2025-01-29 21:15:00,South,Medical,738,3,8,Normal,0,13,21,2,0,30.0,73.0,24.333333333333332
8320,2025-01-29 21:20:00,East,Medical,616,3,12,Normal,0,23,21,2,0,13.0,66.0,22.0
8321,2025-01-29 21:25:00,North,Police,633,2,17,Severe,0,44,21,2,0,23.0,80.0,26.666666666666668
8322,2025-01-29 21:30:00,South,Other,344,1,5,Normal,0,22,21,2,0,44.0,89.0,29.666666666666668
8323,2025-01-29 21:35:00,South,Medical,526,3,19,Severe,0,41,21,2,0,22.0,107.0,35.666666666666664
8324,2025-01-29 21:40:00,North,Other,199,1,29,Normal,0,20,21,2,0,41.0,83.0,27.666666666666668
8325,2025-01-29 21:45:00,Central,Medical,634,3,8,Normal,0,24,21,2,0,20.0,85.0,28.333333333333332
8326,2025-01-29 21:50:00,Central,Medical,804,3,29,Normal,0,22,21,2,0,24.0,66.0,22.0
8327,2025-01-29 21:55:00,Central,Other,307,1,6,Normal,0,16,21,2,0,22.0,62.0,20.666666666666668
8328,2025-01-29 22:00:00,Central,Police,221,2,7,Normal,0,19,22,2,0,16.0,57.0,19.0
8329,2025-01-29 22:05:00,South,Police,548,2,25,Normal,0,11,22,2,0,19.0,46.0,15.333333333333334
8330,2025-01-29 22:10:00,Central,Fire,917,4,25,Normal,0,9,22,2,0,11.0,39.0,13.0
8331,2025-01-29 22:15:00,East,Fire,836,4,17,Normal,0,28,22,2,0,9.0,48.0,16.0
8332,2025-01-29 22:20:00,South,Medical,476,3,23,Severe,0,45,22,2,0,28.0,82.0,27.333333333333332
8333,2025-01-29 22:25:00,South,Medical,563,3,16,Severe,0,37,22,2,0,45.0,110.0,36.666666666666664
8334,2025-01-29 22:30:00,Central,Medical,378,3,25,Normal,0,31,22,2,0,37.0,113.0,37.666666666666664
8335,2025-01-29 22:35:00,North,Medical,740,3,26,Normal,0,27,22,2,0,31.0,95.0,31.666666666666668
8336,2025-01-29 22:40:00,North,Medical,823,3,5,Normal,0,25,22,2,0,27.0,83.0,27.666666666666668
8337,2025-01-29 22:45:00,South,Medical,599,3,22,Normal,0,25,22,2,0,25.0,77.0,25.666666666666668
8338,2025-01-29 22:50:00,East,Police,388,2,19,Normal,1,41,22,2,0,25.0,91.0,30.333333333333332
8339,2025-01-29 22:55:00,North,Other,262,1,25,Normal,0,30,22,2,0,41.0,96.0,32.0
8340,2025-01-29 23:00:00,West,Medical,869,3,5,Normal,0,17,23,2,0,30.0,88.0,29.333333333333332
8341,2025-01-29 23:05:00,West,Police,465,2,15,Severe,0,36,23,2,0,17.0,83.0,27.666666666666668
8342,2025-01-29 23:10:00,West,Medical,329,3,5,Severe,0,50,23,2,0,36.0,103.0,34.333333333333336
8343,2025-01-29 23:15:00,Central,Other,305,1,23,Normal,0,14,23,2,0,50.0,100.0,33.333333333333336
8344,2025-01-29 23:20:00,East,Medical,406,3,13,Normal,0,11,23,2,0,14.0,75.0,25.0
8345,2025-01-29 23:25:00,West,Other,177,1,29,Normal,0,22,23,2,0,11.0,47.0,15.666666666666666
8346,2025-01-29 23:30:00,Central,Medical,668,3,29,Normal,0,15,23,2,0,22.0,48.0,16.0
8347,2025-01-29 23:35:00,North,Police,320,2,26,Normal,1,42,23,2,0,15.0,79.0,26.333333333333332
8348,2025-01-29 23:40:00,East,Police,396,2,15,Normal,0,22,23,2,0,42.0,79.0,26.333333333333332
8349,2025-01-29 23:45:00,Central,Medical,584,3,15,Normal,0,20,23,2,0,22.0,84.0,28.0
8350,2025-01-29 23:50:00,Central,Fire,834,4,8,Normal,0,24,23,2,0,20.0,66.0,22.0
8351,2025-01-29 23:55:00,West,Medical,750,3,15,Normal,0,35,23,2,0,24.0,79.0,26.333333333333332
8352,2025-01-30 00:00:00,East,Medical,389,3,29,Normal,0,26,0,3,0,35.0,85.0,28.333333333333332
8353,2025-01-30 00:05:00,South,Fire,1017,4,10,Normal,0,15,0,3,0,26.0,76.0,25.333333333333332
8354,2025-01-30 00:10:00,East,Police,371,2,29,Normal,0,21,0,3,0,15.0,62.0,20.666666666666668
8355,2025-01-30 00:15:00,West,Medical,838,3,6,Normal,0,20,0,3,0,21.0,56.0,18.666666666666668
8356,2025-01-30 00:20:00,South,Medical,603,3,24,Normal,0,21,0,3,0,20.0,62.0,20.666666666666668
8357,2025-01-30 00:25:00,East,Other,122,1,24,Normal,0,14,0,3,0,21.0,55.0,18.333333333333332
8358,2025-01-30 00:30:00,North,Other,232,1,27,Normal,0,14,0,3,0,14.0,49.0,16.333333333333332
8359,2025-01-30 00:35:00,South,Medical,521,3,16,Normal,0,20,0,3,0,14.0,48.0,16.0
8360,2025-01-30 00:40:00,Central,Medical,704,3,13,Normal,0,21,0,3,0,20.0,55.0,18.333333333333332
8361,2025-01-30 00:45:00,Central,Medical,698,3,25,Normal,0,18,0,3,0,21.0,59.0,19.666666666666668
8362,2025-01-30 00:50:00,South,Police,563,2,9,Normal,0,25,0,3,0,18.0,64.0,21.333333333333332
8363,2025-01-30 00:55:00,West,Other,123,1,29,Normal,0,17,0,3,0,25.0,60.0,20.0
8364,2025-01-30 01:00:00,Central,Police,473,2,5,Normal,0,16,1,3,0,17.0,58.0,19.333333333333332
8365,2025-01-30 01:05:00,Central,Police,626,2,6,Normal,0,29,1,3,0,16.0,62.0,20.666666666666668
8366,2025-01-30 01:10:00,South,Police,796,2,22,Normal,0,19,1,3,0,29.0,64.0,21.333333333333332
8367,2025-01-30 01:15:00,East,Fire,1145,4,22,Normal,1,25,1,3,0,19.0,73.0,24.333333333333332
8368,2025-01-30 01:20:00,South,Medical,690,3,25,Severe,0,43,1,3,0,25.0,87.0,29.0
8369,2025-01-30 01:25:00,South,Police,418,2,6,Severe,0,39,1,3,0,43.0,107.0,35.666666666666664
8370,2025-01-30 01:30:00,Central,Medical,700,3,15,Normal,0,14,1,3,0,39.0,96.0,32.0
8371,2025-01-30 01:35:00,Central,Medical,859,3,28,Normal,0,19,1,3,0,14.0,72.0,24.0
8372,2025-01-30 01:40:00,Central,Other,104,1,22,Normal,0,24,1,3,0,19.0,57.0,19.0
8373,2025-01-30 01:45:00,North,Police,509,2,20,Normal,0,17,1,3,0,24.0,60.0,20.0
8374,2025-01-30 01:50:00,West,Police,533,2,12,Normal,0,22,1,3,0,17.0,63.0,21.0
8375,2025-01-30 01:55:00,West,Medical,682,3,19,Normal,0,26,1,3,0,22.0,65.0,21.666666666666668
8376,2025-01-30 02:00:00,East,Police,226,2,7,Normal,0,21,2,3,0,26.0,69.0,23.0
8377,2025-01-30 02:05:00,North,Fire,789,4,24,Normal,0,26,2,3,0,21.0,73.0,24.333333333333332
8378,2025-01-30 02:10:00,West,Police,695,2,10,Normal,0,21,2,3,0,26.0,68.0,22.666666666666668
8379,2025-01-30 02:15:00,North,Medical,786,3,28,Normal,0,18,2,3,0,21.0,65.0,21.666666666666668
8380,2025-01-30 02:20:00,West,Fire,788,4,9,Normal,1,32,2,3,0,18.0,71.0,23.666666666666668
8381,2025-01-30 02:25:00,West,Police,731,2,23,Normal,0,15,2,3,0,32.0,65.0,21.666666666666668
8382,2025-01-30 02:30:00,South,Other,146,1,28,Severe,0,45,2,3,0,15.0,92.0,30.666666666666668
8383,2025-01-30 02:35:00,Central,Police,482,2,26,Normal,0,14,2,3,0,45.0,74.0,24.666666666666668
8384,2025-01-30 02:40:00,North,Medical,539,3,21,Normal,0,21,2,3,0,14.0,80.0,26.666666666666668
8385,2025-01-30 02:45:00,Central,Medical,490,3,8,Normal,0,27,2,3,0,21.0,62.0,20.666666666666668
8386,2025-01-30 02:50:00,North,Medical,322,3,17,Normal,0,14,2,3,0,27.0,62.0,20.666666666666668
8387,2025-01-30 02:55:00,North,Police,256,2,20,Normal,0,25,2,3,0,14.0,66.0,22.0
8388,2025-01-30 03:00:00,North,Police,250,2,26,Normal,0,15,3,3,0,25.0,54.0,18.0
8389,2025-01-30 03:05:00,North,Police,235,2,15,Normal,0,18,3,3,0,15.0,58.0,19.333333333333332
8390,2025-01-30 03:10:00,North,Medical,792,3,23,Normal,1,41,3,3,0,18.0,74.0,24.666666666666668
8391,2025-01-30 03:15:00,Central,Medical,565,3,22,Severe,0,42,3,3,0,41.0,101.0,33.666666666666664
8392,2025-01-30 03:20:00,North,Police,714,2,23,Normal,1,32,3,3,0,42.0,115.0,38.333333333333336
8393,2025-01-30 03:25:00,North,Police,371,2,15,Normal,0,19,3,3,0,32.0,93.0,31.0
8394,2025-01-30 03:30:00,Central,Police,453,2,11,Normal,0,21,3,3,0,19.0,72.0,24.0
8395,2025-01-30 03:35:00,North,Medical,684,3,13,Normal,0,20,3,3,0,21.0,60.0,20.0
8396,2025-01-30 03:40:00,Central,Medical,473,3,22,Normal,0,29,3,3,0,20.0,70.0,23.333333333333332
8397,2025-01-30 03:45:00,West,Medical,307,3,12,Normal,0,19,3,3,0,29.0,68.0,22.666666666666668
8398,2025-01-30 03:50:00,Central,Medical,351,3,21,Normal,0,16,3,3,0,19.0,64.0,21.333333333333332
8399,2025-01-30 03:55:00,South,Medical,806,3,7,Normal,0,17,3,3,0,16.0,52.0,17.333333333333332
8400,2025-01-30 04:00:00,North,Medical,548,3,11,Normal,1,29,4,3,0,17.0,62.0,20.666666666666668
8401,2025-01-30 04:05:00,West,Medical,442,3,23,Normal,0,21,4,3,0,29.0,67.0,22.333333333333332
8402,2025-01-30 04:10:00,Central,Other,349,1,21,Normal,0,17,4,3,0,21.0,67.0,22.333333333333332
8403,2025-01-30 04:15:00,South,Police,710,2,10,Severe,0,45,4,3,0,17.0,83.0,27.666666666666668
8404,2025-01-30 04:20:00,South,Other,195,1,21,Normal,0,20,4,3,0,45.0,82.0,27.333333333333332
8405,2025-01-30 04:25:00,South,Medical,568,3,27,Normal,0,20,4,3,0,20.0,85.0,28.333333333333332
8406,2025-01-30 04:30:00,North,Medical,508,3,22,Normal,0,22,4,3,0,20.0,62.0,20.666666666666668
8407,2025-01-30 04:35:00,East,Medical,892,3,28,Normal,0,28,4,3,0,22.0,70.0,23.333333333333332
8408,2025-01-30 04:40:00,Central,Police,606,2,5,Normal,0,19,4,3,0,28.0,69.0,23.0
8409,2025-01-30 04:45:00,North,Medical,394,3,28,Normal,0,18,4,3,0,19.0,65.0,21.666666666666668
8410,2025-01-30 04:50:00,West,Police,319,2,24,Normal,0,23,4,3,0,18.0,60.0,20.0
8411,2025-01-30 04:55:00,East,Medical,551,3,25,Normal,0,15,4,3,0,23.0,56.0,18.666666666666668
8412,2025-01-30 05:00:00,South,Other,284,1,18,Normal,0,17,5,3,0,15.0,55.0,18.333333333333332
8413,2025-01-30 05:05:00,West,Police,659,2,21,Normal,0,19,5,3,0,17.0,51.0,17.0
8414,2025-01-30 05:10:00,West,Fire,643,4,22,Normal,0,23,5,3,0,19.0,59.0,19.666666666666668
8415,2025-01-30 05:15:00,Central,Other,261,1,13,Normal,0,21,5,3,0,23.0,63.0,21.0
8416,2025-01-30 05:20:00,East,Fire,901,4,15,Normal,0,27,5,3,0,21.0,71.0,23.666666666666668
8417,2025-01-30 05:25:00,Central,Other,118,1,5,Normal,0,21,5,3,0,27.0,69.0,23.0
8418,2025-01-30 05:30:00,North,Medical,347,3,18,Normal,0,22,5,3,0,21.0,70.0,23.333333333333332
8419,2025-01-30 05:35:00,North,Police,417,2,18,Normal,0,19,5,3,0,22.0,62.0,20.666666666666668
8420,2025-01-30 05:40:00,South,Medical,548,3,20,Normal,0,16,5,3,0,19.0,57.0,19.0
8421,2025-01-30 05:45:00,North,Medical,552,3,27,Normal,0,15,5,3,0,16.0,50.0,16.666666666666668
8422,2025-01-30 05:50:00,North,Other,306,1,27,Normal,0,18,5,3,0,15.0,49.0,16.333333333333332
8423,2025-01-30 05:55:00,North,Police,269,2,22,Normal,0,14,5,3,0,18.0,47.0,15.666666666666666
8424,2025-01-30 06:00:00,West,Medical,539,3,18,Normal,1,32,6,3,0,14.0,64.0,21.333333333333332
8425,2025-01-30 06:05:00,North,Other,250,1,26,Normal,0,16,6,3,0,32.0,62.0,20.666666666666668
8426,2025-01-30 06:10:00,Central,Other,145,1,10,Normal,0,28,6,3,0,16.0,76.0,25.333333333333332
8427,2025-01-30 06:15:00,East,Police,415,2,7,Normal,0,14,6,3,0,28.0,58.0,19.333333333333332
8428,2025-01-30 06:20:00,East,Medical,843,3,5,Normal,0,23,6,3,0,14.0,65.0,21.666666666666668
8429,2025-01-30 06:25:00,East,Other,207,1,23,Normal,0,21,6,3,0,23.0,58.0,19.333333333333332
8430,2025-01-30 06:30:00,South,Medical,333,3,11,Normal,0,20,6,3,0,21.0,64.0,21.333333333333332
8431,2025-01-30 06:35:00,South,Medical,381,3,7,Normal,0,18,6,3,0,20.0,59.0,19.666666666666668
8432,2025-01-30 06:40:00,West,Other,360,1,8,Normal,0,18,6,3,0,18.0,56.0,18.666666666666668
8433,2025-01-30 06:45:00,North,Fire,455,4,22,Normal,0,17,6,3,0,18.0,53.0,17.666666666666668
8434,2025-01-30 06:50:00,East,Medical,523,3,27,Normal,0,16,6,3,0,17.0,51.0,17.0
8435,2025-01-30 06:55:00,Central,Fire,1019,4,21,Normal,0,18,6,3,0,16.0,51.0,17.0
8436,2025-01-30 07:00:00,Central,Police,593,2,19,Normal,0,26,7,3,0,18.0,60.0,20.0
8437,2025-01-30 07:05:00,Central,Other,123,1,25,Normal,0,16,7,3,0,26.0,60.0,20.0
8438,2025-01-30 07:10:00,North,Medical,868,3,27,Normal,0,14,7,3,0,16.0,56.0,18.666666666666668
8439,2025-01-30 07:15:00,West,Medical,867,3,18,Severe,0,32,7,3,0,14.0,62.0,20.666666666666668
8440,2025-01-30 07:20:00,Central,Medical,342,3,14,Normal,0,23,7,3,0,32.0,69.0,23.0
8441,2025-01-30 07:25:00,West,Fire,1190,4,20,Normal,0,20,7,3,0,23.0,75.0,25.0
8442,2025-01-30 07:30:00,North,Fire,939,4,11,Normal,0,13,7,3,0,20.0,56.0,18.666666666666668
8443,2025-01-30 07:35:00,Central,Police,749,2,11,Normal,0,30,7,3,0,13.0,63.0,21.0
8444,2025-01-30 07:40:00,North,Police,563,2,11,Normal,0,19,7,3,0,30.0,62.0,20.666666666666668
8445,2025-01-30 07:45:00,Central,Other,247,1,21,Normal,0,18,7,3,0,19.0,67.0,22.333333333333332
8446,2025-01-30 07:50:00,East,Police,721,2,5,Normal,0,25,7,3,0,18.0,62.0,20.666666666666668
8447,2025-01-30 07:55:00,South,Other,103,1,21,Normal,0,19,7,3,0,25.0,62.0,20.666666666666668
8448,2025-01-30 08:00:00,South,Fire,731,4,15,Normal,0,33,8,3,0,19.0,77.0,25.666666666666668
8449,2025-01-30 08:05:00,East,Police,610,2,25,Normal,0,29,8,3,0,33.0,81.0,27.0
8450,2025-01-30 08:10:00,South,Medical,475,3,23,Normal,0,34,8,3,0,29.0,96.0,32.0
8451,2025-01-30 08:15:00,Central,Police,202,2,9,Normal,0,34,8,3,0,34.0,97.0,32.333333333333336
8452,2025-01-30 08:20:00,South,Medical,556,3,18,Severe,0,51,8,3,0,34.0,119.0,39.666666666666664
8453,2025-01-30 08:25:00,East,Police,761,2,6,Normal,0,22,8,3,0,51.0,107.0,35.666666666666664
8454,2025-01-30 08:30:00,West,Medical,830,3,6,Normal,0,22,8,3,0,22.0,95.0,31.666666666666668
8455,2025-01-30 08:35:00,South,Medical,499,3,5,Normal,0,27,8,3,0,22.0,71.0,23.666666666666668
8456,2025-01-30 08:40:00,North,Fire,953,4,19,Normal,0,34,8,3,0,27.0,83.0,27.666666666666668
8457,2025-01-30 08:45:00,North,Other,119,1,18,Severe,0,52,8,3,0,34.0,113.0,37.666666666666664
8458,2025-01-30 08:50:00,Central,Medical,561,3,19,Normal,0,35,8,3,0,52.0,121.0,40.333333333333336
8459,2025-01-30 08:55:00,North,Other,387,1,20,Normal,0,31,8,3,0,35.0,118.0,39.333333333333336
8460,2025-01-30 09:00:00,North,Medical,624,3,28,Normal,0,27,9,3,0,31.0,93.0,31.0
8461,2025-01-30 09:05:00,South,Police,401,2,14,Normal,0,27,9,3,0,27.0,85.0,28.333333333333332
8462,2025-01-30 09:10:00,North,Other,388,1,12,Normal,0,26,9,3,0,27.0,80.0,26.666666666666668
8463,2025-01-30 09:15:00,West,Police,778,2,13,Normal,1,38,9,3,0,26.0,91.0,30.333333333333332
8464,2025-01-30 09:20:00,South,Other,122,1,12,Severe,0,65,9,3,0,38.0,129.0,43.0
8465,2025-01-30 09:25:00,South,Medical,618,3,13,Normal,0,29,9,3,0,65.0,132.0,44.0
8466,2025-01-30 09:30:00,Central,Fire,1187,4,9,Normal,0,33,9,3,0,29.0,127.0,42.333333333333336
8467,2025-01-30 09:35:00,Central,Police,481,2,27,Normal,0,36,9,3,0,33.0,98.0,32.666666666666664
8468,2025-01-30 09:40:00,West,Police,336,2,24,Severe,0,42,9,3,0,36.0,111.0,37.0
8469,2025-01-30 09:45:00,Central,Medical,312,3,12,Normal,0,37,9,3,0,42.0,115.0,38.333333333333336
8470,2025-01-30 09:50:00,Central,Medical,344,3,9,Normal,0,27,9,3,0,37.0,106.0,35.333333333333336
8471,2025-01-30 09:55:00,East,Police,598,2,5,Normal,0,24,9,3,0,27.0,88.0,29.333333333333332
8472,2025-01-30 10:00:00,South,Police,227,2,14,Normal,1,40,10,3,0,24.0,91.0,30.333333333333332
8473,2025-01-30 10:05:00,North,Police,338,2,11,Normal,0,22,10,3,0,40.0,86.0,28.666666666666668
8474,2025-01-30 10:10:00,North,Other,321,1,19,Normal,0,21,10,3,0,22.0,83.0,27.666666666666668
8475,2025-01-30 10:15:00,North,Medical,643,3,13,Normal,0,19,10,3,0,21.0,62.0,20.666666666666668
8476,2025-01-30 10:20:00,West,Medical,821,3,7,Normal,0,18,10,3,0,19.0,58.0,19.333333333333332
8477,2025-01-30 10:25:00,East,Police,311,2,11,Normal,0,20,10,3,0,18.0,57.0,19.0
8478,2025-01-30 10:30:00,North,Fire,642,4,21,Normal,0,14,10,3,0,20.0,52.0,17.333333333333332
8479,2025-01-30 10:35:00,West,Medical,307,3,10,Normal,0,27,10,3,0,14.0,61.0,20.333333333333332
8480,2025-01-30 10:40:00,South,Medical,451,3,28,Normal,1,33,10,3,0,27.0,74.0,24.666666666666668
8481,2025-01-30 10:45:00,East,Police,748,2,7,Normal,0,20,10,3,0,33.0,80.0,26.666666666666668
8482,2025-01-30 10:50:00,North,Police,782,2,18,Normal,0,19,10,3,0,20.0,72.0,24.0
8483,2025-01-30 10:55:00,East,Other,360,1,26,Normal,0,22,10,3,0,19.0,61.0,20.333333333333332
8484,2025-01-30 11:00:00,North,Medical,323,3,12,Normal,0,23,11,3,0,22.0,64.0,21.333333333333332
8485,2025-01-30 11:05:00,East,Medical,440,3,28,Normal,0,26,11,3,0,23.0,71.0,23.666666666666668
8486,2025-01-30 11:10:00,Central,Other,180,1,11,Normal,0,19,11,3,0,26.0,68.0,22.666666666666668
8487,2025-01-30 11:15:00,East,Police,648,2,6,Normal,0,15,11,3,0,19.0,60.0,20.0
8488,2025-01-30 11:20:00,East,Medical,606,3,19,Normal,0,11,11,3,0,15.0,45.0,15.0
8489,2025-01-30 11:25:00,East,Medical,385,3,24,Severe,1,38,11,3,0,11.0,64.0,21.333333333333332
8490,2025-01-30 11:30:00,Central,Fire,462,4,15,Normal,0,28,11,3,0,38.0,77.0,25.666666666666668
8491,2025-01-30 11:35:00,West,Medical,532,3,7,Normal,0,13,11,3,0,28.0,79.0,26.333333333333332
8492,2025-01-30 11:40:00,South,Medical,699,3,16,Normal,0,15,11,3,0,13.0,56.0,18.666666666666668
8493,2025-01-30 11:45:00,North,Medical,317,3,8,Normal,0,24,11,3,0,15.0,52.0,17.333333333333332
8494,2025-01-30 11:50:00,East,Fire,1146,4,5,Normal,0,19,11,3,0,24.0,58.0,19.333333333333332
8495,2025-01-30 11:55:00,North,Medical,884,3,11,Severe,0,29,11,3,0,19.0,72.0,24.0
8496,2025-01-30 12:00:00,West,Police,446,2,24,Normal,0,16,12,3,0,29.0,64.0,21.333333333333332
8497,2025-01-30 12:05:00,North,Police,247,2,20,Normal,0,22,12,3,0,16.0,67.0,22.333333333333332
8498,2025-01-30 12:10:00,North,Medical,490,3,15,Normal,0,19,12,3,0,22.0,57.0,19.0
8499,2025-01-30 12:15:00,Central,Fire,1056,4,6,Normal,0,20,12,3,0,19.0,61.0,20.333333333333332
8500,2025-01-30 12:20:00,East,Medical,447,3,9,Normal,0,14,12,3,0,20.0,53.0,17.666666666666668
8501,2025-01-30 12:25:00,Central,Other,197,1,24,Normal,0,22,12,3,0,14.0,56.0,18.666666666666668
8502,2025-01-30 12:30:00,South,Police,614,2,29,Severe,0,43,12,3,0,22.0,79.0,26.333333333333332
8503,2025-01-30 12:35:00,North,Fire,897,4,16,Normal,0,18,12,3,0,43.0,83.0,27.666666666666668
8504,2025-01-30 12:40:00,West,Medical,563,3,27,Normal,0,15,12,3,0,18.0,76.0,25.333333333333332
8505,2025-01-30 12:45:00,South,Medical,500,3,15,Normal,0,16,12,3,0,15.0,49.0,16.333333333333332
8506,2025-01-30 12:50:00,East,Medical,360,3,23,Normal,0,16,12,3,0,16.0,47.0,15.666666666666666
8507,2025-01-30 12:55:00,East,Other,250,1,12,Normal,0,20,12,3,0,16.0,52.0,17.333333333333332
8508,2025-01-30 13:00:00,Central,Other,384,1,17,Normal,0,17,13,3,0,20.0,53.0,17.666666666666668
8509,2025-01-30 13:05:00,North,Medical,653,3,5,Normal,0,22,13,3,0,17.0,59.0,19.666666666666668
8510,2025-01-30 13:10:00,Central,Police,339,2,29,Normal,0,28,13,3,0,22.0,67.0,22.333333333333332
8511,2025-01-30 13:15:00,South,Fire,1070,4,11,Normal,0,24,13,3,0,28.0,74.0,24.666666666666668
8512,2025-01-30 13:20:00,South,Police,692,2,19,Normal,0,20,13,3,0,24.0,72.0,24.0
8513,2025-01-30 13:25:00,East,Other,372,1,27,Normal,0,16,13,3,0,20.0,60.0,20.0
8514,2025-01-30 13:30:00,East,Medical,758,3,8,Normal,1,33,13,3,0,16.0,69.0,23.0
8515,2025-01-30 13:35:00,Central,Other,399,1,23,Normal,0,25,13,3,0,33.0,74.0,24.666666666666668
8516,2025-01-30 13:40:00,South,Fire,1000,4,23,Normal,0,26,13,3,0,25.0,84.0,28.0
8517,2025-01-30 13:45:00,East,Medical,752,3,12,Normal,0,17,13,3,0,26.0,68.0,22.666666666666668
8518,2025-01-30 13:50:00,West,Other,129,1,13,Severe,0,38,13,3,0,17.0,81.0,27.0
8519,2025-01-30 13:55:00,East,Fire,891,4,27,Normal,0,18,13,3,0,38.0,73.0,24.333333333333332
8520,2025-01-30 14:00:00,East,Medical,600,3,11,Normal,0,14,14,3,0,18.0,70.0,23.333333333333332
8521,2025-01-30 14:05:00,North,Police,796,2,29,Normal,0,20,14,3,0,14.0,52.0,17.333333333333332
8522,2025-01-30 14:10:00,Central,Fire,780,4,16,Normal,0,20,14,3,0,20.0,54.0,18.0
8523,2025-01-30 14:15:00,South,Other,397,1,24,Normal,0,24,14,3,0,20.0,64.0,21.333333333333332
8524,2025-01-30 14:20:00,East,Medical,374,3,23,Normal,0,19,14,3,0,24.0,63.0,21.0
8525,2025-01-30 14:25:00,West,Other,271,1,13,Normal,0,19,14,3,0,19.0,62.0,20.666666666666668
8526,2025-01-30 14:30:00,South,Fire,462,4,28,Normal,0,18,14,3,0,19.0,56.0,18.666666666666668
8527,2025-01-30 14:35:00,North,Fire,804,4,27,Normal,0,17,14,3,0,18.0,54.0,18.0
8528,2025-01-30 14:40:00,West,Other,205,1,24,Normal,0,25,14,3,0,17.0,60.0,20.0
8529,2025-01-30 14:45:00,North,Medical,768,3,15,Normal,0,18,14,3,0,25.0,60.0,20.0
8530,2025-01-30 14:50:00,North,Police,389,2,12,Normal,0,21,14,3,0,18.0,64.0,21.333333333333332
8531,2025-01-30 14:55:00,West,Police,642,2,12,Normal,0,15,14,3,0,21.0,54.0,18.0
8532,2025-01-30 15:00:00,Central,Medical,693,3,8,Normal,0,25,15,3,0,15.0,61.0,20.333333333333332
8533,2025-01-30 15:05:00,East,Police,230,2,5,Normal,0,18,15,3,0,25.0,58.0,19.333333333333332
8534,2025-01-30 15:10:00,North,Other,322,1,10,Normal,0,16,15,3,0,18.0,59.0,19.666666666666668
8535,2025-01-30 15:15:00,Central,Medical,690,3,24,Normal,1,40,15,3,0,16.0,74.0,24.666666666666668
8536,2025-01-30 15:20:00,South,Fire,580,4,7,Normal,0,13,15,3,0,40.0,69.0,23.0
8537,2025-01-30 15:25:00,Central,Other,193,1,19,Normal,0,21,15,3,0,13.0,74.0,24.666666666666668
8538,2025-01-30 15:30:00,East,Other,280,1,9,Normal,0,16,15,3,0,21.0,50.0,16.666666666666668
8539,2025-01-30 15:35:00,Central,Police,652,2,15,Normal,0,23,15,3,0,16.0,60.0,20.0
8540,2025-01-30 15:40:00,South,Police,301,2,14,Normal,0,15,15,3,0,23.0,54.0,18.0
8541,2025-01-30 15:45:00,South,Medical,417,3,24,Normal,0,13,15,3,0,15.0,51.0,17.0
8542,2025-01-30 15:50:00,North,Police,625,2,24,Severe,0,48,15,3,0,13.0,76.0,25.333333333333332
8543,2025-01-30 15:55:00,North,Police,579,2,7,Normal,0,22,15,3,0,48.0,83.0,27.666666666666668
8544,2025-01-30 16:00:00,North,Police,384,2,6,Normal,0,16,16,3,0,22.0,86.0,28.666666666666668
8545,2025-01-30 16:05:00,West,Medical,726,3,9,Normal,0,15,16,3,0,16.0,53.0,17.666666666666668
8546,2025-01-30 16:10:00,West,Other,329,1,26,Severe,0,46,16,3,0,15.0,77.0,25.666666666666668
8547,2025-01-30 16:15:00,West,Other,347,1,26,Normal,0,26,16,3,0,46.0,87.0,29.0
8548,2025-01-30 16:20:00,South,Medical,555,3,29,Normal,0,18,16,3,0,26.0,90.0,30.0
8549,2025-01-30 16:25:00,West,Medical,322,3,13,Normal,0,13,16,3,0,18.0,57.0,19.0
8550,2025-01-30 16:30:00,Central,Medical,422,3,28,Normal,0,18,16,3,0,13.0,49.0,16.333333333333332
8551,2025-01-30 16:35:00,North,Medical,402,3,24,Normal,0,13,16,3,0,18.0,44.0,14.666666666666666
8552,2025-01-30 16:40:00,Central,Police,704,2,27,Normal,0,27,16,3,0,13.0,58.0,19.333333333333332
8553,2025-01-30 16:45:00,East,Other,155,1,8,Normal,0,23,16,3,0,27.0,63.0,21.0
8554,2025-01-30 16:50:00,South,Police,394,2,11,Normal,0,18,16,3,0,23.0,68.0,22.666666666666668
8555,2025-01-30 16:55:00,West,Other,220,1,6,Normal,0,26,16,3,0,18.0,67.0,22.333333333333332
8556,2025-01-30 17:00:00,North,Police,792,2,10,Normal,0,25,17,3,0,26.0,69.0,23.0
8557,2025-01-30 17:05:00,West,Medical,545,3,28,Normal,0,17,17,3,0,25.0,68.0,22.666666666666668
8558,2025-01-30 17:10:00,South,Medical,575,3,6,Normal,0,18,17,3,0,17.0,60.0,20.0
8559,2025-01-30 17:15:00,East,Police,726,2,11,Normal,0,14,17,3,0,18.0,49.0,16.333333333333332
8560,2025-01-30 17:20:00,North,Police,693,2,25,Normal,0,14,17,3,0,14.0,46.0,15.333333333333334
8561,2025-01-30 17:25:00,North,Police,299,2,10,Normal,0,24,17,3,0,14.0,52.0,17.333333333333332
8562,2025-01-30 17:30:00,Central,Medical,506,3,23,Normal,0,21,17,3,0,24.0,59.0,19.666666666666668
8563,2025-01-30 17:35:00,Central,Medical,462,3,14,Normal,0,20,17,3,0,21.0,65.0,21.666666666666668
8564,2025-01-30 17:40:00,West,Medical,567,3,15,Normal,0,18,17,3,0,20.0,59.0,19.666666666666668
8565,2025-01-30 17:45:00,North,Other,234,1,29,Normal,0,17,17,3,0,18.0,55.0,18.333333333333332
8566,2025-01-30 17:50:00,West,Other,323,1,18,Normal,0,22,17,3,0,17.0,57.0,19.0
8567,2025-01-30 17:55:00,North,Medical,406,3,9,Normal,0,15,17,3,0,22.0,54.0,18.0
8568,2025-01-30 18:00:00,East,Other,157,1,18,Normal,0,26,18,3,0,15.0,63.0,21.0
8569,2025-01-30 18:05:00,East,Medical,791,3,5,Normal,0,33,18,3,0,26.0,74.0,24.666666666666668
8570,2025-01-30 18:10:00,Central,Medical,352,3,11,Normal,0,23,18,3,0,33.0,82.0,27.333333333333332
8571,2025-01-30 18:15:00,South,Other,170,1,29,Normal,0,25,18,3,0,23.0,81.0,27.0
8572,2025-01-30 18:20:00,South,Medical,470,3,10,Normal,0,26,18,3,0,25.0,74.0,24.666666666666668
8573,2025-01-30 18:25:00,West,Medical,811,3,11,Normal,0,28,18,3,0,26.0,79.0,26.333333333333332
8574,2025-01-30 18:30:00,East,Medical,876,3,6,Normal,0,35,18,3,0,28.0,89.0,29.666666666666668
8575,2025-01-30 18:35:00,West,Other,214,1,12,Normal,0,36,18,3,0,35.0,99.0,33.0
8576,2025-01-30 18:40:00,North,Police,635,2,7,Normal,0,33,18,3,0,36.0,104.0,34.666666666666664
8577,2025-01-30 18:45:00,East,Police,364,2,23,Normal,0,31,18,3,0,33.0,100.0,33.333333333333336
8578,2025-01-30 18:50:00,West,Medical,790,3,26,Normal,0,35,18,3,0,31.0,99.0,33.0
8579,2025-01-30 18:55:00,Central,Fire,1083,4,26,Normal,0,35,18,3,0,35.0,101.0,33.666666666666664
8580,2025-01-30 19:00:00,East,Medical,406,3,9,Normal,0,37,19,3,0,35.0,107.0,35.666666666666664
8581,2025-01-30 19:05:00,West,Other,232,1,15,Severe,0,52,19,3,0,37.0,124.0,41.333333333333336
8582,2025-01-30 19:10:00,South,Other,233,1,25,Severe,0,46,19,3,0,52.0,135.0,45.0
8583,2025-01-30 19:15:00,East,Medical,812,3,19,Normal,0,20,19,3,0,46.0,118.0,39.333333333333336
8584,2025-01-30 19:20:00,North,Police,475,2,8,Normal,0,38,19,3,0,20.0,104.0,34.666666666666664
8585,2025-01-30 19:25:00,South,Police,508,2,24,Normal,0,34,19,3,0,38.0,92.0,30.666666666666668
8586,2025-01-30 19:30:00,North,Other,291,1,7,Normal,0,23,19,3,0,34.0,95.0,31.666666666666668
8587,2025-01-30 19:35:00,South,Police,560,2,22,Normal,0,26,19,3,0,23.0,83.0,27.666666666666668
8588,2025-01-30 19:40:00,East,Medical,727,3,26,Normal,0,31,19,3,0,26.0,80.0,26.666666666666668
8589,2025-01-30 19:45:00,East,Police,624,2,15,Severe,0,52,19,3,0,31.0,109.0,36.333333333333336
8590,2025-01-30 19:50:00,West,Fire,631,4,17,Normal,0,29,19,3,0,52.0,112.0,37.333333333333336
8591,2025-01-30 19:55:00,North,Police,474,2,20,Normal,0,23,19,3,0,29.0,104.0,34.666666666666664
8592,2025-01-30 20:00:00,West,Police,604,2,9,Normal,0,29,20,3,0,23.0,81.0,27.0
8593,2025-01-30 20:05:00,West,Medical,821,3,11,Normal,0,39,20,3,0,29.0,91.0,30.333333333333332
8594,2025-01-30 20:10:00,Central,Police,615,2,7,Severe,0,47,20,3,0,39.0,115.0,38.333333333333336
8595,2025-01-30 20:15:00,East,Fire,1167,4,7,Severe,0,38,20,3,0,47.0,124.0,41.333333333333336
8596,2025-01-30 20:20:00,West,Police,256,2,29,Normal,0,30,20,3,0,38.0,115.0,38.333333333333336
8597,2025-01-30 20:25:00,Central,Police,371,2,28,Normal,0,19,20,3,0,30.0,87.0,29.0
8598,2025-01-30 20:30:00,Central,Police,676,2,7,Normal,0,26,20,3,0,19.0,75.0,25.0
8599,2025-01-30 20:35:00,South,Police,278,2,20,Severe,0,60,20,3,0,26.0,105.0,35.0
8600,2025-01-30 20:40:00,West,Fire,647,4,24,Normal,0,35,20,3,0,60.0,121.0,40.333333333333336
8601,2025-01-30 20:45:00,West,Police,362,2,15,Normal,0,24,20,3,0,35.0,119.0,39.666666666666664
8602,2025-01-30 20:50:00,South,Medical,385,3,11,Normal,0,21,20,3,0,24.0,80.0,26.666666666666668
8603,2025-01-30 20:55:00,South,Fire,1080,4,9,Severe,1,60,20,3,0,21.0,105.0,35.0
8604,2025-01-30 21:00:00,West,Medical,483,3,26,Normal,0,24,21,3,0,60.0,105.0,35.0
8605,2025-01-30 21:05:00,North,Police,774,2,18,Normal,0,24,21,3,0,24.0,108.0,36.0
8606,2025-01-30 21:10:00,South,Police,275,2,19,Normal,0,26,21,3,0,24.0,74.0,24.666666666666668
8607,2025-01-30 21:15:00,South,Police,607,2,21,Normal,0,23,21,3,0,26.0,73.0,24.333333333333332
8608,2025-01-30 21:20:00,North,Other,133,1,14,Normal,0,32,21,3,0,23.0,81.0,27.0
8609,2025-01-30 21:25:00,Central,Medical,378,3,7,Normal,0,15,21,3,0,32.0,70.0,23.333333333333332
8610,2025-01-30 21:30:00,East,Police,487,2,24,Normal,0,16,21,3,0,15.0,63.0,21.0
8611,2025-01-30 21:35:00,Central,Medical,605,3,25,Normal,0,17,21,3,0,16.0,48.0,16.0
8612,2025-01-30 21:40:00,South,Medical,792,3,24,Severe,0,36,21,3,0,17.0,69.0,23.0
8613,2025-01-30 21:45:00,South,Other,198,1,8,Normal,0,13,21,3,0,36.0,66.0,22.0
8614,2025-01-30 21:50:00,North,Other,204,1,6,Normal,0,16,21,3,0,13.0,65.0,21.666666666666668
8615,2025-01-30 21:55:00,Central,Police,717,2,10,Normal,0,25,21,3,0,16.0,54.0,18.0
8616,2025-01-30 22:00:00,Central,Fire,997,4,26,Normal,0,12,22,3,0,25.0,53.0,17.666666666666668
8617,2025-01-30 22:05:00,East,Fire,1026,4,22,Normal,0,19,22,3,0,12.0,56.0,18.666666666666668
8618,2025-01-30 22:10:00,East,Police,761,2,28,Severe,0,39,22,3,0,19.0,70.0,23.333333333333332
8619,2025-01-30 22:15:00,West,Medical,890,3,28,Normal,0,11,22,3,0,39.0,69.0,23.0
8620,2025-01-30 22:20:00,North,Medical,348,3,23,Normal,0,21,22,3,0,11.0,71.0,23.666666666666668
8621,2025-01-30 22:25:00,North,Medical,800,3,29,Normal,0,31,22,3,0,21.0,63.0,21.0
8622,2025-01-30 22:30:00,South,Other,380,1,8,Normal,0,15,22,3,0,31.0,67.0,22.333333333333332
8623,2025-01-30 22:35:00,East,Fire,886,4,10,Normal,0,21,22,3,0,15.0,67.0,22.333333333333332
8624,2025-01-30 22:40:00,North,Other,131,1,5,Normal,0,20,22,3,0,21.0,56.0,18.666666666666668
8625,2025-01-30 22:45:00,North,Other,150,1,6,Normal,0,22,22,3,0,20.0,63.0,21.0
8626,2025-01-30 22:50:00,South,Police,582,2,7,Normal,0,18,22,3,0,22.0,60.0,20.0
8627,2025-01-30 22:55:00,North,Other,196,1,24,Normal,0,22,22,3,0,18.0,62.0,20.666666666666668
8628,2025-01-30 23:00:00,West,Fire,924,4,28,Normal,1,35,23,3,0,22.0,75.0,25.0
8629,2025-01-30 23:05:00,East,Medical,463,3,14,Normal,0,15,23,3,0,35.0,72.0,24.0
8630,2025-01-30 23:10:00,North,Other,296,1,13,Normal,0,22,23,3,0,15.0,72.0,24.0
8631,2025-01-30 23:15:00,East,Fire,1109,4,14,Normal,0,22,23,3,0,22.0,59.0,19.666666666666668
8632,2025-01-30 23:20:00,East,Medical,421,3,20,Normal,0,25,23,3,0,22.0,69.0,23.0
8633,2025-01-30 23:25:00,North,Police,374,2,13,Normal,0,16,23,3,0,25.0,63.0,21.0
8634,2025-01-30 23:30:00,North,Fire,442,4,25,Normal,0,20,23,3,0,16.0,61.0,20.333333333333332
8635,2025-01-30 23:35:00,Central,Medical,344,3,22,Normal,0,17,23,3,0,20.0,53.0,17.666666666666668
8636,2025-01-30 23:40:00,South,Medical,599,3,29,Normal,0,27,23,3,0,17.0,64.0,21.333333333333332
8637,2025-01-30 23:45:00,West,Medical,471,3,9,Normal,0,22,23,3,0,27.0,66.0,22.0
8638,2025-01-30 23:50:00,Central,Medical,672,3,16,Normal,0,19,23,3,0,22.0,68.0,22.666666666666668
8639,2025-01-30 23:55:00,North,Medical,496,3,6,Normal,0,31,23,3,0,19.0,72.0,24.0
